timestamp,epoch,step_in_epoch,steps_per_epoch,global_step,loss
2026-05-17T03:12:51Z,0,1,20976,0,12.2913
2026-05-17T03:14:23Z,0,11,20976,10,14.3069
2026-05-17T03:16:22Z,0,21,20976,20,11.3236
2026-05-17T03:18:32Z,0,31,20976,30,12.1414
2026-05-17T03:20:45Z,0,41,20976,40,11.8952
2026-05-17T03:22:56Z,0,51,20976,50,11.5206
2026-05-17T03:24:44Z,0,61,20976,60,10.7256
2026-05-17T03:26:16Z,0,71,20976,70,11.8309
2026-05-17T03:27:57Z,0,81,20976,80,11.2141
2026-05-17T03:29:31Z,0,91,20976,90,10.9324
2026-05-17T03:32:16Z,0,101,20976,100,11.4519
2026-05-17T03:34:33Z,0,111,20976,110,10.9216
2026-05-17T03:36:30Z,0,121,20976,120,9.105
2026-05-17T03:39:39Z,0,131,20976,130,10.189
2026-05-17T03:41:24Z,0,141,20976,140,9.5306
2026-05-17T03:43:49Z,0,151,20976,150,9.2646
2026-05-17T03:45:57Z,0,161,20976,160,9.3543
2026-05-17T03:47:37Z,0,171,20976,170,9.3073
2026-05-17T03:49:24Z,0,181,20976,180,8.8092
2026-05-17T03:51:29Z,0,191,20976,190,9.3673
2026-05-17T03:53:33Z,0,201,20976,200,9.4007
2026-05-17T03:56:18Z,0,211,20976,210,9.5793
2026-05-17T03:58:59Z,0,221,20976,220,9.9345
2026-05-17T04:01:11Z,0,231,20976,230,8.8208
2026-05-17T04:04:18Z,0,241,20976,240,9.5291
2026-05-17T04:06:08Z,0,251,20976,250,8.6582
2026-05-17T04:08:41Z,0,261,20976,260,9.1655
2026-05-17T04:12:08Z,0,271,20976,270,8.9448
2026-05-17T04:14:18Z,0,281,20976,280,9.2027
2026-05-17T04:17:07Z,0,291,20976,290,9.3636
2026-05-17T04:20:11Z,0,301,20976,300,10.0777
2026-05-17T04:21:39Z,0,311,20976,310,9.0457
2026-05-17T04:23:36Z,0,321,20976,320,9.2117
2026-05-17T04:26:29Z,0,331,20976,330,8.9668
2026-05-17T04:28:59Z,0,341,20976,340,9.329
2026-05-17T04:30:55Z,0,351,20976,350,8.6655
2026-05-17T04:33:08Z,0,361,20976,360,8.535
2026-05-17T04:35:43Z,0,371,20976,370,9.0226
2026-05-17T04:37:21Z,0,381,20976,380,8.7506
2026-05-17T04:39:10Z,0,391,20976,390,8.4858
2026-05-17T04:41:06Z,0,401,20976,400,8.2784
2026-05-17T04:45:33Z,0,411,20976,410,7.488
2026-05-17T04:48:54Z,0,421,20976,420,9.0588
2026-05-17T04:50:25Z,0,431,20976,430,9.406
2026-05-17T04:51:52Z,0,441,20976,440,8.3966
2026-05-17T04:55:31Z,0,451,20976,450,9.0729
2026-05-17T04:57:25Z,0,461,20976,460,8.7368
2026-05-17T04:59:28Z,0,471,20976,470,8.5984
2026-05-17T05:03:42Z,0,481,20976,480,8.5697
2026-05-17T05:05:33Z,0,491,20976,490,8.5496
2026-05-17T05:08:00Z,0,501,20976,500,7.0016
2026-05-17T05:09:56Z,0,511,20976,510,8.7602
2026-05-17T05:12:02Z,0,521,20976,520,8.7245
2026-05-17T05:14:02Z,0,531,20976,530,8.7791
2026-05-17T05:16:02Z,0,541,20976,540,8.1786
2026-05-17T05:18:06Z,0,551,20976,550,7.4869
2026-05-17T05:19:44Z,0,561,20976,560,8.3576
2026-05-17T05:22:48Z,0,571,20976,570,8.3083
2026-05-17T05:26:33Z,0,581,20976,580,8.8275
2026-05-17T05:29:35Z,0,591,20976,590,8.145
2026-05-17T05:31:44Z,0,601,20976,600,8.0299
2026-05-17T05:34:37Z,0,611,20976,610,8.7928
2026-05-17T05:37:07Z,0,621,20976,620,8.6526
2026-05-17T05:39:27Z,0,631,20976,630,7.7697
2026-05-17T05:41:55Z,0,641,20976,640,8.1674
2026-05-17T05:44:24Z,0,651,20976,650,8.3804
2026-05-17T05:46:30Z,0,661,20976,660,8.2559
2026-05-17T05:48:26Z,0,671,20976,670,8.7318
2026-05-17T05:50:39Z,0,681,20976,680,7.7308
2026-05-17T05:52:49Z,0,691,20976,690,7.6255
2026-05-17T05:56:05Z,0,701,20976,700,8.2598
2026-05-17T05:58:12Z,0,711,20976,710,8.4458
2026-05-17T06:00:13Z,0,721,20976,720,8.2959
2026-05-17T06:03:25Z,0,731,20976,730,7.8522
2026-05-17T06:05:33Z,0,741,20976,740,8.616
2026-05-17T06:07:28Z,0,751,20976,750,8.3836
2026-05-17T06:10:30Z,0,761,20976,760,8.1534
2026-05-17T06:12:28Z,0,771,20976,770,8.8095
2026-05-17T06:15:24Z,0,781,20976,780,8.7337
2026-05-17T06:17:43Z,0,791,20976,790,7.6702
2026-05-17T06:19:40Z,0,801,20976,800,8.1081
2026-05-17T06:22:12Z,0,811,20976,810,8.2837
2026-05-17T06:24:07Z,0,821,20976,820,8.3063
2026-05-17T06:26:44Z,0,831,20976,830,7.9688
2026-05-17T06:28:57Z,0,841,20976,840,8.3715
2026-05-17T06:31:06Z,0,851,20976,850,8.466
2026-05-17T06:33:59Z,0,861,20976,860,8.5083
2026-05-17T06:36:35Z,0,871,20976,870,7.3808
2026-05-17T06:38:14Z,0,881,20976,880,8.2615
2026-05-17T06:40:38Z,0,891,20976,890,7.7985
2026-05-17T06:42:27Z,0,901,20976,900,7.7059
2026-05-17T06:44:02Z,0,911,20976,910,7.4498
2026-05-17T06:45:54Z,0,921,20976,920,7.7775
2026-05-17T06:49:04Z,0,931,20976,930,8.4511
2026-05-17T06:50:53Z,0,941,20976,940,7.7047
2026-05-17T06:53:45Z,0,951,20976,950,8.7413
2026-05-17T06:55:47Z,0,961,20976,960,8.0629
2026-05-17T06:59:26Z,0,971,20976,970,7.5521
2026-05-17T07:01:30Z,0,981,20976,980,8.2152
2026-05-17T07:03:57Z,0,991,20976,990,9.1489
2026-05-17T07:07:00Z,0,1001,20976,1000,8.5019
2026-05-17T07:08:43Z,0,1011,20976,1010,7.5306
2026-05-17T07:10:49Z,0,1021,20976,1020,7.7125
2026-05-17T07:13:43Z,0,1031,20976,1030,8.7703
2026-05-17T07:17:40Z,0,1041,20976,1040,8.3312
2026-05-17T07:20:49Z,0,1051,20976,1050,8.1054
2026-05-17T07:23:21Z,0,1061,20976,1060,7.7795
2026-05-17T07:25:15Z,0,1071,20976,1070,8.0309
2026-05-17T07:28:09Z,0,1081,20976,1080,8.0749
2026-05-17T07:30:37Z,0,1091,20976,1090,7.7645
2026-05-17T07:33:22Z,0,1101,20976,1100,7.8449
2026-05-17T07:35:47Z,0,1111,20976,1110,8.4972
2026-05-17T07:38:41Z,0,1121,20976,1120,8.6713
2026-05-17T07:41:45Z,0,1131,20976,1130,9.0498
2026-05-17T07:44:51Z,0,1141,20976,1140,8.0428
2026-05-17T07:48:06Z,0,1151,20976,1150,9.0896
2026-05-17T07:50:29Z,0,1161,20976,1160,8.6295
2026-05-17T07:52:52Z,0,1171,20976,1170,8.5623
2026-05-17T07:55:04Z,0,1181,20976,1180,7.693
2026-05-17T07:57:42Z,0,1191,20976,1190,8.4032
2026-05-17T07:59:49Z,0,1201,20976,1200,8.8652
2026-05-17T08:02:55Z,0,1211,20976,1210,8.5612
2026-05-17T08:04:45Z,0,1221,20976,1220,8.1825
2026-05-17T08:08:06Z,0,1231,20976,1230,8.3938
2026-05-17T08:10:01Z,0,1241,20976,1240,7.8298
2026-05-17T08:12:41Z,0,1251,20976,1250,7.9509
2026-05-17T08:15:13Z,0,1261,20976,1260,8.2162
2026-05-17T08:17:22Z,0,1271,20976,1270,8.5753
2026-05-17T08:20:10Z,0,1281,20976,1280,7.8837
2026-05-17T08:22:43Z,0,1291,20976,1290,7.8677
2026-05-17T08:25:55Z,0,1301,20976,1300,8.7097
2026-05-17T08:28:07Z,0,1311,20976,1310,7.9901
2026-05-17T08:32:15Z,0,1321,20976,1320,7.6652
2026-05-17T08:34:30Z,0,1331,20976,1330,8.1556
2026-05-17T08:37:31Z,0,1341,20976,1340,8.4725
2026-05-17T08:40:55Z,0,1351,20976,1350,8.195
2026-05-17T08:42:59Z,0,1361,20976,1360,8.3077
2026-05-17T08:46:14Z,0,1371,20976,1370,8.4283
2026-05-17T08:48:28Z,0,1381,20976,1380,7.4989
2026-05-17T08:50:53Z,0,1391,20976,1390,8.7373
2026-05-17T08:53:13Z,0,1401,20976,1400,8.8714
2026-05-17T08:55:20Z,0,1411,20976,1410,7.7433
2026-05-17T08:57:25Z,0,1421,20976,1420,8.2203
2026-05-17T09:00:52Z,0,1431,20976,1430,8.8308
2026-05-17T09:02:45Z,0,1441,20976,1440,8.5356
2026-05-17T09:05:08Z,0,1451,20976,1450,8.3362
2026-05-17T09:08:06Z,0,1461,20976,1460,7.5775
2026-05-17T09:11:17Z,0,1471,20976,1470,8.2405
2026-05-17T09:13:51Z,0,1481,20976,1480,7.3697
2026-05-17T09:16:02Z,0,1491,20976,1490,8.7405
2026-05-17T09:18:41Z,0,1501,20976,1500,7.7824
2026-05-17T09:21:29Z,0,1511,20976,1510,8.2342
2026-05-17T09:23:40Z,0,1521,20976,1520,8.126
2026-05-17T09:27:45Z,0,1531,20976,1530,8.1573
2026-05-17T09:30:09Z,0,1541,20976,1540,7.6506
2026-05-17T09:33:26Z,0,1551,20976,1550,8.6221
2026-05-17T09:35:57Z,0,1561,20976,1560,8.1033
2026-05-17T09:38:09Z,0,1571,20976,1570,8.0666
2026-05-17T09:41:22Z,0,1581,20976,1580,8.7112
2026-05-17T09:44:10Z,0,1591,20976,1590,8.445
2026-05-17T09:47:35Z,0,1601,20976,1600,8.4406
2026-05-17T09:49:20Z,0,1611,20976,1610,7.8171
2026-05-17T09:52:19Z,0,1621,20976,1620,8.5761
2026-05-17T09:54:25Z,0,1631,20976,1630,8.6095
2026-05-17T09:57:38Z,0,1641,20976,1640,9.0849
2026-05-17T09:59:43Z,0,1651,20976,1650,7.7002
2026-05-17T10:02:10Z,0,1661,20976,1660,8.5006
2026-05-17T10:05:36Z,0,1671,20976,1670,8.4972
2026-05-17T10:07:54Z,0,1681,20976,1680,7.9972
2026-05-17T10:10:16Z,0,1691,20976,1690,8.5679
2026-05-17T10:14:22Z,0,1701,20976,1700,7.1574
2026-05-17T10:16:00Z,0,1711,20976,1710,7.9285
2026-05-17T10:19:11Z,0,1721,20976,1720,7.7886
2026-05-17T10:24:06Z,0,1731,20976,1730,8.6299
2026-05-17T10:26:14Z,0,1741,20976,1740,7.7156
2026-05-17T10:28:14Z,0,1751,20976,1750,8.0806
2026-05-17T10:31:19Z,0,1761,20976,1760,7.5434
2026-05-17T10:35:31Z,0,1771,20976,1770,8.8875
2026-05-17T10:38:05Z,0,1781,20976,1780,7.8063
2026-05-17T10:40:08Z,0,1791,20976,1790,8.3832
2026-05-17T10:42:52Z,0,1801,20976,1800,7.9547
2026-05-17T10:45:18Z,0,1811,20976,1810,8.1383
2026-05-17T10:47:45Z,0,1821,20976,1820,8.5339
2026-05-17T10:51:05Z,0,1831,20976,1830,7.1942
2026-05-17T10:54:41Z,0,1841,20976,1840,8.0306
2026-05-17T10:56:39Z,0,1851,20976,1850,7.7649
2026-05-17T11:00:02Z,0,1861,20976,1860,8.7276
2026-05-17T11:02:27Z,0,1871,20976,1870,8.2833
2026-05-17T11:04:34Z,0,1881,20976,1880,7.8032
2026-05-17T11:07:58Z,0,1891,20976,1890,8.6063
2026-05-17T11:10:45Z,0,1901,20976,1900,7.797
2026-05-17T11:13:59Z,0,1911,20976,1910,8.3867
2026-05-17T11:16:53Z,0,1921,20976,1920,8.539
2026-05-17T11:19:59Z,0,1931,20976,1930,8.3587
2026-05-17T11:23:11Z,0,1941,20976,1940,8.3175
2026-05-17T11:25:54Z,0,1951,20976,1950,7.5548
2026-05-17T11:28:20Z,0,1961,20976,1960,8.7612
2026-05-17T11:31:16Z,0,1971,20976,1970,8.3953
2026-05-17T11:33:40Z,0,1981,20976,1980,8.6088
2026-05-17T11:35:31Z,0,1991,20976,1990,8.2013
2026-05-17T11:38:19Z,0,2001,20976,2000,7.7245
2026-05-17T11:40:07Z,0,2011,20976,2010,7.9885
2026-05-17T11:42:31Z,0,2021,20976,2020,7.7723
2026-05-17T11:45:29Z,0,2031,20976,2030,8.1417
2026-05-17T11:47:46Z,0,2041,20976,2040,8.1263
2026-05-17T11:49:48Z,0,2051,20976,2050,7.875
2026-05-17T11:52:14Z,0,2061,20976,2060,8.1201
2026-05-17T11:55:02Z,0,2071,20976,2070,7.8024
2026-05-17T11:57:17Z,0,2081,20976,2080,7.2503
2026-05-17T12:00:05Z,0,2091,20976,2090,8.5314
2026-05-17T12:02:57Z,0,2101,20976,2100,8.2181
2026-05-17T12:05:44Z,0,2111,20976,2110,8.2782
2026-05-17T12:08:55Z,0,2121,20976,2120,8.2463
2026-05-17T12:11:39Z,0,2131,20976,2130,8.551
2026-05-17T12:14:26Z,0,2141,20976,2140,8.5686
2026-05-17T12:16:36Z,0,2151,20976,2150,8.4078
2026-05-17T12:18:35Z,0,2161,20976,2160,7.9018
2026-05-17T12:20:43Z,0,2171,20976,2170,7.8905
2026-05-17T12:23:22Z,0,2181,20976,2180,7.5788
2026-05-17T12:27:10Z,0,2191,20976,2190,7.8013
2026-05-17T12:29:01Z,0,2201,20976,2200,8.2825
2026-05-17T12:32:46Z,0,2211,20976,2210,8.1409
2026-05-17T12:35:47Z,0,2221,20976,2220,7.8439
2026-05-17T12:37:53Z,0,2231,20976,2230,6.7931
2026-05-17T12:39:43Z,0,2241,20976,2240,8.2766
2026-05-17T12:41:29Z,0,2251,20976,2250,8.2675
2026-05-17T12:45:06Z,0,2261,20976,2260,7.7306
2026-05-17T12:46:59Z,0,2271,20976,2270,7.9891
2026-05-17T12:49:23Z,0,2281,20976,2280,8.0543
2026-05-17T12:51:30Z,0,2291,20976,2290,7.7733
2026-05-17T12:54:14Z,0,2301,20976,2300,8.1072
2026-05-17T12:56:25Z,0,2311,20976,2310,7.4103
2026-05-17T12:58:19Z,0,2321,20976,2320,7.3884
2026-05-17T13:01:11Z,0,2331,20976,2330,8.3057
2026-05-17T13:03:24Z,0,2341,20976,2340,7.3144
2026-05-17T13:05:29Z,0,2351,20976,2350,7.5052
2026-05-17T13:08:18Z,0,2361,20976,2360,7.9575
2026-05-17T13:10:28Z,0,2371,20976,2370,8.0887
2026-05-17T13:12:54Z,0,2381,20976,2380,7.6441
2026-05-17T13:15:11Z,0,2391,20976,2390,8.0718
2026-05-17T13:16:58Z,0,2401,20976,2400,7.5845
2026-05-17T13:19:01Z,0,2411,20976,2410,7.6649
2026-05-17T13:22:24Z,0,2421,20976,2420,7.8645
2026-05-17T13:23:58Z,0,2431,20976,2430,7.8405
2026-05-17T13:25:51Z,0,2441,20976,2440,7.0009
2026-05-17T13:28:28Z,0,2451,20976,2450,7.4587
2026-05-17T13:30:40Z,0,2461,20976,2460,8.2432
2026-05-17T13:33:20Z,0,2471,20976,2470,7.2422
2026-05-17T13:36:51Z,0,2481,20976,2480,8.2433
2026-05-17T13:39:15Z,0,2491,20976,2490,7.8027
2026-05-17T13:42:10Z,0,2501,20976,2500,7.9241
2026-05-17T13:44:37Z,0,2511,20976,2510,8.7754
2026-05-17T13:46:50Z,0,2521,20976,2520,7.7052
2026-05-17T13:49:14Z,0,2531,20976,2530,8.491
2026-05-17T13:51:54Z,0,2541,20976,2540,8.4189
2026-05-17T13:54:15Z,0,2551,20976,2550,8.1046
2026-05-17T13:57:41Z,0,2561,20976,2560,8.2341
2026-05-17T14:01:00Z,0,2571,20976,2570,8.4565
2026-05-17T14:03:36Z,0,2581,20976,2580,8.0232
2026-05-17T14:06:13Z,0,2591,20976,2590,8.0332
2026-05-17T14:08:46Z,0,2601,20976,2600,8.3044
2026-05-17T14:11:32Z,0,2611,20976,2610,7.1649
2026-05-17T14:14:16Z,0,2621,20976,2620,8.4306
2026-05-17T14:17:56Z,0,2631,20976,2630,8.3772
2026-05-17T14:21:06Z,0,2641,20976,2640,7.234
2026-05-17T14:23:17Z,0,2651,20976,2650,7.9162
2026-05-17T14:26:30Z,0,2661,20976,2660,7.2154
2026-05-17T14:28:31Z,0,2671,20976,2670,7.41
2026-05-17T14:31:18Z,0,2681,20976,2680,7.7971
2026-05-17T14:33:31Z,0,2691,20976,2690,7.516
2026-05-17T14:35:57Z,0,2701,20976,2700,7.5324
2026-05-17T14:39:00Z,0,2711,20976,2710,7.5444
2026-05-17T14:41:56Z,0,2721,20976,2720,8.5578
2026-05-17T14:44:00Z,0,2731,20976,2730,8.0212
2026-05-17T14:46:05Z,0,2741,20976,2740,8.1303
2026-05-17T14:49:04Z,0,2751,20976,2750,7.8463
2026-05-17T14:52:45Z,0,2761,20976,2760,8.06
2026-05-17T14:54:50Z,0,2771,20976,2770,7.0978
2026-05-17T14:57:30Z,0,2781,20976,2780,7.3751
2026-05-17T14:59:43Z,0,2791,20976,2790,7.8353
2026-05-17T15:02:29Z,0,2801,20976,2800,7.8368
2026-05-17T15:04:56Z,0,2811,20976,2810,7.6712
2026-05-17T15:06:57Z,0,2821,20976,2820,7.8571
2026-05-17T15:09:07Z,0,2831,20976,2830,8.1014
2026-05-17T15:11:23Z,0,2841,20976,2840,8.2405
2026-05-17T15:13:48Z,0,2851,20976,2850,8.4457
2026-05-17T15:16:13Z,0,2861,20976,2860,7.989
2026-05-17T15:18:43Z,0,2871,20976,2870,8.2954
2026-05-17T15:22:57Z,0,2881,20976,2880,8.0842
2026-05-17T15:25:12Z,0,2891,20976,2890,7.8339
2026-05-17T15:27:55Z,0,2901,20976,2900,8.0941
2026-05-17T15:30:47Z,0,2911,20976,2910,7.2603
2026-05-17T15:32:42Z,0,2921,20976,2920,8.255
2026-05-17T15:35:10Z,0,2931,20976,2930,8.0097
2026-05-17T15:37:02Z,0,2941,20976,2940,8.2236
2026-05-17T15:38:46Z,0,2951,20976,2950,8.2679
2026-05-17T15:42:08Z,0,2961,20976,2960,7.4498
2026-05-17T15:44:51Z,0,2971,20976,2970,7.4404
2026-05-17T15:47:39Z,0,2981,20976,2980,8.4553
2026-05-17T15:50:35Z,0,2991,20976,2990,7.5273
2026-05-17T15:54:12Z,0,3001,20976,3000,8.1084
2026-05-17T15:57:33Z,0,3011,20976,3010,7.3168
2026-05-17T15:59:28Z,0,3021,20976,3020,8.7602
2026-05-17T16:01:38Z,0,3031,20976,3030,8.561
2026-05-17T16:04:14Z,0,3041,20976,3040,7.6097
2026-05-17T16:06:15Z,0,3051,20976,3050,7.7323
2026-05-17T16:08:38Z,0,3061,20976,3060,8.0112
2026-05-17T16:11:29Z,0,3071,20976,3070,8.1197
2026-05-17T16:15:32Z,0,3081,20976,3080,7.1438
2026-05-17T16:18:16Z,0,3091,20976,3090,7.6342
2026-05-17T16:20:42Z,0,3101,20976,3100,7.9829
2026-05-17T16:23:15Z,0,3111,20976,3110,8.2455
2026-05-17T16:26:08Z,0,3121,20976,3120,7.4575
2026-05-17T16:28:03Z,0,3131,20976,3130,7.0257
2026-05-17T16:30:56Z,0,3141,20976,3140,7.8646
2026-05-17T16:33:01Z,0,3151,20976,3150,7.8692
2026-05-17T16:35:15Z,0,3161,20976,3160,7.8795
2026-05-17T16:37:41Z,0,3171,20976,3170,8.0964
2026-05-17T16:40:32Z,0,3181,20976,3180,8.166
2026-05-17T16:43:14Z,0,3191,20976,3190,8.4793
2026-05-17T16:45:56Z,0,3201,20976,3200,8.0114
2026-05-17T16:48:09Z,0,3211,20976,3210,8.0553
2026-05-17T16:50:25Z,0,3221,20976,3220,7.422
2026-05-17T16:54:43Z,0,3231,20976,3230,8.411
2026-05-17T16:58:11Z,0,3241,20976,3240,7.2956
2026-05-17T17:00:23Z,0,3251,20976,3250,7.4692
2026-05-17T17:04:24Z,0,3261,20976,3260,7.6239
2026-05-17T17:07:03Z,0,3271,20976,3270,7.9646
2026-05-17T17:10:18Z,0,3281,20976,3280,7.746
2026-05-17T17:13:37Z,0,3291,20976,3290,8.7906
2026-05-17T17:16:17Z,0,3301,20976,3300,7.5874
2026-05-17T17:18:50Z,0,3311,20976,3310,7.4777
2026-05-17T17:20:38Z,0,3321,20976,3320,7.0899
2026-05-17T17:23:14Z,0,3331,20976,3330,7.7289
2026-05-17T17:25:12Z,0,3341,20976,3340,8.1157
2026-05-17T17:29:24Z,0,3351,20976,3350,8.2829
2026-05-17T17:32:17Z,0,3361,20976,3360,8.1813
2026-05-17T17:34:59Z,0,3371,20976,3370,8.3772
2026-05-17T17:38:23Z,0,3381,20976,3380,8.1578
2026-05-17T17:40:57Z,0,3391,20976,3390,7.3833
2026-05-17T17:44:26Z,0,3401,20976,3400,8.3444
2026-05-17T17:47:14Z,0,3411,20976,3410,8.2816
2026-05-17T17:50:20Z,0,3421,20976,3420,7.4821
2026-05-17T17:52:33Z,0,3431,20976,3430,7.5589
2026-05-17T17:54:56Z,0,3441,20976,3440,8.5119
2026-05-17T17:57:05Z,0,3451,20976,3450,6.8312
2026-05-17T18:00:23Z,0,3461,20976,3460,8.1633
2026-05-17T18:03:54Z,0,3471,20976,3470,7.6379
2026-05-17T18:07:09Z,0,3481,20976,3480,8.0963
2026-05-17T18:09:42Z,0,3491,20976,3490,8.0599
2026-05-17T18:12:51Z,0,3501,20976,3500,7.7156
2026-05-17T18:15:33Z,0,3511,20976,3510,7.868
2026-05-17T18:17:55Z,0,3521,20976,3520,7.9488
2026-05-17T18:20:34Z,0,3531,20976,3530,8.6895
2026-05-17T18:22:43Z,0,3541,20976,3540,7.2743
2026-05-17T18:25:48Z,0,3551,20976,3550,8.156
2026-05-17T18:28:10Z,0,3561,20976,3560,7.8559
2026-05-17T18:31:33Z,0,3571,20976,3570,7.4965
2026-05-17T18:34:50Z,0,3581,20976,3580,7.9021
2026-05-17T18:37:23Z,0,3591,20976,3590,7.2714
2026-05-17T18:39:16Z,0,3601,20976,3600,7.5471
2026-05-17T18:42:06Z,0,3611,20976,3610,7.7774
2026-05-17T18:46:06Z,0,3621,20976,3620,7.7758
2026-05-17T18:49:35Z,0,3631,20976,3630,7.7135
2026-05-17T18:52:57Z,0,3641,20976,3640,7.2125
2026-05-17T18:54:59Z,0,3651,20976,3650,7.745
2026-05-17T18:57:29Z,0,3661,20976,3660,7.3136
2026-05-17T19:00:56Z,0,3671,20976,3670,8.2337
2026-05-17T19:02:50Z,0,3681,20976,3680,7.8374
2026-05-17T19:05:15Z,0,3691,20976,3690,7.6503
2026-05-17T19:07:27Z,0,3701,20976,3700,7.747
2026-05-17T19:09:47Z,0,3711,20976,3710,7.7603
2026-05-17T19:12:14Z,0,3721,20976,3720,8.0012
2026-05-17T19:14:40Z,0,3731,20976,3730,7.2803
2026-05-17T19:18:29Z,0,3741,20976,3740,8.2207
2026-05-17T19:21:15Z,0,3751,20976,3750,6.9069
2026-05-17T19:23:54Z,0,3761,20976,3760,7.7155
2026-05-17T19:26:01Z,0,3771,20976,3770,7.5069
2026-05-17T19:28:09Z,0,3781,20976,3780,7.5064
2026-05-17T19:30:25Z,0,3791,20976,3790,7.7636
2026-05-17T19:34:03Z,0,3801,20976,3800,7.3987
2026-05-17T19:37:01Z,0,3811,20976,3810,7.5936
2026-05-17T19:39:19Z,0,3821,20976,3820,7.3242
2026-05-17T19:41:27Z,0,3831,20976,3830,7.0435
2026-05-17T19:44:26Z,0,3841,20976,3840,7.7144
2026-05-17T19:46:29Z,0,3851,20976,3850,7.9581
2026-05-17T19:48:54Z,0,3861,20976,3860,6.9599
2026-05-17T19:50:59Z,0,3871,20976,3870,8.2224
2026-05-17T19:54:14Z,0,3881,20976,3880,7.5186
2026-05-17T19:57:40Z,0,3891,20976,3890,8.0785
2026-05-17T19:59:35Z,0,3901,20976,3900,7.9562
2026-05-17T20:02:25Z,0,3911,20976,3910,8.571
2026-05-17T20:04:46Z,0,3921,20976,3920,8.1265
2026-05-17T20:07:21Z,0,3931,20976,3930,7.8558
2026-05-17T20:09:47Z,0,3941,20976,3940,7.831
2026-05-17T20:12:03Z,0,3951,20976,3950,7.6026
2026-05-17T20:13:57Z,0,3961,20976,3960,7.3753
2026-05-17T20:16:52Z,0,3971,20976,3970,7.7371
2026-05-17T20:21:12Z,0,3981,20976,3980,8.5502
2026-05-17T20:25:07Z,0,3991,20976,3990,7.808
2026-05-17T20:27:18Z,0,4001,20976,4000,8.0269
2026-05-17T20:29:48Z,0,4011,20976,4010,6.8785
2026-05-17T20:32:32Z,0,4021,20976,4020,7.4302
2026-05-17T20:34:48Z,0,4031,20976,4030,8.2113
2026-05-17T20:37:19Z,0,4041,20976,4040,7.7792
2026-05-17T20:40:04Z,0,4051,20976,4050,8.3344
2026-05-17T20:42:26Z,0,4061,20976,4060,8.1903
2026-05-17T20:45:09Z,0,4071,20976,4070,7.5519
2026-05-17T20:48:12Z,0,4081,20976,4080,7.3233
2026-05-17T20:50:27Z,0,4091,20976,4090,8.0715
2026-05-17T20:52:45Z,0,4101,20976,4100,8.3171
2026-05-17T20:56:01Z,0,4111,20976,4110,7.4691
2026-05-17T20:58:17Z,0,4121,20976,4120,8.2341
2026-05-17T21:00:20Z,0,4131,20976,4130,7.8454
2026-05-17T21:02:47Z,0,4141,20976,4140,7.7307
2026-05-17T21:05:02Z,0,4151,20976,4150,8.2329
2026-05-17T21:07:21Z,0,4161,20976,4160,7.9215
2026-05-17T21:10:00Z,0,4171,20976,4170,7.3349
2026-05-17T21:12:40Z,0,4181,20976,4180,7.8033
2026-05-17T21:15:10Z,0,4191,20976,4190,7.893
2026-05-17T21:17:41Z,0,4201,20976,4200,8.0691
2026-05-17T21:20:27Z,0,4211,20976,4210,7.6615
2026-05-17T21:23:32Z,0,4221,20976,4220,7.8013
2026-05-17T21:25:55Z,0,4231,20976,4230,7.9312
2026-05-17T21:27:45Z,0,4241,20976,4240,7.0627
2026-05-17T21:31:42Z,0,4251,20976,4250,7.9517
2026-05-17T21:34:06Z,0,4261,20976,4260,7.8592
2026-05-17T21:36:44Z,0,4271,20976,4270,8.0529
2026-05-17T21:38:55Z,0,4281,20976,4280,8.3308
2026-05-17T21:41:07Z,0,4291,20976,4290,7.963
2026-05-17T21:44:05Z,0,4301,20976,4300,7.3445
2026-05-17T21:47:02Z,0,4311,20976,4310,6.8504
2026-05-17T21:49:57Z,0,4321,20976,4320,7.4686
2026-05-17T21:52:17Z,0,4331,20976,4330,8.2435
2026-05-17T21:54:37Z,0,4341,20976,4340,7.8724
2026-05-17T21:56:34Z,0,4351,20976,4350,7.83
2026-05-17T21:58:50Z,0,4361,20976,4360,7.9268
2026-05-17T22:00:44Z,0,4371,20976,4370,7.2005
2026-05-17T22:02:55Z,0,4381,20976,4380,8.1256
2026-05-17T22:05:39Z,0,4391,20976,4390,8.4803
2026-05-17T22:08:57Z,0,4401,20976,4400,8.1111
2026-05-17T22:12:48Z,0,4411,20976,4410,7.8831
2026-05-17T22:15:56Z,0,4421,20976,4420,7.5253
2026-05-17T22:19:13Z,0,4431,20976,4430,7.6973
2026-05-17T22:21:27Z,0,4441,20976,4440,8.0063
2026-05-17T22:23:17Z,0,4451,20976,4450,8.1444
2026-05-17T22:25:21Z,0,4461,20976,4460,8.2519
2026-05-17T22:27:53Z,0,4471,20976,4470,7.2091
2026-05-17T22:31:02Z,0,4481,20976,4480,8.1675
2026-05-17T22:33:14Z,0,4491,20976,4490,8.3792
2026-05-17T22:35:18Z,0,4501,20976,4500,7.0823
2026-05-17T22:37:32Z,0,4511,20976,4510,7.9316
2026-05-17T22:39:44Z,0,4521,20976,4520,8.0835
2026-05-17T22:43:30Z,0,4531,20976,4530,7.398
2026-05-17T22:46:11Z,0,4541,20976,4540,7.3995
2026-05-17T22:48:31Z,0,4551,20976,4550,8.1359
2026-05-17T22:50:32Z,0,4561,20976,4560,7.3679
2026-05-17T22:53:25Z,0,4571,20976,4570,7.7734
2026-05-17T22:57:04Z,0,4581,20976,4580,8.3966
2026-05-17T22:59:43Z,0,4591,20976,4590,7.4085
2026-05-17T23:01:53Z,0,4601,20976,4600,8.2248
2026-05-17T23:04:43Z,0,4611,20976,4610,8.1365
2026-05-17T23:07:04Z,0,4621,20976,4620,8.4221
2026-05-17T23:08:59Z,0,4631,20976,4630,8.0199
2026-05-17T23:12:16Z,0,4641,20976,4640,8.0454
2026-05-17T23:14:14Z,0,4651,20976,4650,7.7587
2026-05-17T23:16:28Z,0,4661,20976,4660,7.0485
2026-05-17T23:18:49Z,0,4671,20976,4670,6.8247
2026-05-17T23:20:54Z,0,4681,20976,4680,7.985
2026-05-17T23:23:22Z,0,4691,20976,4690,8.4248
2026-05-17T23:25:18Z,0,4701,20976,4700,7.4823
2026-05-17T23:28:09Z,0,4711,20976,4710,7.8782
2026-05-17T23:30:58Z,0,4721,20976,4720,7.9112
2026-05-17T23:33:07Z,0,4731,20976,4730,7.9988
2026-05-17T23:35:13Z,0,4741,20976,4740,7.9175
2026-05-17T23:37:48Z,0,4751,20976,4750,7.7399
2026-05-17T23:40:41Z,0,4761,20976,4760,7.1939
2026-05-17T23:43:01Z,0,4771,20976,4770,7.5324
2026-05-17T23:46:00Z,0,4781,20976,4780,7.7566
2026-05-17T23:48:44Z,0,4791,20976,4790,8.0791
2026-05-17T23:51:10Z,0,4801,20976,4800,7.9084
2026-05-17T23:54:19Z,0,4811,20976,4810,8.5721
2026-05-17T23:57:41Z,0,4821,20976,4820,8.0564
2026-05-17T23:59:54Z,0,4831,20976,4830,6.9348
2026-05-18T00:02:45Z,0,4841,20976,4840,7.7275
2026-05-18T00:04:47Z,0,4851,20976,4850,8.0768
2026-05-18T00:07:52Z,0,4861,20976,4860,7.3498
2026-05-18T00:10:33Z,0,4871,20976,4870,7.7957
2026-05-18T00:13:29Z,0,4881,20976,4880,7.1386
2026-05-18T00:15:22Z,0,4891,20976,4890,7.2435
2026-05-18T00:17:31Z,0,4901,20976,4900,8.2434
2026-05-18T00:20:41Z,0,4911,20976,4910,7.6514
2026-05-18T00:22:32Z,0,4921,20976,4920,7.4681
2026-05-18T00:25:45Z,0,4931,20976,4930,8.1725
2026-05-18T00:28:36Z,0,4941,20976,4940,7.36
2026-05-18T00:32:59Z,0,4951,20976,4950,7.9858
2026-05-18T00:35:46Z,0,4961,20976,4960,6.9071
2026-05-18T00:38:58Z,0,4971,20976,4970,8.2609
2026-05-18T00:40:57Z,0,4981,20976,4980,7.3653
2026-05-18T00:43:46Z,0,4991,20976,4990,8.4225
2026-05-18T00:48:58Z,0,5001,20976,5000,7.2685
2026-05-18T00:51:34Z,0,5011,20976,5010,8.4484
2026-05-18T00:55:07Z,0,5021,20976,5020,7.3653
2026-05-18T00:57:17Z,0,5031,20976,5030,7.6782
2026-05-18T00:59:29Z,0,5041,20976,5040,7.8583
2026-05-18T01:03:40Z,0,5051,20976,5050,7.623
2026-05-18T01:06:57Z,0,5061,20976,5060,8.1925
2026-05-18T01:08:42Z,0,5071,20976,5070,7.4651
2026-05-18T01:11:20Z,0,5081,20976,5080,8.3037
2026-05-18T01:15:10Z,0,5091,20976,5090,8.2088
2026-05-18T01:18:27Z,0,5101,20976,5100,7.9942
2026-05-18T01:20:44Z,0,5111,20976,5110,7.5025
2026-05-18T01:23:43Z,0,5121,20976,5120,6.376
2026-05-18T01:26:19Z,0,5131,20976,5130,8.2478
2026-05-18T01:28:34Z,0,5141,20976,5140,7.3272
2026-05-18T01:31:30Z,0,5151,20976,5150,8.445
2026-05-18T01:33:44Z,0,5161,20976,5160,7.9436
2026-05-18T01:36:09Z,0,5171,20976,5170,7.6649
2026-05-18T01:39:52Z,0,5181,20976,5180,8.0118
2026-05-18T01:43:26Z,0,5191,20976,5190,7.8183
2026-05-18T01:46:32Z,0,5201,20976,5200,8.1251
2026-05-18T01:48:34Z,0,5211,20976,5210,8.0754
2026-05-18T01:51:49Z,0,5221,20976,5220,7.8273
2026-05-18T01:54:32Z,0,5231,20976,5230,7.8285
2026-05-18T01:58:41Z,0,5241,20976,5240,7.8284
2026-05-18T02:01:50Z,0,5251,20976,5250,7.5107
2026-05-18T02:05:26Z,0,5261,20976,5260,8.0421
2026-05-18T02:09:04Z,0,5271,20976,5270,8.2224
2026-05-18T02:12:44Z,0,5281,20976,5280,8.6724
2026-05-18T02:14:26Z,0,5291,20976,5290,7.6296
2026-05-18T02:16:58Z,0,5301,20976,5300,7.2436
2026-05-18T02:19:34Z,0,5311,20976,5310,7.8567
2026-05-18T02:22:15Z,0,5321,20976,5320,7.9391
2026-05-18T02:24:15Z,0,5331,20976,5330,7.5598
2026-05-18T02:27:43Z,0,5341,20976,5340,7.7787
2026-05-18T02:29:50Z,0,5351,20976,5350,7.4569
2026-05-18T02:32:18Z,0,5361,20976,5360,8.2685
2026-05-18T02:34:49Z,0,5371,20976,5370,8.1008
2026-05-18T02:38:00Z,0,5381,20976,5380,7.8784
2026-05-18T02:40:13Z,0,5391,20976,5390,8.458
2026-05-18T02:42:51Z,0,5401,20976,5400,7.5805
2026-05-18T02:44:45Z,0,5411,20976,5410,7.1501
2026-05-18T02:47:22Z,0,5421,20976,5420,7.4426
2026-05-18T02:51:25Z,0,5431,20976,5430,8.0791
2026-05-18T02:54:23Z,0,5441,20976,5440,8.076
2026-05-18T02:57:39Z,0,5451,20976,5450,7.7315
2026-05-18T03:00:34Z,0,5461,20976,5460,7.6515
2026-05-18T03:04:15Z,0,5471,20976,5470,7.7997
2026-05-18T03:06:38Z,0,5481,20976,5480,7.7674
2026-05-18T03:10:32Z,0,5491,20976,5490,7.5007
2026-05-18T03:13:25Z,0,5501,20976,5500,7.781
2026-05-18T03:15:48Z,0,5511,20976,5510,7.9983
2026-05-18T03:18:45Z,0,5521,20976,5520,8.4102
2026-05-18T03:21:38Z,0,5531,20976,5530,7.8657
2026-05-18T03:23:53Z,0,5541,20976,5540,8.011
2026-05-18T03:26:39Z,0,5551,20976,5550,7.5412
2026-05-18T03:28:50Z,0,5561,20976,5560,7.7623
2026-05-18T03:31:36Z,0,5571,20976,5570,7.9633
2026-05-18T03:34:52Z,0,5581,20976,5580,8.2723
2026-05-18T03:37:26Z,0,5591,20976,5590,8.0867
2026-05-18T03:40:45Z,0,5601,20976,5600,7.7476
2026-05-18T03:43:51Z,0,5611,20976,5610,7.3325
2026-05-18T03:47:08Z,0,5621,20976,5620,8.361
2026-05-18T03:54:18Z,0,5631,20976,5630,7.7614
2026-05-18T03:59:20Z,0,5641,20976,5640,8.0416
2026-05-18T04:02:34Z,0,5651,20976,5650,7.6382
2026-05-18T04:05:31Z,0,5661,20976,5660,7.8567
2026-05-18T04:08:52Z,0,5671,20976,5670,7.6636
2026-05-18T04:12:05Z,0,5681,20976,5680,7.3501
2026-05-18T04:15:18Z,0,5691,20976,5690,7.403
2026-05-18T04:18:12Z,0,5701,20976,5700,7.3524
2026-05-18T04:21:50Z,0,5711,20976,5710,7.9102
2026-05-18T04:24:52Z,0,5721,20976,5720,7.9109
2026-05-18T04:28:14Z,0,5731,20976,5730,8.5017
2026-05-18T04:31:33Z,0,5741,20976,5740,7.7232
2026-05-18T04:34:30Z,0,5751,20976,5750,8.2538
2026-05-18T04:38:04Z,0,5761,20976,5760,7.7953
2026-05-18T04:41:03Z,0,5771,20976,5770,7.9659
2026-05-18T04:43:50Z,0,5781,20976,5780,8.0574
2026-05-18T04:47:23Z,0,5791,20976,5790,7.7326
2026-05-18T04:49:53Z,0,5801,20976,5800,7.8232
2026-05-18T04:52:51Z,0,5811,20976,5810,7.9225
2026-05-18T04:57:38Z,0,5821,20976,5820,7.3697
2026-05-18T05:00:29Z,0,5831,20976,5830,7.624
2026-05-18T05:03:11Z,0,5841,20976,5840,8.2924
2026-05-18T05:05:25Z,0,5851,20976,5850,7.6369
2026-05-18T05:08:27Z,0,5861,20976,5860,7.8288
2026-05-18T05:11:01Z,0,5871,20976,5870,8.199
2026-05-18T05:16:05Z,0,5881,20976,5880,8.0481
2026-05-18T05:18:32Z,0,5891,20976,5890,8.0501
2026-05-18T05:22:20Z,0,5901,20976,5900,8.2235
2026-05-18T05:25:56Z,0,5911,20976,5910,8.1516
2026-05-18T05:28:49Z,0,5921,20976,5920,7.4535
2026-05-18T05:31:23Z,0,5931,20976,5930,7.1753
2026-05-18T05:34:42Z,0,5941,20976,5940,7.1701
2026-05-18T05:37:40Z,0,5951,20976,5950,7.6811
2026-05-18T05:40:39Z,0,5961,20976,5960,7.4591
2026-05-18T05:42:57Z,0,5971,20976,5970,7.7382
2026-05-18T05:45:49Z,0,5981,20976,5980,7.7965
2026-05-18T05:49:03Z,0,5991,20976,5990,7.4093
2026-05-18T05:52:19Z,0,6001,20976,6000,8.2045
2026-05-18T05:55:11Z,0,6011,20976,6010,8.0683
2026-05-18T05:58:46Z,0,6021,20976,6020,8.0673
2026-05-18T06:01:15Z,0,6031,20976,6030,8.639
2026-05-18T06:04:16Z,0,6041,20976,6040,7.9909
2026-05-18T06:07:52Z,0,6051,20976,6050,7.7204
2026-05-18T06:11:54Z,0,6061,20976,6060,8.0637
2026-05-18T06:14:30Z,0,6071,20976,6070,8.2068
2026-05-18T06:17:03Z,0,6081,20976,6080,8.494
2026-05-18T06:19:29Z,0,6091,20976,6090,7.9571
2026-05-18T06:22:08Z,0,6101,20976,6100,8.0654
2026-05-18T06:24:19Z,0,6111,20976,6110,7.1546
2026-05-18T06:27:17Z,0,6121,20976,6120,7.8597
2026-05-18T06:29:54Z,0,6131,20976,6130,8.2876
2026-05-18T06:33:25Z,0,6141,20976,6140,8.4434
2026-05-18T06:35:55Z,0,6151,20976,6150,7.3358
2026-05-18T06:39:21Z,0,6161,20976,6160,8.0738
2026-05-18T06:41:47Z,0,6171,20976,6170,6.0974
2026-05-18T06:44:27Z,0,6181,20976,6180,8.0381
2026-05-18T06:46:50Z,0,6191,20976,6190,8.0428
2026-05-18T06:49:29Z,0,6201,20976,6200,7.478
2026-05-18T06:52:18Z,0,6211,20976,6210,7.0921
2026-05-18T06:56:41Z,0,6221,20976,6220,7.3539
2026-05-18T06:59:01Z,0,6231,20976,6230,8.1517
2026-05-18T07:02:19Z,0,6241,20976,6240,7.9644
2026-05-18T07:05:35Z,0,6251,20976,6250,8.3352
2026-05-18T07:08:39Z,0,6261,20976,6260,8.1929
2026-05-18T07:11:46Z,0,6271,20976,6270,8.2617
2026-05-18T07:14:35Z,0,6281,20976,6280,7.7234
2026-05-18T07:19:22Z,0,6291,20976,6290,8.3067
2026-05-18T07:23:19Z,0,6301,20976,6300,7.8109
2026-05-18T07:25:40Z,0,6311,20976,6310,8.0756
2026-05-18T07:28:39Z,0,6321,20976,6320,7.5421
2026-05-18T07:31:00Z,0,6331,20976,6330,6.6112
2026-05-18T07:35:23Z,0,6341,20976,6340,8.0269
2026-05-18T07:37:48Z,0,6351,20976,6350,8.0532
2026-05-18T07:40:46Z,0,6361,20976,6360,7.7769
2026-05-18T07:44:00Z,0,6371,20976,6370,7.7184
2026-05-18T07:46:57Z,0,6381,20976,6380,7.6958
2026-05-18T07:49:50Z,0,6391,20976,6390,8.1699
2026-05-18T07:52:25Z,0,6401,20976,6400,6.7907
2026-05-18T07:54:43Z,0,6411,20976,6410,7.4185
2026-05-18T07:58:20Z,0,6421,20976,6420,8.0345
2026-05-18T08:01:17Z,0,6431,20976,6430,6.9094
2026-05-18T08:04:05Z,0,6441,20976,6440,8.131
2026-05-18T08:06:27Z,0,6451,20976,6450,7.2282
2026-05-18T08:08:49Z,0,6461,20976,6460,7.5908
2026-05-18T08:11:28Z,0,6471,20976,6470,6.9607
2026-05-18T08:14:44Z,0,6481,20976,6480,6.9558
2026-05-18T08:17:06Z,0,6491,20976,6490,7.6921
2026-05-18T08:19:36Z,0,6501,20976,6500,7.6327
2026-05-18T08:22:49Z,0,6511,20976,6510,7.4124
2026-05-18T08:25:27Z,0,6521,20976,6520,7.1971
2026-05-18T08:28:47Z,0,6531,20976,6530,7.4866
2026-05-18T08:33:22Z,0,6541,20976,6540,8.1716
2026-05-18T08:37:32Z,0,6551,20976,6550,8.4374
2026-05-18T08:40:50Z,0,6561,20976,6560,7.6479
2026-05-18T08:43:57Z,0,6571,20976,6570,7.7633
2026-05-18T08:47:22Z,0,6581,20976,6580,7.5689
2026-05-18T08:49:56Z,0,6591,20976,6590,6.9098
2026-05-18T08:52:38Z,0,6601,20976,6600,7.6242
2026-05-18T08:56:13Z,0,6611,20976,6610,7.8708
2026-05-18T08:59:59Z,0,6621,20976,6620,7.9409
2026-05-18T09:03:14Z,0,6631,20976,6630,8.1224
2026-05-18T09:07:04Z,0,6641,20976,6640,7.6369
2026-05-18T09:09:58Z,0,6651,20976,6650,7.2894
2026-05-18T09:14:16Z,0,6661,20976,6660,7.3384
2026-05-18T09:16:40Z,0,6671,20976,6670,7.6009
2026-05-18T09:19:46Z,0,6681,20976,6680,7.6638
2026-05-18T09:22:20Z,0,6691,20976,6690,8.2934
2026-05-18T09:25:55Z,0,6701,20976,6700,7.9471
2026-05-18T09:28:00Z,0,6711,20976,6710,7.6791
2026-05-18T09:30:58Z,0,6721,20976,6720,8.3205
2026-05-18T09:33:19Z,0,6731,20976,6730,7.9856
2026-05-18T09:36:26Z,0,6741,20976,6740,7.7704
2026-05-18T09:39:46Z,0,6751,20976,6750,8.2003
2026-05-18T09:43:52Z,0,6761,20976,6760,7.4962
2026-05-18T09:47:14Z,0,6771,20976,6770,8.0762
2026-05-18T09:51:26Z,0,6781,20976,6780,7.9222
2026-05-18T09:53:40Z,0,6791,20976,6790,8.1637
2026-05-18T09:56:21Z,0,6801,20976,6800,7.8466
2026-05-18T09:58:53Z,0,6811,20976,6810,7.0586
2026-05-18T10:01:50Z,0,6821,20976,6820,8.0462
2026-05-18T10:05:20Z,0,6831,20976,6830,8.2922
2026-05-18T10:07:53Z,0,6841,20976,6840,6.6533
2026-05-18T10:10:18Z,0,6851,20976,6850,7.1588
2026-05-18T10:13:37Z,0,6861,20976,6860,7.371
2026-05-18T10:16:37Z,0,6871,20976,6870,7.7046
2026-05-18T10:19:15Z,0,6881,20976,6880,8.0084
2026-05-18T10:22:15Z,0,6891,20976,6890,7.5276
2026-05-18T10:25:15Z,0,6901,20976,6900,8.4228
2026-05-18T10:28:49Z,0,6911,20976,6910,7.326
2026-05-18T10:32:21Z,0,6921,20976,6920,7.7964
2026-05-18T10:35:19Z,0,6931,20976,6930,7.8689
2026-05-18T10:38:08Z,0,6941,20976,6940,8.5219
2026-05-18T10:41:25Z,0,6951,20976,6950,7.0044
2026-05-18T10:44:34Z,0,6961,20976,6960,7.935
2026-05-18T10:49:15Z,0,6971,20976,6970,8.218
2026-05-18T10:52:31Z,0,6981,20976,6980,7.6109
2026-05-18T10:55:27Z,0,6991,20976,6990,8.2464
2026-05-18T10:58:51Z,0,7001,20976,7000,7.6201
2026-05-18T11:02:23Z,0,7011,20976,7010,7.2913
2026-05-18T11:05:23Z,0,7021,20976,7020,7.3336
2026-05-18T11:08:50Z,0,7031,20976,7030,8.1961
2026-05-18T11:12:14Z,0,7041,20976,7040,6.9473
2026-05-18T11:14:53Z,0,7051,20976,7050,7.928
2026-05-18T11:17:12Z,0,7061,20976,7060,7.5411
2026-05-18T11:19:43Z,0,7071,20976,7070,7.4623
2026-05-18T11:22:12Z,0,7081,20976,7080,7.3031
2026-05-18T11:26:16Z,0,7091,20976,7090,8.5261
2026-05-18T11:28:35Z,0,7101,20976,7100,7.4277
2026-05-18T11:31:15Z,0,7111,20976,7110,8.1009
2026-05-18T11:34:51Z,0,7121,20976,7120,8.0519
2026-05-18T11:37:07Z,0,7131,20976,7130,7.0204
2026-05-18T11:39:52Z,0,7141,20976,7140,8.3635
2026-05-18T11:42:07Z,0,7151,20976,7150,7.8464
2026-05-18T11:45:16Z,0,7161,20976,7160,7.8557
2026-05-18T11:48:34Z,0,7171,20976,7170,7.913
2026-05-18T11:51:03Z,0,7181,20976,7180,7.9806
2026-05-18T11:54:16Z,0,7191,20976,7190,6.6146
2026-05-18T11:56:34Z,0,7201,20976,7200,7.5784
2026-05-18T11:59:35Z,0,7211,20976,7210,7.2995
2026-05-18T12:03:32Z,0,7221,20976,7220,8.2763
2026-05-18T12:06:15Z,0,7231,20976,7230,7.5542
2026-05-18T12:09:37Z,0,7241,20976,7240,8.1064
2026-05-18T12:11:59Z,0,7251,20976,7250,7.4965
2026-05-18T12:15:41Z,0,7261,20976,7260,7.9063
2026-05-18T12:18:45Z,0,7271,20976,7270,7.6845
2026-05-18T12:21:21Z,0,7281,20976,7280,7.8566
2026-05-18T12:24:25Z,0,7291,20976,7290,7.8773
2026-05-18T12:27:23Z,0,7301,20976,7300,7.5992
2026-05-18T12:30:02Z,0,7311,20976,7310,7.5272
2026-05-18T12:34:01Z,0,7321,20976,7320,8.5321
2026-05-18T12:36:33Z,0,7331,20976,7330,7.7419
2026-05-18T12:39:19Z,0,7341,20976,7340,8.2478
2026-05-18T12:42:10Z,0,7351,20976,7350,8.484
2026-05-18T12:45:42Z,0,7361,20976,7360,8.0853
2026-05-18T12:48:00Z,0,7371,20976,7370,8.0388
2026-05-18T12:50:36Z,0,7381,20976,7380,8.1988
2026-05-18T12:53:35Z,0,7391,20976,7390,8.0862
2026-05-18T12:56:54Z,0,7401,20976,7400,7.6653
2026-05-18T12:59:38Z,0,7411,20976,7410,8.2125
2026-05-18T13:02:24Z,0,7421,20976,7420,7.9174
2026-05-18T13:05:10Z,0,7431,20976,7430,6.8712
2026-05-18T13:08:35Z,0,7441,20976,7440,7.5321
2026-05-18T13:11:04Z,0,7451,20976,7450,7.1745
2026-05-18T13:14:45Z,0,7461,20976,7460,7.4938
2026-05-18T13:17:16Z,0,7471,20976,7470,7.3303
2026-05-18T13:20:43Z,0,7481,20976,7480,8.1189
2026-05-18T13:24:03Z,0,7491,20976,7490,6.6647
2026-05-18T13:27:49Z,0,7501,20976,7500,7.4612
2026-05-18T13:31:05Z,0,7511,20976,7510,8.0945
2026-05-18T13:33:48Z,0,7521,20976,7520,7.7285
2026-05-18T13:36:18Z,0,7531,20976,7530,7.8703
2026-05-18T13:39:45Z,0,7541,20976,7540,8.125
2026-05-18T13:42:25Z,0,7551,20976,7550,7.8572
2026-05-18T13:45:45Z,0,7561,20976,7560,7.6036
2026-05-18T13:48:37Z,0,7571,20976,7570,7.7256
2026-05-18T13:51:40Z,0,7581,20976,7580,8.3335
2026-05-18T13:54:55Z,0,7591,20976,7590,7.5432
2026-05-18T13:58:15Z,0,7601,20976,7600,7.6226
2026-05-18T14:01:23Z,0,7611,20976,7610,7.288
2026-05-18T14:03:50Z,0,7621,20976,7620,7.8668
2026-05-18T14:08:34Z,0,7631,20976,7630,7.6473
2026-05-18T14:11:52Z,0,7641,20976,7640,6.6895
2026-05-18T14:14:28Z,0,7651,20976,7650,7.7239
2026-05-18T14:18:53Z,0,7661,20976,7660,7.5428
2026-05-18T14:21:14Z,0,7671,20976,7670,7.3091
2026-05-18T14:25:08Z,0,7681,20976,7680,7.8892
2026-05-18T14:27:33Z,0,7691,20976,7690,6.7389
2026-05-18T14:30:24Z,0,7701,20976,7700,7.772
2026-05-18T14:32:54Z,0,7711,20976,7710,7.8068
2026-05-18T14:35:51Z,0,7721,20976,7720,7.815
2026-05-18T14:38:45Z,0,7731,20976,7730,7.9353
2026-05-18T14:41:48Z,0,7741,20976,7740,7.9252
2026-05-18T14:44:18Z,0,7751,20976,7750,8.1094
2026-05-18T14:47:04Z,0,7761,20976,7760,7.9473
2026-05-18T14:49:31Z,0,7771,20976,7770,7.6916
2026-05-18T14:52:53Z,0,7781,20976,7780,7.364
2026-05-18T14:55:37Z,0,7791,20976,7790,8.1664
2026-05-18T14:59:11Z,0,7801,20976,7800,7.4694
2026-05-18T15:02:03Z,0,7811,20976,7810,8.3628
2026-05-18T15:06:46Z,0,7821,20976,7820,8.4973
2026-05-18T15:09:18Z,0,7831,20976,7830,7.9204
2026-05-18T15:12:12Z,0,7841,20976,7840,7.5691
2026-05-18T15:15:30Z,0,7851,20976,7850,7.5194
2026-05-18T15:19:09Z,0,7861,20976,7860,7.9817
2026-05-18T15:22:41Z,0,7871,20976,7870,8.1385
2026-05-18T15:25:49Z,0,7881,20976,7880,7.8034
2026-05-18T15:28:33Z,0,7891,20976,7890,7.6987
2026-05-18T15:31:08Z,0,7901,20976,7900,7.5206
2026-05-18T15:34:45Z,0,7911,20976,7910,7.9684
2026-05-18T15:37:49Z,0,7921,20976,7920,7.5387
2026-05-18T15:40:22Z,0,7931,20976,7930,7.1322
2026-05-18T15:43:39Z,0,7941,20976,7940,7.6893
2026-05-18T15:46:31Z,0,7951,20976,7950,8.1098
2026-05-18T15:50:05Z,0,7961,20976,7960,8.2641
2026-05-18T15:52:32Z,0,7971,20976,7970,7.1982
2026-05-18T15:56:08Z,0,7981,20976,7980,8.0259
2026-05-18T15:59:10Z,0,7991,20976,7990,7.7387
2026-05-18T16:02:10Z,0,8001,20976,8000,7.8602
2026-05-18T16:05:00Z,0,8011,20976,8010,8.0905
2026-05-18T16:07:23Z,0,8021,20976,8020,7.5605
2026-05-18T16:09:56Z,0,8031,20976,8030,7.9195
2026-05-18T16:12:59Z,0,8041,20976,8040,7.8895
2026-05-18T16:15:27Z,0,8051,20976,8050,7.6602
2026-05-18T16:18:49Z,0,8061,20976,8060,7.6809
2026-05-18T16:21:32Z,0,8071,20976,8070,7.3854
2026-05-18T16:24:28Z,0,8081,20976,8080,7.2695
2026-05-18T16:28:15Z,0,8091,20976,8090,8.1758
2026-05-18T16:30:42Z,0,8101,20976,8100,7.4482
2026-05-18T16:33:17Z,0,8111,20976,8110,8.1796
2026-05-18T16:35:54Z,0,8121,20976,8120,7.2839
2026-05-18T16:38:30Z,0,8131,20976,8130,7.5335
2026-05-18T16:41:33Z,0,8141,20976,8140,7.2234
2026-05-18T16:46:00Z,0,8151,20976,8150,8.5044
2026-05-18T16:49:24Z,0,8161,20976,8160,7.807
2026-05-18T16:53:11Z,0,8171,20976,8170,7.3085
2026-05-18T16:56:33Z,0,8181,20976,8180,8.0862
2026-05-18T16:59:16Z,0,8191,20976,8190,6.8404
2026-05-18T17:02:16Z,0,8201,20976,8200,7.8561
2026-05-18T17:05:06Z,0,8211,20976,8210,7.4266
2026-05-18T17:07:34Z,0,8221,20976,8220,7.7266
2026-05-18T17:10:41Z,0,8231,20976,8230,7.9927
2026-05-18T17:13:57Z,0,8241,20976,8240,7.6921
2026-05-18T17:17:07Z,0,8251,20976,8250,7.7928
2026-05-18T17:20:01Z,0,8261,20976,8260,7.2253
2026-05-18T17:23:58Z,0,8271,20976,8270,7.6624
2026-05-18T17:27:07Z,0,8281,20976,8280,8.1669
2026-05-18T17:30:08Z,0,8291,20976,8290,7.8686
2026-05-18T17:34:35Z,0,8301,20976,8300,7.8112
2026-05-18T17:37:08Z,0,8311,20976,8310,7.5034
2026-05-18T17:40:02Z,0,8321,20976,8320,7.5943
2026-05-18T17:44:15Z,0,8331,20976,8330,7.4346
2026-05-18T17:47:01Z,0,8341,20976,8340,8.0933
2026-05-18T17:49:48Z,0,8351,20976,8350,6.7828
2026-05-18T17:52:19Z,0,8361,20976,8360,7.7454
2026-05-18T17:55:55Z,0,8371,20976,8370,8.0174
2026-05-18T17:59:52Z,0,8381,20976,8380,7.0115
2026-05-18T18:02:54Z,0,8391,20976,8390,6.6758
2026-05-18T18:06:35Z,0,8401,20976,8400,7.9356
2026-05-18T18:09:12Z,0,8411,20976,8410,7.4447
2026-05-18T18:11:40Z,0,8421,20976,8420,7.4368
2026-05-18T18:15:39Z,0,8431,20976,8430,8.1395
2026-05-18T18:18:28Z,0,8441,20976,8440,7.7597
2026-05-18T18:21:47Z,0,8451,20976,8450,7.2483
2026-05-18T18:24:25Z,0,8461,20976,8460,7.9687
2026-05-18T18:26:47Z,0,8471,20976,8470,7.8423
2026-05-18T18:29:40Z,0,8481,20976,8480,7.8105
2026-05-18T18:32:55Z,0,8491,20976,8490,8.1822
2026-05-18T18:37:34Z,0,8501,20976,8500,7.8563
2026-05-18T18:40:55Z,0,8511,20976,8510,8.3646
2026-05-18T18:44:33Z,0,8521,20976,8520,7.1954
2026-05-18T18:47:21Z,0,8531,20976,8530,7.1758
2026-05-18T18:50:36Z,0,8541,20976,8540,7.9977
2026-05-18T18:53:14Z,0,8551,20976,8550,7.419
2026-05-18T18:56:18Z,0,8561,20976,8560,7.9515
2026-05-18T18:59:15Z,0,8571,20976,8570,7.7091
2026-05-18T19:02:51Z,0,8581,20976,8580,8.0504
2026-05-18T19:05:25Z,0,8591,20976,8590,7.8124
2026-05-18T19:09:00Z,0,8601,20976,8600,7.9678
2026-05-18T19:11:31Z,0,8611,20976,8610,7.4955
2026-05-18T19:14:55Z,0,8621,20976,8620,8.139
2026-05-18T19:17:44Z,0,8631,20976,8630,7.8169
2026-05-18T19:20:12Z,0,8641,20976,8640,7.0029
2026-05-18T19:22:51Z,0,8651,20976,8650,8.1496
2026-05-18T19:25:15Z,0,8661,20976,8660,8.0079
2026-05-18T19:27:58Z,0,8671,20976,8670,7.2608
2026-05-18T19:30:33Z,0,8681,20976,8680,6.0673
2026-05-18T19:33:52Z,0,8691,20976,8690,7.7822
2026-05-18T19:36:47Z,0,8701,20976,8700,7.8138
2026-05-18T19:38:57Z,0,8711,20976,8710,7.5492
2026-05-18T19:42:35Z,0,8721,20976,8720,7.5556
2026-05-18T19:45:36Z,0,8731,20976,8730,7.824
2026-05-18T19:48:26Z,0,8741,20976,8740,7.6148
2026-05-18T19:51:40Z,0,8751,20976,8750,7.0627
2026-05-18T19:54:22Z,0,8761,20976,8760,7.8315
2026-05-18T19:57:01Z,0,8771,20976,8770,7.6578
2026-05-18T19:59:54Z,0,8781,20976,8780,7.9942
2026-05-18T20:03:11Z,0,8791,20976,8790,7.8787
2026-05-18T20:07:08Z,0,8801,20976,8800,7.9264
2026-05-18T20:09:48Z,0,8811,20976,8810,7.0746
2026-05-18T20:13:55Z,0,8821,20976,8820,7.7383
2026-05-18T20:17:32Z,0,8831,20976,8830,6.7917
2026-05-18T20:20:41Z,0,8841,20976,8840,8.7858
2026-05-18T20:23:47Z,0,8851,20976,8850,7.9324
2026-05-18T20:27:49Z,0,8861,20976,8860,7.7684
2026-05-18T20:32:30Z,0,8871,20976,8870,7.2064
2026-05-18T20:36:04Z,0,8881,20976,8880,7.9684
2026-05-18T20:39:17Z,0,8891,20976,8890,7.9722
2026-05-18T20:42:34Z,0,8901,20976,8900,7.8587
2026-05-18T20:44:54Z,0,8911,20976,8910,7.448
2026-05-18T20:48:34Z,0,8921,20976,8920,7.2734
2026-05-18T20:51:19Z,0,8931,20976,8930,8.1253
2026-05-18T20:54:37Z,0,8941,20976,8940,8.1132
2026-05-18T20:56:57Z,0,8951,20976,8950,8.0155
2026-05-18T20:59:16Z,0,8961,20976,8960,7.8461
2026-05-18T21:04:13Z,0,8971,20976,8970,8.2708
2026-05-18T21:07:07Z,0,8981,20976,8980,7.9589
2026-05-18T21:10:29Z,0,8991,20976,8990,8.1758
2026-05-18T21:13:50Z,0,9001,20976,9000,7.8012
2026-05-18T21:17:37Z,0,9011,20976,9010,8.2687
2026-05-18T21:21:19Z,0,9021,20976,9020,7.9166
2026-05-18T21:23:46Z,0,9031,20976,9030,7.8133
2026-05-18T21:27:08Z,0,9041,20976,9040,7.9395
2026-05-18T21:29:47Z,0,9051,20976,9050,7.6316
2026-05-18T21:33:40Z,0,9061,20976,9060,8.0697
2026-05-18T21:36:44Z,0,9071,20976,9070,7.5042
2026-05-18T21:40:06Z,0,9081,20976,9080,7.8866
2026-05-18T21:43:38Z,0,9091,20976,9090,8.1832
2026-05-18T21:46:42Z,0,9101,20976,9100,6.829
2026-05-18T21:49:04Z,0,9111,20976,9110,7.0729
2026-05-18T21:52:06Z,0,9121,20976,9120,7.2479
2026-05-18T21:54:18Z,0,9131,20976,9130,7.6464
2026-05-18T21:57:17Z,0,9141,20976,9140,7.8012
2026-05-18T22:01:42Z,0,9151,20976,9150,8.0199
2026-05-18T22:04:29Z,0,9161,20976,9160,8.2379
2026-05-18T22:06:59Z,0,9171,20976,9170,7.8128
2026-05-18T22:09:38Z,0,9181,20976,9180,7.7659
2026-05-18T22:12:21Z,0,9191,20976,9190,7.0512
2026-05-18T22:14:58Z,0,9201,20976,9200,8.2443
2026-05-18T22:17:33Z,0,9211,20976,9210,8.1417
2026-05-18T22:20:35Z,0,9221,20976,9220,7.5025
2026-05-18T22:23:45Z,0,9231,20976,9230,8.0763
2026-05-18T22:26:15Z,0,9241,20976,9240,8.2733
2026-05-18T22:29:39Z,0,9251,20976,9250,6.9712
2026-05-18T22:32:19Z,0,9261,20976,9260,7.9312
2026-05-18T22:35:07Z,0,9271,20976,9270,6.6971
2026-05-18T22:37:41Z,0,9281,20976,9280,7.63
2026-05-18T22:40:05Z,0,9291,20976,9290,7.8859
2026-05-18T22:44:54Z,0,9301,20976,9300,7.8632
2026-05-18T22:47:17Z,0,9311,20976,9310,7.4665
2026-05-18T22:50:46Z,0,9321,20976,9320,7.57
2026-05-18T22:53:55Z,0,9331,20976,9330,8.0403
2026-05-18T22:56:20Z,0,9341,20976,9340,7.9769
2026-05-18T22:58:28Z,0,9351,20976,9350,7.6312
2026-05-18T23:01:15Z,0,9361,20976,9360,8.0257
2026-05-18T23:03:59Z,0,9371,20976,9370,8.1284
2026-05-18T23:07:12Z,0,9381,20976,9380,7.5874
2026-05-18T23:09:36Z,0,9391,20976,9390,8.0666
2026-05-18T23:12:05Z,0,9401,20976,9400,7.9551
2026-05-18T23:15:19Z,0,9411,20976,9410,7.6511
2026-05-18T23:17:58Z,0,9421,20976,9420,7.7104
2026-05-18T23:20:52Z,0,9431,20976,9430,7.957
2026-05-18T23:23:23Z,0,9441,20976,9440,7.8606
2026-05-18T23:25:59Z,0,9451,20976,9450,8.1016
2026-05-18T23:28:31Z,0,9461,20976,9460,7.2182
2026-05-18T23:32:33Z,0,9471,20976,9470,7.4202
2026-05-18T23:35:06Z,0,9481,20976,9480,7.7679
2026-05-18T23:37:41Z,0,9491,20976,9490,8.0121
2026-05-18T23:40:15Z,0,9501,20976,9500,7.4763
2026-05-18T23:43:16Z,0,9511,20976,9510,7.9826
2026-05-18T23:46:10Z,0,9521,20976,9520,7.7655
2026-05-18T23:48:51Z,0,9531,20976,9530,7.4151
2026-05-18T23:51:51Z,0,9541,20976,9540,7.8509
2026-05-18T23:55:25Z,0,9551,20976,9550,8.1143
2026-05-18T23:58:01Z,0,9561,20976,9560,7.7911
2026-05-19T00:01:05Z,0,9571,20976,9570,8.081
2026-05-19T00:03:37Z,0,9581,20976,9580,7.6619
2026-05-19T00:07:42Z,0,9591,20976,9590,8.1513
2026-05-19T00:10:34Z,0,9601,20976,9600,7.9336
2026-05-19T00:13:32Z,0,9611,20976,9610,7.6049
2026-05-19T00:16:27Z,0,9621,20976,9620,7.7719
2026-05-19T00:19:07Z,0,9631,20976,9630,7.2319
2026-05-19T00:21:44Z,0,9641,20976,9640,7.3024
2026-05-19T00:24:39Z,0,9651,20976,9650,7.8386
2026-05-19T00:27:24Z,0,9661,20976,9660,7.7905
2026-05-19T00:30:16Z,0,9671,20976,9670,7.4337
2026-05-19T00:33:12Z,0,9681,20976,9680,6.8421
2026-05-19T00:35:27Z,0,9691,20976,9690,6.7897
2026-05-19T00:38:02Z,0,9701,20976,9700,7.75
2026-05-19T00:41:50Z,0,9711,20976,9710,8.1488
2026-05-19T00:44:12Z,0,9721,20976,9720,6.5293
2026-05-19T00:46:08Z,0,9731,20976,9730,7.6768
2026-05-19T00:48:44Z,0,9741,20976,9740,7.1856
2026-05-19T00:51:39Z,0,9751,20976,9750,7.0664
2026-05-19T00:55:00Z,0,9761,20976,9760,8.0465
2026-05-19T00:58:16Z,0,9771,20976,9770,6.9507
2026-05-19T01:02:08Z,0,9781,20976,9780,7.3948
2026-05-19T01:04:21Z,0,9791,20976,9790,7.9352
2026-05-19T01:07:14Z,0,9801,20976,9800,7.584
2026-05-19T01:11:41Z,0,9811,20976,9810,7.5695
2026-05-19T01:14:09Z,0,9821,20976,9820,7.391
2026-05-19T01:17:34Z,0,9831,20976,9830,8.2531
2026-05-19T01:19:54Z,0,9841,20976,9840,7.0405
2026-05-19T01:22:41Z,0,9851,20976,9850,7.2946
2026-05-19T01:26:49Z,0,9861,20976,9860,7.9936
2026-05-19T01:29:49Z,0,9871,20976,9870,7.4002
2026-05-19T01:32:30Z,0,9881,20976,9880,8.1987
2026-05-19T01:34:48Z,0,9891,20976,9890,8.03
2026-05-19T01:37:08Z,0,9901,20976,9900,7.1476
2026-05-19T01:40:45Z,0,9911,20976,9910,7.9297
2026-05-19T01:43:19Z,0,9921,20976,9920,7.4968
2026-05-19T01:45:40Z,0,9931,20976,9930,7.761
2026-05-19T01:47:54Z,0,9941,20976,9940,7.231
2026-05-19T01:50:49Z,0,9951,20976,9950,7.895
2026-05-19T01:54:01Z,0,9961,20976,9960,7.946
2026-05-19T01:56:18Z,0,9971,20976,9970,8.2425
2026-05-19T01:59:25Z,0,9981,20976,9980,7.3213
2026-05-19T02:02:50Z,0,9991,20976,9990,8.3378
2026-05-19T02:07:27Z,0,10001,20976,10000,7.6977
2026-05-19T02:09:52Z,0,10011,20976,10010,7.5344
2026-05-19T02:12:47Z,0,10021,20976,10020,8.1563
2026-05-19T02:15:16Z,0,10031,20976,10030,6.9029
2026-05-19T02:18:12Z,0,10041,20976,10040,8.0868
2026-05-19T02:20:56Z,0,10051,20976,10050,7.6986
2026-05-19T02:24:18Z,0,10061,20976,10060,7.7813
2026-05-19T02:26:39Z,0,10071,20976,10070,8.3863
2026-05-19T02:28:56Z,0,10081,20976,10080,7.5758
2026-05-19T02:31:50Z,0,10091,20976,10090,7.95
2026-05-19T02:34:11Z,0,10101,20976,10100,7.8201
2026-05-19T02:36:41Z,0,10111,20976,10110,6.9877
2026-05-19T02:39:13Z,0,10121,20976,10120,7.947
2026-05-19T02:41:36Z,0,10131,20976,10130,8.1287
2026-05-19T02:45:49Z,0,10141,20976,10140,7.4243
2026-05-19T02:48:26Z,0,10151,20976,10150,7.515
2026-05-19T02:51:18Z,0,10161,20976,10160,7.8165
2026-05-19T02:53:41Z,0,10171,20976,10170,8.2512
2026-05-19T02:56:44Z,0,10181,20976,10180,7.6936
2026-05-19T02:58:54Z,0,10191,20976,10190,7.6829
2026-05-19T03:01:05Z,0,10201,20976,10200,7.8942
2026-05-19T03:04:59Z,0,10211,20976,10210,8.4578
2026-05-19T03:07:34Z,0,10221,20976,10220,7.1639
2026-05-19T03:09:57Z,0,10231,20976,10230,8.1825
2026-05-19T03:12:29Z,0,10241,20976,10240,6.6784
2026-05-19T03:14:54Z,0,10251,20976,10250,8.0394
2026-05-19T03:17:38Z,0,10261,20976,10260,7.4589
2026-05-19T03:19:59Z,0,10271,20976,10270,7.9522
2026-05-19T03:23:12Z,0,10281,20976,10280,7.5566
2026-05-19T03:25:26Z,0,10291,20976,10290,7.8227
2026-05-19T03:27:57Z,0,10301,20976,10300,7.4141
2026-05-19T03:30:42Z,0,10311,20976,10310,7.315
2026-05-19T03:34:40Z,0,10321,20976,10320,7.7495
2026-05-19T03:37:04Z,0,10331,20976,10330,7.0583
2026-05-19T03:39:59Z,0,10341,20976,10340,7.5046
2026-05-19T03:42:08Z,0,10351,20976,10350,7.7326
2026-05-19T03:45:02Z,0,10361,20976,10360,7.6484
2026-05-19T03:48:28Z,0,10371,20976,10370,8.1561
2026-05-19T03:51:30Z,0,10381,20976,10380,7.989
2026-05-19T03:54:03Z,0,10391,20976,10390,7.8247
2026-05-19T03:56:41Z,0,10401,20976,10400,8.093
2026-05-19T03:59:26Z,0,10411,20976,10410,8.3205
2026-05-19T04:03:40Z,0,10421,20976,10420,8.1449
2026-05-19T04:05:47Z,0,10431,20976,10430,7.0234
2026-05-19T04:08:41Z,0,10441,20976,10440,7.6568
2026-05-19T04:11:42Z,0,10451,20976,10450,8.0877
2026-05-19T04:14:29Z,0,10461,20976,10460,7.3404
2026-05-19T04:17:19Z,0,10471,20976,10470,7.6633
2026-05-19T04:19:57Z,0,10481,20976,10480,7.5448
2026-05-19T04:22:29Z,0,10491,20976,10490,7.4059
2026-05-19T04:25:21Z,0,10501,20976,10500,8.1349
2026-05-19T04:27:52Z,0,10511,20976,10510,7.5808
2026-05-19T04:31:01Z,0,10521,20976,10520,7.4287
2026-05-19T04:33:31Z,0,10531,20976,10530,7.7813
2026-05-19T04:36:25Z,0,10541,20976,10540,6.7907
2026-05-19T04:39:02Z,0,10551,20976,10550,7.5683
2026-05-19T04:41:48Z,0,10561,20976,10560,8.0265
2026-05-19T04:44:12Z,0,10571,20976,10570,8.0935
2026-05-19T04:46:55Z,0,10581,20976,10580,8.0243
2026-05-19T04:49:33Z,0,10591,20976,10590,8.0527
2026-05-19T04:52:32Z,0,10601,20976,10600,8.0983
2026-05-19T04:55:16Z,0,10611,20976,10610,8.0266
2026-05-19T04:58:02Z,0,10621,20976,10620,8.0806
2026-05-19T05:00:20Z,0,10631,20976,10630,7.6805
2026-05-19T05:03:31Z,0,10641,20976,10640,7.4104
2026-05-19T05:06:32Z,0,10651,20976,10650,8.1215
2026-05-19T05:09:13Z,0,10661,20976,10660,7.1893
2026-05-19T05:12:01Z,0,10671,20976,10670,7.3556
2026-05-19T05:14:27Z,0,10681,20976,10680,7.7135
2026-05-19T05:17:19Z,0,10691,20976,10690,8.2692
2026-05-19T05:20:21Z,0,10701,20976,10700,8.1293
2026-05-19T05:22:42Z,0,10711,20976,10710,7.8673
2026-05-19T05:25:52Z,0,10721,20976,10720,8.0788
2026-05-19T05:28:31Z,0,10731,20976,10730,6.7365
2026-05-19T05:31:39Z,0,10741,20976,10740,8.0417
2026-05-19T05:34:52Z,0,10751,20976,10750,5.6234
2026-05-19T05:37:43Z,0,10761,20976,10760,7.7794
2026-05-19T05:40:44Z,0,10771,20976,10770,7.6899
2026-05-19T05:44:02Z,0,10781,20976,10780,7.8425
2026-05-19T05:46:39Z,0,10791,20976,10790,8.3522
2026-05-19T05:51:23Z,0,10801,20976,10800,7.8868
2026-05-19T05:53:43Z,0,10811,20976,10810,8.3732
2026-05-19T05:58:57Z,0,10821,20976,10820,7.6134
2026-05-19T06:01:30Z,0,10831,20976,10830,7.6273
2026-05-19T06:04:09Z,0,10841,20976,10840,7.712
2026-05-19T06:07:26Z,0,10851,20976,10850,7.4559
2026-05-19T06:10:09Z,0,10861,20976,10860,8.1071
2026-05-19T06:12:20Z,0,10871,20976,10870,7.1875
2026-05-19T06:15:55Z,0,10881,20976,10880,8.1593
2026-05-19T06:18:28Z,0,10891,20976,10890,7.975
2026-05-19T06:21:17Z,0,10901,20976,10900,7.0613
2026-05-19T06:23:50Z,0,10911,20976,10910,7.9248
2026-05-19T06:26:18Z,0,10921,20976,10920,7.4644
2026-05-19T06:28:15Z,0,10931,20976,10930,7.4198
2026-05-19T06:31:58Z,0,10941,20976,10940,8.0524
2026-05-19T06:34:44Z,0,10951,20976,10950,7.3212
2026-05-19T06:37:36Z,0,10961,20976,10960,7.6965
2026-05-19T06:39:56Z,0,10971,20976,10970,7.3243
2026-05-19T06:44:01Z,0,10981,20976,10980,7.635
2026-05-19T06:46:43Z,0,10991,20976,10990,7.2068
2026-05-19T06:49:26Z,0,11001,20976,11000,7.7111
2026-05-19T06:52:30Z,0,11011,20976,11010,7.9491
2026-05-19T06:55:26Z,0,11021,20976,11020,7.2692
2026-05-19T06:57:43Z,0,11031,20976,11030,8.222
2026-05-19T07:02:27Z,0,11041,20976,11040,8.0601
2026-05-19T07:04:32Z,0,11051,20976,11050,8.0105
2026-05-19T07:09:17Z,0,11061,20976,11060,8.3314
2026-05-19T07:12:00Z,0,11071,20976,11070,7.5222
2026-05-19T07:15:05Z,0,11081,20976,11080,7.8053
2026-05-19T07:18:38Z,0,11091,20976,11090,7.9305
2026-05-19T07:21:56Z,0,11101,20976,11100,7.9216
2026-05-19T07:26:03Z,0,11111,20976,11110,7.5743
2026-05-19T07:29:22Z,0,11121,20976,11120,8.2349
2026-05-19T07:32:05Z,0,11131,20976,11130,8.1298
2026-05-19T07:34:51Z,0,11141,20976,11140,7.9412
2026-05-19T07:37:27Z,0,11151,20976,11150,7.7973
2026-05-19T07:40:06Z,0,11161,20976,11160,7.4336
2026-05-19T07:43:17Z,0,11171,20976,11170,6.7852
2026-05-19T07:46:14Z,0,11181,20976,11180,8.331
2026-05-19T07:49:46Z,0,11191,20976,11190,7.7463
2026-05-19T07:52:12Z,0,11201,20976,11200,8.0602
2026-05-19T07:55:37Z,0,11211,20976,11210,7.6632
2026-05-19T07:58:17Z,0,11221,20976,11220,8.1353
2026-05-19T08:01:14Z,0,11231,20976,11230,8.2891
2026-05-19T08:03:44Z,0,11241,20976,11240,7.8618
2026-05-19T08:08:23Z,0,11251,20976,11250,8.0882
2026-05-19T08:10:50Z,0,11261,20976,11260,7.7487
2026-05-19T08:14:07Z,0,11271,20976,11270,8.0231
2026-05-19T08:16:40Z,0,11281,20976,11280,8.1
2026-05-19T08:19:30Z,0,11291,20976,11290,6.9195
2026-05-19T08:22:28Z,0,11301,20976,11300,7.7939
2026-05-19T08:24:47Z,0,11311,20976,11310,7.8767
2026-05-19T08:28:15Z,0,11321,20976,11320,7.9817
2026-05-19T08:32:28Z,0,11331,20976,11330,7.8766
2026-05-19T08:35:47Z,0,11341,20976,11340,8.1042
2026-05-19T08:38:32Z,0,11351,20976,11350,7.773
2026-05-19T08:40:57Z,0,11361,20976,11360,7.9288
2026-05-19T08:43:26Z,0,11371,20976,11370,7.5289
2026-05-19T08:46:19Z,0,11381,20976,11380,8.1928
2026-05-19T08:50:19Z,0,11391,20976,11390,7.7445
2026-05-19T08:53:08Z,0,11401,20976,11400,8.2657
2026-05-19T08:55:54Z,0,11411,20976,11410,7.2319
2026-05-19T08:58:54Z,0,11421,20976,11420,7.8253
2026-05-19T09:01:11Z,0,11431,20976,11430,7.1487
2026-05-19T09:03:40Z,0,11441,20976,11440,7.4051
2026-05-19T09:05:59Z,0,11451,20976,11450,7.6704
2026-05-19T09:08:27Z,0,11461,20976,11460,7.6247
2026-05-19T09:11:14Z,0,11471,20976,11470,7.8102
2026-05-19T09:14:24Z,0,11481,20976,11480,7.4223
2026-05-19T09:16:52Z,0,11491,20976,11490,7.345
2026-05-19T09:20:47Z,0,11501,20976,11500,8.0858
2026-05-19T09:22:58Z,0,11511,20976,11510,7.3631
2026-05-19T09:25:22Z,0,11521,20976,11520,7.7463
2026-05-19T09:28:09Z,0,11531,20976,11530,7.9648
2026-05-19T09:31:27Z,0,11541,20976,11540,7.5992
2026-05-19T09:33:46Z,0,11551,20976,11550,8.2927
2026-05-19T09:36:15Z,0,11561,20976,11560,7.7395
2026-05-19T09:39:08Z,0,11571,20976,11570,7.6546
2026-05-19T09:41:54Z,0,11581,20976,11580,7.8662
2026-05-19T09:46:29Z,0,11591,20976,11590,7.555
2026-05-19T09:50:36Z,0,11601,20976,11600,7.1264
2026-05-19T09:53:05Z,0,11611,20976,11610,6.8262
2026-05-19T09:56:02Z,0,11621,20976,11620,7.9003
2026-05-19T09:58:48Z,0,11631,20976,11630,7.7559
2026-05-19T10:01:21Z,0,11641,20976,11640,7.5648
2026-05-19T10:03:32Z,0,11651,20976,11650,7.8144
2026-05-19T10:07:26Z,0,11661,20976,11660,7.7246
2026-05-19T10:09:43Z,0,11671,20976,11670,7.8281
2026-05-19T10:12:39Z,0,11681,20976,11680,7.8431
2026-05-19T10:15:48Z,0,11691,20976,11690,7.8857
2026-05-19T10:18:12Z,0,11701,20976,11700,7.6228
2026-05-19T10:20:42Z,0,11711,20976,11710,7.9797
2026-05-19T10:23:17Z,0,11721,20976,11720,7.9413
2026-05-19T10:25:29Z,0,11731,20976,11730,7.2538
2026-05-19T10:28:35Z,0,11741,20976,11740,7.6723
2026-05-19T10:31:15Z,0,11751,20976,11750,7.8172
2026-05-19T10:33:52Z,0,11761,20976,11760,8.0263
2026-05-19T10:36:52Z,0,11771,20976,11770,7.8596
2026-05-19T10:40:04Z,0,11781,20976,11780,8.1029
2026-05-19T10:43:46Z,0,11791,20976,11790,7.3917
2026-05-19T10:46:59Z,0,11801,20976,11800,7.4013
2026-05-19T10:49:29Z,0,11811,20976,11810,7.5644
2026-05-19T10:52:04Z,0,11821,20976,11820,7.9685
2026-05-19T10:55:13Z,0,11831,20976,11830,7.6586
2026-05-19T10:58:31Z,0,11841,20976,11840,8.0968
2026-05-19T11:01:00Z,0,11851,20976,11850,8.0194
2026-05-19T11:04:23Z,0,11861,20976,11860,8.1957
2026-05-19T11:07:18Z,0,11871,20976,11870,7.6095
2026-05-19T11:10:38Z,0,11881,20976,11880,7.7798
2026-05-19T11:14:05Z,0,11891,20976,11890,7.4756
2026-05-19T11:16:58Z,0,11901,20976,11900,7.8908
2026-05-19T11:20:50Z,0,11911,20976,11910,7.9729
2026-05-19T11:23:35Z,0,11921,20976,11920,7.926
2026-05-19T11:26:10Z,0,11931,20976,11930,7.8119
2026-05-19T11:29:20Z,0,11941,20976,11940,7.6904
2026-05-19T11:31:31Z,0,11951,20976,11950,8.0263
2026-05-19T11:34:41Z,0,11961,20976,11960,7.5669
2026-05-19T11:38:45Z,0,11971,20976,11970,7.7665
2026-05-19T11:41:13Z,0,11981,20976,11980,7.6062
2026-05-19T11:43:34Z,0,11991,20976,11990,7.8719
2026-05-19T11:47:20Z,0,12001,20976,12000,8.0309
2026-05-19T11:49:34Z,0,12011,20976,12010,8.234
2026-05-19T11:52:08Z,0,12021,20976,12020,7.499
2026-05-19T11:54:36Z,0,12031,20976,12030,7.6953
2026-05-19T11:57:15Z,0,12041,20976,12040,7.437
2026-05-19T11:59:45Z,0,12051,20976,12050,7.4787
2026-05-19T12:02:53Z,0,12061,20976,12060,7.4372
2026-05-19T12:05:57Z,0,12071,20976,12070,8.2938
2026-05-19T12:08:27Z,0,12081,20976,12080,7.4814
2026-05-19T12:11:09Z,0,12091,20976,12090,7.8459
2026-05-19T12:13:48Z,0,12101,20976,12100,7.8389
2026-05-19T12:16:25Z,0,12111,20976,12110,7.2072
2026-05-19T12:19:11Z,0,12121,20976,12120,7.5361
2026-05-19T12:21:51Z,0,12131,20976,12130,7.8
2026-05-19T12:24:29Z,0,12141,20976,12140,7.9195
2026-05-19T12:27:11Z,0,12151,20976,12150,7.0148
2026-05-19T12:30:10Z,0,12161,20976,12160,7.5482
2026-05-19T12:33:19Z,0,12171,20976,12170,7.5018
2026-05-19T12:36:44Z,0,12181,20976,12180,7.6431
2026-05-19T12:39:17Z,0,12191,20976,12190,7.1238
2026-05-19T12:41:23Z,0,12201,20976,12200,7.2676
2026-05-19T12:43:53Z,0,12211,20976,12210,7.2626
2026-05-19T12:47:33Z,0,12221,20976,12220,6.9078
2026-05-19T12:49:58Z,0,12231,20976,12230,8.5974
2026-05-19T12:52:47Z,0,12241,20976,12240,7.1762
2026-05-19T12:55:13Z,0,12251,20976,12250,8.246
2026-05-19T12:58:28Z,0,12261,20976,12260,7.9936
2026-05-19T13:02:07Z,0,12271,20976,12270,7.2461
2026-05-19T13:05:08Z,0,12281,20976,12280,7.6731
2026-05-19T13:07:58Z,0,12291,20976,12290,7.4559
2026-05-19T13:10:53Z,0,12301,20976,12300,7.9838
2026-05-19T13:12:59Z,0,12311,20976,12310,8.045
2026-05-19T13:16:09Z,0,12321,20976,12320,7.7603
2026-05-19T13:18:38Z,0,12331,20976,12330,7.2483
2026-05-19T13:21:26Z,0,12341,20976,12340,7.84
2026-05-19T13:25:06Z,0,12351,20976,12350,7.7526
2026-05-19T13:27:27Z,0,12361,20976,12360,7.3501
2026-05-19T13:29:50Z,0,12371,20976,12370,7.0749
2026-05-19T13:32:25Z,0,12381,20976,12380,7.7352
2026-05-19T13:34:50Z,0,12391,20976,12390,7.6517
2026-05-19T13:37:11Z,0,12401,20976,12400,7.8554
2026-05-19T13:39:32Z,0,12411,20976,12410,6.5797
2026-05-19T13:42:05Z,0,12421,20976,12420,6.5939
2026-05-19T13:45:17Z,0,12431,20976,12430,7.787
2026-05-19T13:48:03Z,0,12441,20976,12440,8.3552
2026-05-19T13:51:33Z,0,12451,20976,12450,7.5891
2026-05-19T13:54:18Z,0,12461,20976,12460,8.1594
2026-05-19T13:56:48Z,0,12471,20976,12470,7.3956
2026-05-19T13:59:27Z,0,12481,20976,12480,7.2125
2026-05-19T14:03:27Z,0,12491,20976,12490,7.2557
2026-05-19T14:05:36Z,0,12501,20976,12500,6.9982
2026-05-19T14:07:54Z,0,12511,20976,12510,7.2841
2026-05-19T14:10:57Z,0,12521,20976,12520,8.2338
2026-05-19T14:13:14Z,0,12531,20976,12530,8.0255
2026-05-19T14:16:31Z,0,12541,20976,12540,7.5102
2026-05-19T14:19:07Z,0,12551,20976,12550,8.0623
2026-05-19T14:21:51Z,0,12561,20976,12560,7.8132
2026-05-19T14:24:08Z,0,12571,20976,12570,7.7511
2026-05-19T14:27:28Z,0,12581,20976,12580,7.5676
2026-05-19T14:29:40Z,0,12591,20976,12590,6.9221
2026-05-19T14:33:13Z,0,12601,20976,12600,8.1726
2026-05-19T14:35:32Z,0,12611,20976,12610,7.916
2026-05-19T14:37:53Z,0,12621,20976,12620,7.6461
2026-05-19T14:40:36Z,0,12631,20976,12630,8.0
2026-05-19T14:43:23Z,0,12641,20976,12640,7.8322
2026-05-19T14:45:39Z,0,12651,20976,12650,6.4177
2026-05-19T14:48:38Z,0,12661,20976,12660,7.9054
2026-05-19T14:51:02Z,0,12671,20976,12670,6.9345
2026-05-19T14:53:38Z,0,12681,20976,12680,5.8967
2026-05-19T14:56:03Z,0,12691,20976,12690,8.4305
2026-05-19T14:59:09Z,0,12701,20976,12700,7.9793
2026-05-19T15:01:41Z,0,12711,20976,12710,7.4103
2026-05-19T15:04:40Z,0,12721,20976,12720,7.5095
2026-05-19T15:07:00Z,0,12731,20976,12730,6.9433
2026-05-19T15:09:32Z,0,12741,20976,12740,7.9458
2026-05-19T15:11:51Z,0,12751,20976,12750,7.8104
2026-05-19T15:14:44Z,0,12761,20976,12760,7.9137
2026-05-19T15:17:00Z,0,12771,20976,12770,8.0968
2026-05-19T15:20:45Z,0,12781,20976,12780,7.8867
2026-05-19T15:23:08Z,0,12791,20976,12790,7.6883
2026-05-19T15:26:38Z,0,12801,20976,12800,7.5776
2026-05-19T15:29:01Z,0,12811,20976,12810,7.2425
2026-05-19T15:31:46Z,0,12821,20976,12820,8.0765
2026-05-19T15:34:10Z,0,12831,20976,12830,7.2396
2026-05-19T15:36:53Z,0,12841,20976,12840,7.2796
2026-05-19T15:41:02Z,0,12851,20976,12850,7.2378
2026-05-19T15:43:49Z,0,12861,20976,12860,7.4208
2026-05-19T15:46:19Z,0,12871,20976,12870,7.3489
2026-05-19T15:48:39Z,0,12881,20976,12880,7.9388
2026-05-19T15:52:07Z,0,12891,20976,12890,7.7145
2026-05-19T15:55:20Z,0,12901,20976,12900,6.8528
2026-05-19T15:57:34Z,0,12911,20976,12910,8.005
2026-05-19T16:00:00Z,0,12921,20976,12920,7.8026
2026-05-19T16:02:10Z,0,12931,20976,12930,8.0238
2026-05-19T16:04:39Z,0,12941,20976,12940,8.239
2026-05-19T16:07:51Z,0,12951,20976,12950,7.4175
2026-05-19T16:10:18Z,0,12961,20976,12960,7.8616
2026-05-19T16:13:05Z,0,12971,20976,12970,7.8039
2026-05-19T16:15:31Z,0,12981,20976,12980,7.3839
2026-05-19T16:18:12Z,0,12991,20976,12990,7.3281
2026-05-19T16:20:56Z,0,13001,20976,13000,7.2363
2026-05-19T16:23:19Z,0,13011,20976,13010,7.5592
2026-05-19T16:25:47Z,0,13021,20976,13020,7.791
2026-05-19T16:29:07Z,0,13031,20976,13030,7.1294
2026-05-19T16:32:36Z,0,13041,20976,13040,7.7337
2026-05-19T16:35:54Z,0,13051,20976,13050,8.061
2026-05-19T16:38:27Z,0,13061,20976,13060,7.3699
2026-05-19T16:42:43Z,0,13071,20976,13070,8.3301
2026-05-19T16:45:39Z,0,13081,20976,13080,5.7451
2026-05-19T16:48:18Z,0,13091,20976,13090,7.5212
2026-05-19T16:50:52Z,0,13101,20976,13100,8.3246
2026-05-19T16:53:12Z,0,13111,20976,13110,7.4055
2026-05-19T16:55:48Z,0,13121,20976,13120,7.7069
2026-05-19T16:58:31Z,0,13131,20976,13130,7.3517
2026-05-19T17:01:05Z,0,13141,20976,13140,7.8444
2026-05-19T17:04:23Z,0,13151,20976,13150,7.4941
2026-05-19T17:07:27Z,0,13161,20976,13160,7.8482
2026-05-19T17:09:37Z,0,13171,20976,13170,7.2374
2026-05-19T17:12:35Z,0,13181,20976,13180,8.0251
2026-05-19T17:15:05Z,0,13191,20976,13190,7.3142
2026-05-19T17:18:08Z,0,13201,20976,13200,7.9062
2026-05-19T17:20:46Z,0,13211,20976,13210,8.0044
2026-05-19T17:24:08Z,0,13221,20976,13220,7.9578
2026-05-19T17:27:25Z,0,13231,20976,13230,8.2196
2026-05-19T17:30:53Z,0,13241,20976,13240,7.9624
2026-05-19T17:32:58Z,0,13251,20976,13250,7.4682
2026-05-19T17:36:02Z,0,13261,20976,13260,6.9707
2026-05-19T17:39:13Z,0,13271,20976,13270,7.8791
2026-05-19T17:42:36Z,0,13281,20976,13280,7.3955
2026-05-19T17:45:34Z,0,13291,20976,13290,8.2329
2026-05-19T17:49:04Z,0,13301,20976,13300,7.4218
2026-05-19T17:52:00Z,0,13311,20976,13310,7.4186
2026-05-19T17:54:34Z,0,13321,20976,13320,7.6285
2026-05-19T17:58:14Z,0,13331,20976,13330,8.2584
2026-05-19T18:00:52Z,0,13341,20976,13340,8.0364
2026-05-19T18:03:59Z,0,13351,20976,13350,8.0649
2026-05-19T18:06:17Z,0,13361,20976,13360,6.6834
2026-05-19T18:08:43Z,0,13371,20976,13370,7.6713
2026-05-19T18:11:09Z,0,13381,20976,13380,7.8505
2026-05-19T18:13:26Z,0,13391,20976,13390,8.3158
2026-05-19T18:16:02Z,0,13401,20976,13400,7.4827
2026-05-19T18:18:51Z,0,13411,20976,13410,7.6943
2026-05-19T18:22:36Z,0,13421,20976,13420,8.1101
2026-05-19T18:24:45Z,0,13431,20976,13430,7.5279
2026-05-19T18:27:31Z,0,13441,20976,13440,8.3635
2026-05-19T18:29:55Z,0,13451,20976,13450,7.4981
2026-05-19T18:32:15Z,0,13461,20976,13460,7.7975
2026-05-19T18:34:51Z,0,13471,20976,13470,7.5837
2026-05-19T18:37:35Z,0,13481,20976,13480,7.7393
2026-05-19T18:39:57Z,0,13491,20976,13490,7.7905
2026-05-19T18:42:29Z,0,13501,20976,13500,7.6789
2026-05-19T18:44:55Z,0,13511,20976,13510,7.5213
2026-05-19T18:49:07Z,0,13521,20976,13520,7.3748
2026-05-19T18:51:57Z,0,13531,20976,13530,7.8498
2026-05-19T18:54:27Z,0,13541,20976,13540,6.9089
2026-05-19T18:57:21Z,0,13551,20976,13550,7.9711
2026-05-19T18:59:56Z,0,13561,20976,13560,7.3228
2026-05-19T19:02:19Z,0,13571,20976,13570,7.9255
2026-05-19T19:05:26Z,0,13581,20976,13580,8.0036
2026-05-19T19:07:40Z,0,13591,20976,13590,7.209
2026-05-19T19:10:44Z,0,13601,20976,13600,7.8278
2026-05-19T19:13:06Z,0,13611,20976,13610,8.0362
2026-05-19T19:16:19Z,0,13621,20976,13620,7.3398
2026-05-19T19:18:38Z,0,13631,20976,13630,8.2637
2026-05-19T19:21:44Z,0,13641,20976,13640,7.6857
2026-05-19T19:24:09Z,0,13651,20976,13650,7.9125
2026-05-19T19:26:47Z,0,13661,20976,13660,8.1561
2026-05-19T19:31:13Z,0,13671,20976,13670,7.5869
2026-05-19T19:33:49Z,0,13681,20976,13680,8.0864
2026-05-19T19:36:30Z,0,13691,20976,13690,7.343
2026-05-19T19:39:11Z,0,13701,20976,13700,7.3961
2026-05-19T19:41:49Z,0,13711,20976,13710,7.6543
2026-05-19T19:44:52Z,0,13721,20976,13720,7.864
2026-05-19T19:47:28Z,0,13731,20976,13730,7.6098
2026-05-19T19:49:55Z,0,13741,20976,13740,7.4405
2026-05-19T19:53:00Z,0,13751,20976,13750,7.1957
2026-05-19T19:55:43Z,0,13761,20976,13760,7.0373
2026-05-19T19:58:28Z,0,13771,20976,13770,7.4993
2026-05-19T20:01:43Z,0,13781,20976,13780,7.8033
2026-05-19T20:03:57Z,0,13791,20976,13790,7.4212
2026-05-19T20:07:22Z,0,13801,20976,13800,8.031
2026-05-19T20:09:47Z,0,13811,20976,13810,7.5834
2026-05-19T20:13:23Z,0,13821,20976,13820,7.4472
2026-05-19T20:16:10Z,0,13831,20976,13830,8.066
2026-05-19T20:18:58Z,0,13841,20976,13840,7.0285
2026-05-19T20:22:24Z,0,13851,20976,13850,7.7999
2026-05-19T20:25:15Z,0,13861,20976,13860,7.6072
2026-05-19T20:28:51Z,0,13871,20976,13870,7.7005
2026-05-19T20:32:47Z,0,13881,20976,13880,7.765
2026-05-19T20:35:17Z,0,13891,20976,13890,8.037
2026-05-19T20:38:13Z,0,13901,20976,13900,7.9801
2026-05-19T20:40:20Z,0,13911,20976,13910,7.8878
2026-05-19T20:42:44Z,0,13921,20976,13920,7.459
2026-05-19T20:45:35Z,0,13931,20976,13930,7.5217
2026-05-19T20:48:16Z,0,13941,20976,13940,8.3342
2026-05-19T20:50:25Z,0,13951,20976,13950,7.7218
2026-05-19T20:53:22Z,0,13961,20976,13960,8.3244
2026-05-19T20:55:41Z,0,13971,20976,13970,7.4683
2026-05-19T20:58:13Z,0,13981,20976,13980,7.9838
2026-05-19T21:00:25Z,0,13991,20976,13990,6.9997
2026-05-19T21:02:54Z,0,14001,20976,14000,7.9364
2026-05-19T21:05:28Z,0,14011,20976,14010,7.5403
2026-05-19T21:07:47Z,0,14021,20976,14020,6.8514
2026-05-19T21:10:44Z,0,14031,20976,14030,7.2413
2026-05-19T21:13:26Z,0,14041,20976,14040,8.4659
2026-05-19T21:17:35Z,0,14051,20976,14050,7.5334
2026-05-19T21:20:47Z,0,14061,20976,14060,7.792
2026-05-19T21:23:08Z,0,14071,20976,14070,7.5753
2026-05-19T21:26:19Z,0,14081,20976,14080,7.9228
2026-05-19T21:28:20Z,0,14091,20976,14090,8.0224
2026-05-19T21:31:46Z,0,14101,20976,14100,7.6407
2026-05-19T21:33:58Z,0,14111,20976,14110,6.9179
2026-05-19T21:36:21Z,0,14121,20976,14120,7.6867
2026-05-19T21:39:33Z,0,14131,20976,14130,7.1812
2026-05-19T21:41:49Z,0,14141,20976,14140,7.5599
2026-05-19T21:44:16Z,0,14151,20976,14150,7.8982
2026-05-19T21:47:50Z,0,14161,20976,14160,7.9838
2026-05-19T21:50:55Z,0,14171,20976,14170,7.8954
2026-05-19T21:53:20Z,0,14181,20976,14180,7.6343
2026-05-19T21:56:12Z,0,14191,20976,14190,8.0403
2026-05-19T21:58:41Z,0,14201,20976,14200,7.97
2026-05-19T22:02:03Z,0,14211,20976,14210,8.1303
2026-05-19T22:04:23Z,0,14221,20976,14220,8.1468
2026-05-19T22:06:56Z,0,14231,20976,14230,6.6105
2026-05-19T22:10:04Z,0,14241,20976,14240,8.3727
2026-05-19T22:12:29Z,0,14251,20976,14250,7.7633
2026-05-19T22:15:01Z,0,14261,20976,14260,7.8863
2026-05-19T22:17:31Z,0,14271,20976,14270,8.2202
2026-05-19T22:22:13Z,0,14281,20976,14280,8.377
2026-05-19T22:24:36Z,0,14291,20976,14290,7.2042
2026-05-19T22:27:59Z,0,14301,20976,14300,7.2472
2026-05-19T22:30:13Z,0,14311,20976,14310,7.7584
2026-05-19T22:33:15Z,0,14321,20976,14320,7.9099
2026-05-19T22:36:22Z,0,14331,20976,14330,7.7665
2026-05-19T22:38:50Z,0,14341,20976,14340,8.0956
2026-05-19T22:41:20Z,0,14351,20976,14350,7.3683
2026-05-19T22:44:08Z,0,14361,20976,14360,8.485
2026-05-19T22:47:12Z,0,14371,20976,14370,7.6341
2026-05-19T22:50:13Z,0,14381,20976,14380,7.8279
2026-05-19T22:52:30Z,0,14391,20976,14390,7.3397
2026-05-19T22:56:09Z,0,14401,20976,14400,7.6061
2026-05-19T22:59:40Z,0,14411,20976,14410,7.0812
2026-05-19T23:02:22Z,0,14421,20976,14420,6.9097
2026-05-19T23:04:41Z,0,14431,20976,14430,7.519
2026-05-19T23:07:37Z,0,14441,20976,14440,7.8629
2026-05-19T23:10:49Z,0,14451,20976,14450,7.3584
2026-05-19T23:13:21Z,0,14461,20976,14460,8.3274
2026-05-19T23:16:15Z,0,14471,20976,14470,7.9745
2026-05-19T23:18:49Z,0,14481,20976,14480,7.0747
2026-05-19T23:22:00Z,0,14491,20976,14490,8.1433
2026-05-19T23:24:23Z,0,14501,20976,14500,7.5963
2026-05-19T23:27:58Z,0,14511,20976,14510,7.2394
2026-05-19T23:31:05Z,0,14521,20976,14520,7.7086
2026-05-19T23:33:54Z,0,14531,20976,14530,8.3409
2026-05-19T23:36:07Z,0,14541,20976,14540,7.127
2026-05-19T23:39:08Z,0,14551,20976,14550,8.1001
2026-05-19T23:41:53Z,0,14561,20976,14560,8.2621
2026-05-19T23:44:10Z,0,14571,20976,14570,7.2524
2026-05-19T23:46:35Z,0,14581,20976,14580,7.3235
2026-05-19T23:49:04Z,0,14591,20976,14590,7.1643
2026-05-19T23:51:54Z,0,14601,20976,14600,7.4398
2026-05-19T23:55:49Z,0,14611,20976,14610,7.8975
2026-05-19T23:58:37Z,0,14621,20976,14620,7.2879
2026-05-20T00:01:08Z,0,14631,20976,14630,7.7559
2026-05-20T00:03:25Z,0,14641,20976,14640,7.0354
2026-05-20T00:06:20Z,0,14651,20976,14650,7.9396
2026-05-20T00:09:01Z,0,14661,20976,14660,8.1812
2026-05-20T00:11:12Z,0,14671,20976,14670,7.1693
2026-05-20T00:13:56Z,0,14681,20976,14680,8.0989
2026-05-20T00:17:22Z,0,14691,20976,14690,6.6644
2026-05-20T00:20:13Z,0,14701,20976,14700,7.9258
2026-05-20T00:22:41Z,0,14711,20976,14710,8.2116
2026-05-20T00:26:04Z,0,14721,20976,14720,8.1254
2026-05-20T00:28:22Z,0,14731,20976,14730,7.5023
2026-05-20T00:30:55Z,0,14741,20976,14740,7.3838
2026-05-20T00:33:20Z,0,14751,20976,14750,8.0194
2026-05-20T00:36:39Z,0,14761,20976,14760,8.218
2026-05-20T00:40:44Z,0,14771,20976,14770,7.9951
2026-05-20T00:44:08Z,0,14781,20976,14780,7.4459
2026-05-20T00:46:29Z,0,14791,20976,14790,7.0603
2026-05-20T00:49:00Z,0,14801,20976,14800,7.9173
2026-05-20T00:51:58Z,0,14811,20976,14810,7.3331
2026-05-20T00:54:32Z,0,14821,20976,14820,7.1061
2026-05-20T00:57:00Z,0,14831,20976,14830,7.0318
2026-05-20T00:59:57Z,0,14841,20976,14840,7.5086
2026-05-20T01:02:54Z,0,14851,20976,14850,7.5109
2026-05-20T01:05:44Z,0,14861,20976,14860,7.3344
2026-05-20T01:09:38Z,0,14871,20976,14870,8.0592
2026-05-20T01:13:14Z,0,14881,20976,14880,7.8146
2026-05-20T01:15:22Z,0,14891,20976,14890,6.6979
2026-05-20T01:18:19Z,0,14901,20976,14900,7.903
2026-05-20T01:21:54Z,0,14911,20976,14910,7.8436
2026-05-20T01:24:52Z,0,14921,20976,14920,8.0782
2026-05-20T01:27:07Z,0,14931,20976,14930,8.2141
2026-05-20T01:29:48Z,0,14941,20976,14940,7.875
2026-05-20T01:32:31Z,0,14951,20976,14950,6.7519
2026-05-20T01:34:51Z,0,14961,20976,14960,7.3406
2026-05-20T01:38:55Z,0,14971,20976,14970,7.9665
2026-05-20T01:42:09Z,0,14981,20976,14980,6.9661
2026-05-20T01:44:54Z,0,14991,20976,14990,7.1353
