global_step,epoch,loss
0,0,7.19620253164557
1,0,7.19620253164557
2,0,7.19620253164557
3,0,7.195532304464458
4,0,7.193500577140073
5,0,7.191468849815688
6,0,7.084881682237847
7,0,6.924375223611424
8,0,6.763868764985001
9,0,6.760195466738762
10,0,6.7581637394143765
11,0,6.724971304886992
12,0,6.625416665992122
13,0,6.525862027097253
14,0,6.48568077435523
15,0,6.47755386505769
16,0,6.46942695576015
17,0,6.463289682224895
18,0,6.45719450025174
19,0,6.452983725135624
20,0,6.452983725135624
21,0,6.452983725135624
22,0,6.42831483193325
23,0,6.389712012769932
24,0,6.351109193606615
25,0,6.300694834555877
26,0,6.24990165144625
27,0,6.208821905744041
28,0,6.190536359824575
29,0,6.1722508139051095
30,0,6.143746731833039
31,0,6.109207367318493
32,0,6.0746680028039455
33,0,6.073236889692586
34,0,6.073236889692586
35,0,6.079097330261729
36,0,6.099414603505579
37,0,6.11973187674943
38,0,6.124973895136968
39,0,6.120910440488197
40,0,6.116846985839428
41,0,6.074253562807896
42,0,6.029555561671423
43,0,5.987682551914276
44,0,5.953143187399729
45,0,5.918603822885182
46,0,5.89394626202645
47,0,5.875660716106984
48,0,5.8573751701875185
49,0,5.854333245372762
50,0,5.852301518048376
51,0,5.850813743218806
52,0,5.850813743218806
53,0,5.850813743218806
54,0,5.861741360302152
55,0,5.880026906221618
56,0,5.898312452141084
57,0,5.871372233491608
58,0,5.840896323625832
59,0,5.817218201039014
60,0,5.813154746390244
61,0,5.809091291741474
62,0,5.78951709645929
63,0,5.759041186593514
64,0,5.728565276727737
65,0,5.781940615281504
66,0,5.842892435013056
67,0,5.893807036090276
68,0,5.914124309334128
69,0,5.934441582577979
70,0,5.943037974683545
71,0,5.943037974683545
72,0,5.943037974683545
73,0,5.830656741692178
74,0,5.706721374904688
75,0,5.617885514188904
76,0,5.642266242081525
77,0,5.666646969974146
78,0,5.677215189873418
79,0,5.677215189873418
80,0,5.677215189873418
81,0,5.700891693554001
82,0,5.727304148771007
83,0,5.743601677834421
84,0,5.725316131914956
85,0,5.70703058599549
86,0,5.676315078006998
87,0,5.635680531519295
88,0,5.595045985031593
89,0,5.588615689467882
90,0,5.5865839621434965
91,0,5.583674787639975
92,0,5.57757960566682
93,0,5.571484423693664
94,0,5.575369798656632
95,0,5.5875601626029425
96,0,5.599750526549252
97,0,5.595928288929433
98,0,5.589833106956278
99,0,5.582067213749046
100,0,5.567845122478351
101,0,5.553623031207655
102,0,5.547016274864376
103,0,5.547016274864376
104,0,5.547016274864376
105,0,5.548774407035119
106,0,5.5508061343595045
107,0,5.55244122965642
108,0,5.55244122965642
109,0,5.55244122965642
110,0,5.557775525699327
111,0,5.567934162321253
112,0,5.578092798943178
113,0,5.5691434852784765
114,0,5.556953121332166
115,0,5.547016274864376
116,0,5.547016274864376
117,0,5.547016274864376
118,0,5.544924648009312
119,0,5.540861193360541
120,0,5.536797738711772
121,0,5.5275861622370694
122,0,5.517427525615144
123,0,5.509396131785443
124,0,5.511427859109828
125,0,5.513459586434213
126,0,5.50831794023322
127,0,5.496127576286909
128,0,5.4839372123405985
129,0,5.539546641498071
130,0,5.6086253705271645
131,0,5.666365280289331
132,0,5.666365280289331
133,0,5.666365280289331
134,0,5.666365280289331
135,0,5.666365280289331
136,0,5.666365280289331
137,0,5.591037573194798
138,0,5.499609843597469
139,0,5.422242314647378
140,0,5.422242314647378
141,0,5.422242314647378
142,0,5.427155695069297
143,0,5.437314331691223
144,0,5.447472968313148
145,0,5.451019991873091
146,0,5.453051719197475
147,0,5.451003802810745
148,0,5.424591347593739
149,0,5.398178892376732
150,0,5.371766437159726
151,0,5.345353981942719
152,0,5.318941526725713
153,0,5.315375076290956
154,0,5.3174068036153415
155,0,5.323764248398498
156,0,5.358303612913044
157,0,5.39284297742759
158,0,5.401986559840441
159,0,5.38166928659659
160,0,5.361352013352739
161,0,5.35553204543946
162,0,5.353500318115075
163,0,5.350720656110318
164,0,5.342593746812778
165,0,5.334466837515238
166,0,5.321742234511519
167,0,5.303456688592053
168,0,5.285171142672588
169,0,5.311399042578853
170,0,5.35000186174217
171,0,5.384267631103074
172,0,5.384267631103074
173,0,5.384267631103074
174,0,5.384267631103074
175,0,5.384267631103074
176,0,5.384267631103074
177,0,5.388973791526968
178,0,5.395068973500123
179,0,5.404894115437728
180,0,5.447560389249816
181,0,5.490226663061902
182,0,5.514466546112116
183,0,5.514466546112116
184,0,5.514466546112116
185,0,5.488156081987888
186,0,5.453616717473341
187,0,5.415353868619285
188,0,5.3401799576170355
189,0,5.265006046614786
190,0,5.226657395730297
191,0,5.238847759676608
192,0,5.2510381236229176
193,0,5.290707801994817
194,0,5.339469257780059
195,0,5.384432759539
196,0,5.386464486863385
197,0,5.388496214187771
198,0,5.391363297129193
199,0,5.395426751777964
200,0,5.399490206426734
201,0,5.399036912681054
202,0,5.39700518535667
203,0,5.394541210067655
204,0,5.386414300770114
205,0,5.378287391472574
206,0,5.3766749608629425
207,0,5.384801870160483
208,0,5.392928779458023
209,0,5.372849485430653
210,0,5.342373575564877
211,0,5.313497145058855
212,0,5.309433690410085
213,0,5.305370235761314
214,0,5.302100045167483
215,0,5.300068317843099
216,0,5.298036590518714
217,0,5.338446109039809
218,0,5.395334474122593
219,0,5.449469079700372
220,0,5.4515008070247575
221,0,5.453532534349143
222,0,5.44784207893463
223,0,5.429556533015164
224,0,5.411270987095699
225,0,5.4045250048162465
226,0,5.402493277491861
227,0,5.398437917374262
228,0,5.34561300694025
229,0,5.292788096506239
230,0,5.257991325900396
231,0,5.2539278712516255
232,0,5.249864416602855
233,0,5.250065160975942
234,0,5.2520968883003265
235,0,5.254068716094032
236,0,5.254068716094032
237,0,5.254068716094032
238,0,5.260639856500151
239,0,5.278925402419617
240,0,5.297210948339083
241,0,5.30149295532952
242,0,5.299461228005135
243,0,5.2974683544303796
244,0,5.2974683544303796
245,0,5.2974683544303796
246,0,5.29321386884593
247,0,5.281023504899619
248,0,5.2688331409533085
249,0,5.259401393230705
250,0,5.251274483933165
251,0,5.243272230415687
252,0,5.249367412388842
253,0,5.2554625943619975
254,0,5.262245811484845
255,0,5.270372720782385
256,0,5.278499630079925
257,0,5.275760440731034
258,0,5.267633531433494
259,0,5.2595066221359525
260,0,5.235151796743084
261,0,5.210771068850463
262,0,5.196395181487484
263,0,5.2024903634606385
264,0,5.208585545433794
265,0,5.21200629430744
266,0,5.214038021631825
267,0,5.21606974895621
268,0,5.2221163637423285
269,0,5.228211545715483
270,0,5.245287768677725
271,0,5.285922315165427
272,0,5.326556861653129
273,0,5.371139920446947
274,0,5.417869648907805
275,0,5.464599377368663
276,0,5.451737167335005
277,0,5.437515076064309
278,0,5.4270423716328775
279,0,5.425010644308492
280,0,5.422978916984107
281,0,5.4092910647708194
282,0,5.388973791526968
283,0,5.368656518283118
284,0,5.326720371182822
285,0,5.284054097370735
286,0,5.254068716094032
287,0,5.254068716094032
288,0,5.254068716094032
289,0,5.242602003234574
290,0,5.224316457315108
291,0,5.206030911395643
292,0,5.209132735741078
293,0,5.213196190389848
294,0,5.216676838794173
295,0,5.218708566118559
296,0,5.220740293442944
297,0,5.2290371878951145
298,0,5.241227551841425
299,0,5.253417915787735
300,0,5.238682631240682
301,0,5.2224288126456
302,0,5.21797196378183
303,0,5.244384418998837
304,0,5.270796874215843
305,0,5.284889452987772
306,0,5.290984634960927
307,0,5.297079816934083
308,0,5.301272784081618
309,0,5.305336238730389
310,0,5.30182968782631
311,0,5.27744895993369
312,0,5.253068232041069
313,0,5.235953155329197
314,0,5.223762791382886
315,0,5.211572427436576
316,0,5.210669077757686
317,0,5.210669077757686
318,0,5.211188746658983
319,0,5.213220473983367
320,0,5.215252201307752
321,0,5.23394247378586
322,0,5.264418383651637
323,0,5.294894293517412
324,0,5.280727245058694
325,0,5.262441699139228
326,0,5.247646515061494
327,0,5.243583060412724
328,0,5.239519605763954
329,0,5.251820055334216
330,0,5.2762007832268365
331,0,5.300581511119457
332,0,5.302893309222423
333,0,5.302893309222423
334,0,5.297639958491244
335,0,5.275290957923008
336,0,5.252941957354771
337,0,5.224853934184986
338,0,5.192346296994824
339,0,5.159838659804662
340,0,5.154601498135829
341,0,5.152569770811444
342,0,5.153277232835951
343,0,5.163435869457876
344,0,5.173594506079802
345,0,5.179246107744685
346,0,5.1812778350690705
347,0,5.183309562393456
348,0,5.205108134841939
349,0,5.22948886273456
350,0,5.248208275524891
351,0,5.246176548200505
352,0,5.244144820876119
353,0,5.241007380593524
354,0,5.236943925944753
355,0,5.232880471295983
356,0,5.232368896925859
357,0,5.232368896925859
358,0,5.23112557693771
359,0,5.225030394964554
360,0,5.218935212991398
361,0,5.2074166951324345
362,0,5.191162876537354
363,0,5.174909057942274
364,0,5.163919922422013
365,0,5.153761285800088
366,0,5.148323379758168
367,0,5.162545471028864
368,0,5.17676756229956
369,0,5.184607925193581
370,0,5.186639652517965
371,0,5.188671379842351
372,0,5.162961529931149
373,0,5.132485620065372
374,0,5.106105542973056
375,0,5.097978633675516
376,0,5.089851724377976
377,0,5.085895117540687
378,0,5.085895117540687
379,0,5.085895117540687
380,0,5.101310342706261
381,0,5.119595888625727
382,0,5.135773618627783
383,0,5.141868800600938
384,0,5.147963982574093
385,0,5.173468231393507
386,0,5.218166232529979
387,0,5.262864233666452
388,0,5.26019303837941
389,0,5.248002674433099
390,0,5.23746359484605
391,0,5.235431867521665
392,0,5.23340014019728
393,0,5.226365992608074
394,0,5.2141756286617635
395,0,5.201985264715453
396,0,5.189794900769142
397,0,5.177604536822831
398,0,5.167269439421338
399,0,5.167269439421338
400,0,5.167269439421338
401,0,5.165310562877508
402,0,5.161247108228738
403,0,5.157183653579968
404,0,5.139922875306985
405,0,5.119605602063134
406,0,5.100729155368051
407,0,5.090570518746126
408,0,5.080411882124199
409,0,5.093254665283042
410,0,5.131857484446358
411,0,5.170460303609675
412,0,5.179747968677402
413,0,5.1817796960017874
414,0,5.188619574842845
415,0,5.227222394006162
416,0,5.26582521316948
417,0,5.263184777100894
418,0,5.212391593991266
419,0,5.161598410881638
420,0,5.14938700115428
421,0,5.147355273829895
422,0,5.14532354650551
423,0,5.143291819181125
424,0,5.14126009185674
425,0,5.140144665461121
426,0,5.140144665461121
427,0,5.140144665461121
428,0,5.138558137351243
429,0,5.136526410026858
430,0,5.135169766602289
431,0,5.139233221251058
432,0,5.143296675899828
433,0,5.153626916582618
434,0,5.171912462502084
435,0,5.19019800842155
436,0,5.203787107354529
437,0,5.21597747130084
438,0,5.22673995994826
439,0,5.2247082326238745
440,0,5.22267650529949
441,0,5.21102847494176
442,0,5.186647747049139
443,0,5.162267019156517
444,0,5.137886291263896
445,0,5.113505563371276
446,0,5.0913200723327305
447,0,5.0913200723327305
448,0,5.0913200723327305
449,0,5.104117526117004
450,0,5.134593435982781
451,0,5.165069345848558
452,0,5.172694394213382
453,0,5.172694394213382
454,0,5.174637081694867
455,0,5.199017809587487
456,0,5.223398537480107
457,0,5.229472673672214
458,0,5.209155400428363
459,0,5.188838127184512
460,0,5.182041958811787
461,0,5.180010231487402
462,0,5.177978504163017
463,0,5.175946776838632
464,0,5.173915049514247
465,0,5.171883322189863
466,0,5.169851594865476
467,0,5.167819867541091
468,0,5.195414124309335
469,0,5.23401694347265
470,0,5.270463379531521
471,0,5.2724951068559065
472,0,5.274526834180291
473,0,5.273398456534796
474,0,5.267303274561641
475,0,5.261208092588486
476,0,5.259493670886076
477,0,5.259493670886076
478,0,5.258703644643606
479,0,5.242449826048525
480,0,5.226196007453444
481,0,5.215325052088308
482,0,5.213293324763923
483,0,5.211261597439538
484,0,5.191959378404762
485,0,5.165546923187756
486,0,5.139600712966305
487,0,5.12537862169561
488,0,5.111156530424915
489,0,5.109649328720531
490,0,5.129966601964381
491,0,5.150283875208232
492,0,5.1578376916987345
493,0,5.15986941902312
494,0,5.162637748684234
495,0,5.191081931225625
496,0,5.219526113767016
497,0,5.238520740617224
498,0,5.240552467941609
499,0,5.242584195265994
500,0,5.243218806509946
501,0,5.243218806509946
502,0,5.243040726824142
503,0,5.232882090202217
504,0,5.222723453580292
505,0,5.216094032549728
506,0,5.216094032549728
507,0,5.216094032549728
508,0,5.216094032549728
509,0,5.216094032549728
510,0,5.216443716296395
511,0,5.265205172081637
512,0,5.31396662786688
513,0,5.34629294755877
514,0,5.34629294755877
515,0,5.34629294755877
516,0,5.34629294755877
517,0,5.34629294755877
518,0,5.34629294755877
519,0,5.342242444159877
520,0,5.338178989511107
521,0,5.33477928641851
522,0,5.332747559094125
523,0,5.33071583176974
524,0,5.304672487174214
525,0,5.266069668010896
526,0,5.227466848847578
527,0,5.22293553029702
528,0,5.2188720756482505
529,0,5.216094032549728
530,0,5.216094032549728
531,0,5.216094032549728
532,0,5.20559056889984
533,0,5.18933675030476
534,0,5.173082931709679
535,0,5.182610194900121
536,0,5.192768831522047
537,0,5.196710868203224
538,0,5.186552231581299
539,0,5.176393594959374
540,0,5.155899860935956
541,0,5.12948740571895
542,0,5.103074950501944
543,0,5.110018439342012
544,0,5.118145348639552
545,0,5.125071029511042
546,0,5.129134484159812
547,0,5.133197938808583
548,0,5.169032428310787
549,0,5.223889066069185
550,0,5.278745703827581
551,0,5.252077461425512
552,0,5.221601551559735
553,0,5.199239599741622
554,0,5.197207872417238
555,0,5.195176145092852
556,0,5.175647279185236
557,0,5.145171369319461
558,0,5.114695459453685
559,0,5.113019891500905
560,0,5.113019891500905
561,0,5.114695459453685
562,0,5.12079064142684
563,0,5.126885823399995
564,0,5.142811004029458
565,0,5.165160004597693
566,0,5.187509005165929
567,0,5.2041610746947145
568,0,5.220414893289796
569,0,5.23021898944635
570,0,5.22209208014881
571,0,5.21396517085127
572,0,5.203422853451751
573,0,5.19123248950544
574,0,5.179042125559128
575,0,5.176241417773324
576,0,5.174209690448939
577,0,5.170112238769243
578,0,5.159953602147318
579,0,5.149794965525392
580,0,5.149129595062983
581,0,5.155224777036139
582,0,5.161319959009295
583,0,5.161844484629295
584,0,5.161844484629295
585,0,5.161844484629295
586,0,5.161844484629295
587,0,5.161844484629295
588,0,5.170003772051526
589,0,5.184225863322222
590,0,5.198447954592917
591,0,5.15025149708354
592,0,5.095394859325141
593,0,5.050499351628052
594,0,5.0383089876817415
595,0,5.026118623735431
596,0,5.017361959912643
597,0,5.011266777939488
598,0,5.005171595966333
599,0,5.037187085661184
600,0,5.073758177500116
601,0,5.102623275662498
602,0,5.104655002986882
603,0,5.106686730311267
604,0,5.1233242296839405
605,0,5.151768412225333
606,0,5.180212594766726
607,0,5.127938112452463
608,0,5.064954565396525
609,0,5.017531945067274
610,0,5.0276905816892
611,0,5.037849218311124
612,0,5.0546227058075015
613,0,5.076971706375739
614,0,5.099320706943976
615,0,5.153578349395583
616,0,5.212498441802749
617,0,5.257437659968173
618,0,5.247279023346247
619,0,5.237120386724321
620,0,5.2269617501023955
621,0,5.21680311348047
622,0,5.2066444768585445
623,0,5.187727557507596
624,0,5.167410284263746
625,0,5.151384731447739
626,0,5.153416458772124
627,0,5.15544818609651
628,0,5.158540297004538
629,0,5.162603751653307
630,0,5.166667206302078
631,0,5.167269439421338
632,0,5.167269439421338
633,0,5.167269439421338
634,0,5.167269439421338
635,0,5.167269439421338
636,0,5.174544804039495
637,0,5.18876689531019
638,0,5.202988986580885
639,0,5.232597162704932
640,0,5.265104799895094
641,0,5.287518556712713
642,0,5.261106101495707
643,0,5.2346936462787
644,0,5.2205006953202275
645,0,5.218468967995842
646,0,5.216437240671457
647,0,5.17556957168598
648,0,5.126808115900737
649,0,5.085568098481304
650,0,5.083536371156919
651,0,5.081504643832534
652,0,5.0794729165081485
653,0,5.077441189183764
654,0,5.075409461859379
655,0,5.071710261113386
656,0,5.067646806464617
657,0,5.07184463033086
658,0,5.122637813440487
659,0,5.173430996550112
660,0,5.200795368633044
661,0,5.202827095957429
662,0,5.204858823281814
663,0,5.223354827011774
664,0,5.2457038275800105
665,0,5.255516018267734
666,0,5.188469016563028
667,0,5.121422014858321
668,0,5.086850272219084
669,0,5.088881999543468
670,0,5.0909137268678535
671,0,5.08319316303519
672,0,5.073034526413265
673,0,5.063667534940044
674,0,5.059604080291273
675,0,5.055540625642504
676,0,5.051477170993733
677,0,5.047413716344963
678,0,5.043350261696193
679,0,5.063351848224303
680,0,5.089764303441309
681,0,5.11593392272313
682,0,5.140314650615751
683,0,5.1646953785083705
684,0,5.179945475238019
685,0,5.184008929886789
686,0,5.18807238453556
687,0,5.190552548886921
688,0,5.192584276211306
689,0,5.194394213381555
690,0,5.194394213381555
691,0,5.194394213381555
692,0,5.181905970688083
693,0,5.153461788146692
694,0,5.125017605605302
695,0,5.1106336237111485
696,0,5.100474987089223
697,0,5.0939297491828555
698,0,5.120342204399862
699,0,5.14675465961687
700,0,5.161844484629295
701,0,5.161844484629295
702,0,5.161844484629295
703,0,5.137185304864327
704,0,5.104677667674167
705,0,5.074865509364564
706,0,5.072833782040178
707,0,5.070802054715792
708,0,5.065370624298811
709,0,5.055211987676885
710,0,5.04505335105496
711,0,5.062257467609735
712,0,5.088669922826741
713,0,5.11333719712288
714,0,5.117400651771651
715,0,5.1214641064204205
716,0,5.124698681077091
717,0,5.126730408401476
718,0,5.128762135725861
719,0,5.130793863050246
720,0,5.132825590374631
721,0,5.132655605220002
722,0,5.102179695354224
723,0,5.071703785488447
724,0,5.054153222999477
725,0,5.056184950323862
726,0,5.058216677648247
727,0,5.07207289610993
728,0,5.0903584420293955
729,0,5.108877110446638
730,0,5.131226111014875
731,0,5.153575111583112
732,0,5.161761920411331
733,0,5.147539829140636
734,0,5.133317737869941
735,0,5.11618161537702
736,0,5.097896069457553
737,0,5.080852224620003
738,0,5.088979133917543
739,0,5.097106043215083
740,0,5.102169981916818
741,0,5.102169981916818
742,0,5.102169981916818
743,0,5.103605951746881
744,0,5.105637679071266
745,0,5.108339633576763
746,0,5.128656906820614
747,0,5.148974180064465
748,0,5.157376303421883
749,0,5.145185939475572
750,0,5.132995575529261
751,0,5.1236350596809785
752,0,5.115508150383437
753,0,5.106953849839972
754,0,5.082573121947351
755,0,5.05819239405473
756,0,5.041771828117487
757,0,5.039740100793102
758,0,5.037708373468718
759,0,5.0273133765365445
760,0,5.0130912852658485
761,0,4.999419622114908
762,0,5.019736895358759
763,0,5.040054168602609
764,0,5.0688027055161
765,0,5.113500706652571
766,0,5.158198707789043
767,0,5.174067226700297
768,0,5.176098954024681
769,0,5.178119349005424
770,0,5.178119349005424
771,0,5.178119349005424
772,0,5.186979622827225
773,0,5.213392078044232
774,0,5.23980453326124
775,0,5.213497306949477
776,0,5.160672396515465
777,0,5.107847486081453
778,0,5.129837089465615
779,0,5.15218609003385
780,0,5.163966870702816
781,0,5.15380823408089
782,0,5.143649597458964
783,0,5.138813924536305
784,0,5.13678219721192
785,0,5.134750469887535
786,0,5.106706157186083
787,0,5.0782619746446915
788,0,5.05621247172985
789,0,5.04808556243231
790,0,5.039958653134769
791,0,5.037070524412297
792,0,5.037070524412297
793,0,5.037070524412297
794,0,5.0350906020874175
795,0,5.033058874763032
796,0,5.053290345976453
797,0,5.124400802329934
798,0,5.195511258683415
799,0,5.226673584792643
800,0,5.234800494090183
801,0,5.242927403387722
802,0,5.233424423790798
803,0,5.223265787168873
804,0,5.213704526947503
805,0,5.205577617649963
806,0,5.197450708352423
807,0,5.146225277278168
808,0,5.069019638951532
809,0,4.991814000624896
810,0,5.013437731200047
811,0,5.039850186417052
812,0,5.06222832729751
813,0,5.074418691243821
814,0,5.086609055190132
815,0,5.100045976937061
816,0,5.114268068207757
817,0,5.128490159478453
818,0,5.1292947558770345
819,0,5.1292947558770345
820,0,5.125963046846289
821,0,5.113772682899978
822,0,5.101582318953668
823,0,5.1065491232813285
824,0,5.122802941876409
825,0,5.139056760471489
826,0,5.145831883063165
827,0,5.15192706503632
828,0,5.15107713926317
829,0,5.13075986601932
830,0,5.1104425927754695
831,0,5.096147650724219
832,0,5.085989014102292
833,0,5.075830377480367
834,0,5.0769199013762325
835,0,5.078951628700618
836,0,5.082522935854079
837,0,5.09064984515162
838,0,5.09877675444916
839,0,5.100986561459347
840,0,5.098954834134962
841,0,5.096923106810577
842,0,5.098598674763356
843,0,5.1006304020877415
844,0,5.106107161879292
845,0,5.122360980474372
846,0,5.138614799069454
847,0,5.146731994929586
848,0,5.148763722253971
849,0,5.1507954495783554
850,0,5.150994575045208
851,0,5.150994575045208
852,0,5.151465676759468
853,0,5.153497404083852
854,0,5.155529131408238
855,0,5.149571556465021
856,0,5.137381192518711
857,0,5.125190828572401
858,0,5.111188908549606
859,0,5.0969668172789095
860,0,5.0827447260082135
861,0,5.068522634737518
862,0,5.054300543466823
863,0,5.0411987353104495
864,0,5.02900837136414
865,0,5.01681800741783
866,0,5.009999174357821
867,0,5.003903992384665
868,0,4.999953861172314
869,0,5.004017315821085
870,0,5.008080770469855
871,0,5.0297320224509905
872,0,5.066303114289923
873,0,5.102874206128856
874,0,5.127059046367093
875,0,5.149408046935329
876,0,5.1684933325346725
877,0,5.174588514507827
878,0,5.180683696480983
879,0,5.170606005170788
880,0,5.146225277278166
881,0,5.1218445493855445
882,0,5.118444846292948
883,0,5.118444846292948
884,0,5.129278566814687
885,0,5.186166931897471
886,0,5.2430552969802555
887,0,5.271400726241337
888,0,5.273432453565722
889,0,5.275464180890107
890,0,5.263676924596205
891,0,5.249454833325509
892,0,5.230110522728637
893,0,5.187444248916549
894,0,5.144777975104461
895,0,5.122833701094867
896,0,5.120801973770481
897,0,5.118770246446097
898,0,5.101381574580582
899,0,5.081064301336729
900,0,5.064540125400478
901,0,5.066571852724862
902,0,5.068603580049246
903,0,5.0696202531645564
904,0,5.0696202531645564
905,0,5.0696202531645564
906,0,5.0696202531645564
907,0,5.0696202531645564
908,0,5.070591596905299
909,0,5.076686778878454
910,0,5.08278196085161
911,0,5.092853176536868
912,0,5.107075267807563
913,0,5.121297359078258
914,0,5.127198272303266
915,0,5.131261726952037
916,0,5.1350224461349425
917,0,5.137054173459328
918,0,5.139085900783712
919,0,5.1381987401671685
920,0,5.134135285518398
921,0,5.130071830869627
922,0,5.084928630518644
923,0,5.030071992760248
924,0,4.982820976491863
925,0,4.982820976491863
926,0,4.982820976491863
927,0,4.982820976491863
928,0,4.982820976491863
929,0,4.982820976491863
930,0,5.034729585997113
931,0,5.0997448603774345
932,0,5.156680173741017
933,0,5.158711901065402
934,0,5.160743628389787
935,0,5.153466644865395
936,0,5.135181098945929
937,0,5.116895553026464
938,0,5.141839660288716
939,0,5.178410752127646
940,0,5.210908675880402
941,0,5.212940403204787
942,0,5.214972130529172
943,0,5.2124547313344145
944,0,5.204327822036875
945,0,5.196200912739335
946,0,5.170693426107454
947,0,5.140217516241679
948,0,5.113019891500905
949,0,5.113019891500905
950,0,5.113019891500905
951,0,5.115686230069241
952,0,5.121781412042396
953,0,5.127876594015551
954,0,5.101232635207001
955,0,5.064661543368068
956,0,5.0316455696202524
957,0,5.0316455696202524
958,0,5.0316455696202524
959,0,5.032513303361982
960,0,5.034545030686368
961,0,5.036576758010753
962,0,5.014001110569677
963,0,4.983525200703901
964,0,4.958872496563873
965,0,4.995443588402804
966,0,5.032014680241735
967,0,5.046571885102987
968,0,5.030318066507905
969,0,5.014064247912824
970,0,5.009945750452079
971,0,5.009945750452079
972,0,5.009945750452079
973,0,5.009945750452079
974,0,5.009945750452079
975,0,5.033063731481734
976,0,5.089952096564518
977,0,5.146840461647304
978,0,5.148381660382612
979,0,5.130096114463147
980,0,5.110063768716581
981,0,5.065365767580108
982,0,5.020667766443634
983,0,4.992866289677368
984,0,4.990834562352983
985,0,4.988802835028598
986,0,4.989720754863599
987,0,4.991752482187984
988,0,4.996503971986444
989,0,5.047297155096073
990,0,5.098090338205702
991,0,5.106571787968612
992,0,5.047651695561445
993,0,4.988731603154279
994,0,4.955979511122696
995,0,4.93363051055446
996,0,4.912296564195298
997,0,4.912296564195298
998,0,4.912296564195298
999,0,4.933646699616804
1000,0,4.990535064699586
1001,0,5.047423429782368
1002,0,5.0656280303901084
1003,0,5.067659757714493
1004,0,5.070261340033448
1005,0,5.088546885952914
1006,0,5.106832431872379
1007,0,5.119927764403814
1008,0,5.123991219052583
1009,0,5.128054673701354
1010,0,5.1307064421135795
1011,0,5.132738169437965
1012,0,5.133264313964194
1013,0,5.07434422155703
1014,0,5.015424129149865
1015,0,4.977396021699819
1016,0,4.977396021699819
1017,0,4.977396021699819
1018,0,4.977396021699819
1019,0,4.977396021699819
1020,0,4.977774845758708
1021,0,5.004187300975714
1022,0,5.030599756192719
1023,0,5.04022739156971
1024,0,5.017878391001473
1025,0,4.995529390433236
1026,0,5.00742025672615
1027,0,5.035864439267543
1028,0,5.064260054621897
1029,0,5.080513873216977
1030,0,5.096767691812056
1031,0,5.1075949367088604
1032,0,5.1075949367088604
1033,0,5.1075949367088604
1034,0,5.1075949367088604
1035,0,5.1075949367088604
1036,0,5.1075949367088604
1037,0,5.113651264932386
1038,0,5.119746446905542
1039,0,5.123212525153756
1040,0,5.12118079782937
1041,0,5.119149070504986
1042,0,5.114462336955906
1043,0,5.108367154982751
1044,0,5.102271973009596
1045,0,5.102169981916818
1046,0,5.102169981916818
1047,0,5.101533751766632
1048,0,5.099502024442247
1049,0,5.097470297117861
1050,0,5.108503143106454
1051,0,5.126788689025922
1052,0,5.1450742349453895
1053,0,5.143592935740754
1054,0,5.14156120841637
1055,0,5.140144665461121
1056,0,5.140144665461121
1057,0,5.140144665461121
1058,0,5.140144665461121
1059,0,5.140144665461121
1060,0,5.140144665461121
1061,0,5.102987529565277
1062,0,5.064384710401959
1063,0,5.036476385824209
1064,0,5.034444658499824
1065,0,5.032412931175439
1066,0,5.0316455696202524
1067,0,5.0316455696202524
1068,0,5.0316455696202524
1069,0,5.0316455696202524
1070,0,5.0316455696202524
1071,0,5.033364848041366
1072,0,5.039460030014522
1073,0,5.0455552119876765
1074,0,5.047920433996383
1075,0,5.047920433996383
1076,0,5.047920433996383
1077,0,5.040266245319338
1078,0,5.032139336021798
1079,0,5.025668567802222
1080,0,5.023636840477836
1081,0,5.021605113153451
1082,0,5.028129305278767
1083,0,5.0403196692250765
1084,0,5.052510033171387
1085,0,5.0533453887884265
1086,0,5.0533453887884265
1087,0,5.0533453887884265
1088,0,5.0533453887884265
1089,0,5.0533453887884265
1090,0,5.047339246658173
1091,0,5.037180610036248
1092,0,5.027021973414324
1093,0,5.039320804078348
1094,0,5.053542895349045
1095,0,5.060625610125286
1096,0,5.046403518854591
1097,0,5.032181427583896
1098,0,5.0616260941782505
1099,0,5.122577913909804
1100,0,5.183529733641359
1101,0,5.188969258589512
1102,0,5.188969258589512
1103,0,5.1806577939812275
1104,0,5.146118429466683
1105,0,5.111579064952138
1106,0,5.0828353847573515
1107,0,5.058454656864729
1108,0,5.0340739289721075
1109,0,5.013351929169613
1110,0,4.993034655925762
1111,0,4.974588838289074
1112,0,4.9623984743427645
1113,0,4.950208110396455
1114,0,4.944846292947559
1115,0,4.944846292947559
1116,0,4.944846292947559
1117,0,4.981012658227848
1118,0,5.021647204715551
1119,0,5.056473115633616
1120,0,5.070695206904312
1121,0,5.084917298175008
1122,0,5.0913200723327305
1123,0,5.0913200723327305
1124,0,5.0913200723327305
1125,0,5.078809164951975
1126,0,5.064587073681279
1127,0,5.055048478147194
1128,0,5.063175387444735
1129,0,5.071302296742275
1130,0,5.075045207956601
1131,0,5.075045207956601
1132,0,5.075045207956601
1133,0,5.075045207956601
1134,0,5.075045207956601
1135,0,5.073831028280673
1136,0,5.067735846307517
1137,0,5.061640664334362
1138,0,5.057695389840715
1139,0,5.055663662516331
1140,0,5.053631935191945
1141,0,5.05160020786756
1142,0,5.049568480543176
1143,0,5.050606199439534
1144,0,5.06482829071023
1145,0,5.0790503819809265
1146,0,5.0869490254993925
1147,0,5.088980752823777
1148,0,5.091012480148162
1149,0,5.089595937192914
1150,0,5.087564209868528
1151,0,5.082268767575252
1152,0,5.0619514943314
1153,0,5.041634221087548
1154,0,5.0306127074425975
1155,0,5.028580980118212
1156,0,5.026549252793828
1157,0,5.0279237041869775
1158,0,5.029955431511362
1159,0,5.039502121576616
1160,0,5.086231850037474
1161,0,5.132961578498333
1162,0,5.1665376938033125
1163,0,5.186854967047164
1164,0,5.207172240291015
1165,0,5.187120467669634
1166,0,5.1586762851282435
1167,0,5.134399167234633
1168,0,5.132367439910248
1169,0,5.130335712585863
1170,0,5.116414737874793
1171,0,5.090002282657788
1172,0,5.063589827440784
1173,0,5.0687363303604815
1174,0,5.0809266943067914
1175,0,5.0919190676395205
1176,0,5.095982522288292
1177,0,5.1000459769370625
1178,0,5.1012002570823105
1179,0,5.099168529757925
1180,0,5.09713680243354
1181,0,5.096745027124774
1182,0,5.096745027124774
1183,0,5.096745027124774
1184,0,5.096745027124774
1185,0,5.096745027124774
1186,0,5.097693706178232
1187,0,5.099725433502617
1188,0,5.1017571608270025
1189,0,5.124834669200794
1190,0,5.153278851742186
1191,0,5.178634161188017
1192,0,5.182697615836788
1193,0,5.186761070485558
1194,0,5.193607424951553
1195,0,5.203766061573479
1196,0,5.213924698195404
1197,0,5.182538963025802
1198,0,5.139872689213714
1199,0,5.102169981916818
1200,0,5.102169981916818
1201,0,5.102169981916818
1202,0,5.099450219442741
1203,0,5.0933550374695855
1204,0,5.087259855496429
1205,0,5.084318302868216
1206,0,5.082286575543831
1207,0,5.07896296104426
1208,0,5.064740869773565
1209,0,5.0505187785028705
1210,0,5.035411145521865
1211,0,5.019157326926782
1212,0,5.002903508331699
1213,0,4.999095840867993
1214,0,4.999095840867993
1215,0,4.998901572119844
1216,0,4.99686984479546
1217,0,4.994838117471074
1218,0,5.004044837227073
1219,0,5.0284255651196945
1220,0,5.052806293012317
1221,0,5.067978682242703
1222,0,5.080169046189013
1223,0,5.0913200723327305
1224,0,5.0913200723327305
1225,0,5.0913200723327305
1226,0,5.093850422777363
1227,0,5.099945604750518
1228,0,5.106040786723674
1229,0,5.100026550062246
1230,0,5.089867913440321
1231,0,5.078644036516046
1232,0,5.054263308623427
1233,0,5.029882580730807
1234,0,5.015370705244123
1235,0,5.015370705244123
1236,0,5.015370705244123
1237,0,5.0138780736958495
1238,0,5.011846346371464
1239,0,5.011257064502082
1240,0,5.0315743377459325
1241,0,5.051891610989783
1242,0,5.05457899533917
1243,0,5.030198267446549
1244,0,5.005817539553926
1245,0,4.987323154730201
1246,0,4.97106933613512
1247,0,4.958338257506467
1248,0,5.007099713291707
1249,0,5.0558611690769455
1250,0,5.084334491930562
1251,0,5.0802710372817925
1252,0,5.076207582633022
1253,0,5.075045207956601
1254,0,5.075045207956601
1255,0,5.075134247799502
1256,0,5.077165975123887
1257,0,5.079197702448272
1258,0,5.082747963820683
1259,0,5.088843145793838
1260,0,5.094938327766994
1261,0,5.0981745213298995
1262,0,5.100206248654285
1263,0,5.102509952226078
1264,0,5.1126685888480035
1265,0,5.122827225469929
1266,0,5.13224764084889
1267,0,5.14037455014643
1268,0,5.1485014594439695
1269,0,5.150994575045208
1270,0,5.150994575045208
1271,0,5.150759833641195
1272,0,5.1406011970192695
1273,0,5.130442560397344
1274,0,5.129607204780307
1275,0,5.145861023375387
1276,0,5.1621148419704665
1277,0,5.168656842064364
1278,0,5.17068856938875
1279,0,5.172798004212394
1280,0,5.1809249135099344
1281,0,5.189051822807475
1282,0,5.171421933913009
1283,0,5.104374932208305
1284,0,5.037327930503601
1285,0,5.015370705244123
1286,0,5.015370705244123
1287,0,5.015385275400235
1288,0,5.02148045737339
1289,0,5.027575639346544
1290,0,5.032320653520068
1291,0,5.034352380844453
1292,0,5.036384108168838
1293,0,5.072048612516407
1294,0,5.124873522950425
1295,0,5.177698433384443
1296,0,5.15191735159891
1297,0,5.125504896381906
1298,0,5.1075949367088604
1299,0,5.1075949367088604
1300,0,5.1075949367088604
1301,0,5.102297875509348
1302,0,5.0941709662118075
1303,0,5.086044056914266
1304,0,5.085895117540687
1305,0,5.085895117540687
1306,0,5.085895117540687
1307,0,5.085895117540687
1308,0,5.085895117540687
1309,0,5.087198337059516
1310,0,5.0892300643839015
1311,0,5.091261791708286
1312,0,5.069612158633381
1313,0,5.047263158065144
1314,0,5.0316455696202524
1315,0,5.0316455696202524
1316,0,5.0316455696202524
1317,0,5.045749480735825
1318,0,5.0680984813040615
1319,0,5.090447481872299
1320,0,5.1069392796838615
1321,0,5.123193098278943
1322,0,5.135310611444696
1323,0,5.137342338769081
1324,0,5.139374066093466
1325,0,5.09978857084577
1326,0,5.034773296465451
1327,0,4.969758022085132
1328,0,4.964614756977891
1329,0,4.962583029653505
1330,0,4.961691012318258
1331,0,4.963722739642643
1332,0,4.965754466967028
1333,0,4.972746522994134
1334,0,4.9829051596160605
1335,0,4.993063796237986
1336,0,4.993670886075949
1337,0,4.993670886075949
1338,0,4.99312207686243
1339,0,4.991090349538045
1340,0,4.98905862221366
1341,0,4.988245931283906
1342,0,4.988245931283906
1343,0,4.988245931283906
1344,0,4.978799613405191
1345,0,4.9686409767832656
1346,0,4.964815501350977
1347,0,4.9790375926216734
1348,0,4.9932596838923695
1349,0,5.007481775163066
1350,0,5.02170386643376
1351,0,5.035925957704455
1352,0,5.03893874220699
1353,0,5.040970469531375
1354,0,5.04249547920434
1355,0,5.04249547920434
1356,0,5.04249547920434
1357,0,5.050734093032067
1358,0,5.064956184302761
1359,0,5.079178275573456
1360,0,5.082317334762288
1361,0,5.084349062086673
1362,0,5.083952430059203
1363,0,5.075825520761663
1364,0,5.067698611464123
1365,0,5.063039399321031
1366,0,5.061007671996646
1367,0,5.058975944672261
1368,0,5.077031605906416
1369,0,5.0973488791502675
1370,0,5.113019891500905
1371,0,5.113019891500905
1372,0,5.113019891500905
1373,0,5.114154744771338
1374,0,5.116186472095723
1375,0,5.118218199420108
1376,0,5.06970767410123
1377,0,5.014851036342831
1378,0,4.971527486599504
1379,0,4.969495759275119
1380,0,4.967464031950734
1381,0,4.966546112115733
1382,0,4.966546112115733
1383,0,4.966546112115733
1384,0,4.9522738347517645
1385,0,4.936020016156685
1386,0,4.943428131086066
1387,0,5.0409510426565545
1388,0,5.138473954227042
1389,0,5.182451542089134
1390,0,5.180419814764749
1391,0,5.1783880874403625
1392,0,5.176356360115978
1393,0,5.174324632791594
1394,0,5.1570363331126305
1395,0,5.077798967461603
1396,0,4.998561601810574
1397,0,4.971838316596544
1398,0,4.992155589840394
1399,0,5.012472863084244
1400,0,5.018854591460918
1401,0,5.022918046109687
1402,0,5.023177071107221
1403,0,5.006923252512138
1404,0,4.990669433917056
1405,0,4.982820976491863
1406,0,4.982820976491863
1407,0,4.982820976491863
1408,0,4.982820976491863
1409,0,4.982820976491863
1410,0,4.989649522989272
1411,0,5.0282523421525935
1412,0,5.066855161315915
1413,0,5.077658122619194
1414,0,5.061404304024115
1415,0,5.045150485429035
1416,0,5.044195330750638
1417,0,5.046227058075023
1418,0,5.047920433996383
1419,0,5.047920433996383
1420,0,5.047920433996383
1421,0,5.047920433996383
1422,0,5.047920433996383
1423,0,5.047920433996383
1424,0,5.063029685883622
1425,0,5.081315231803089
1426,0,5.087543164087479
1427,0,5.028623071680309
1428,0,4.969702979273141
1429,0,4.939421338155515
1430,0,4.939421338155515
1431,0,4.939421338155515
1432,0,4.911239418424121
1433,0,4.876700053909577
1434,0,4.851344744463745
1435,0,4.879788927005136
1436,0,4.908233109546528
1437,0,4.923146473779385
1438,0,4.923146473779385
1439,0,4.923146473779385
1440,0,4.934603473201436
1441,0,4.948825564472131
1442,0,4.961396371383565
1443,0,4.963428098707951
1444,0,4.965459826032336
1445,0,4.972218759561666
1446,0,4.984409123507977
1447,0,4.996599487454287
1448,0,5.020099530355302
1449,0,5.046511985572306
1450,0,5.06834941177042
1451,0,5.0581907751484945
1452,0,5.048032138526569
1453,0,5.04249547920434
1454,0,5.04249547920434
1455,0,5.04249547920434
1456,0,5.0409008565632885
1457,0,5.038869129238904
1458,0,5.042432341861187
1459,0,5.089162070322046
1460,0,5.135891798782904
1461,0,5.162747834308185
1462,0,5.16477956163257
1463,0,5.166811288956954
1464,0,5.164122285701334
1465,0,5.160058831052564
1466,0,5.149633074901929
1467,0,5.08461780052161
1468,0,5.01960252614129
1469,0,4.97664484920698
1470,0,4.962422757936284
1471,0,4.9482006666655876
1472,0,4.944846292947559
1473,0,4.944846292947559
1474,0,4.944846292947559
1475,0,4.944846292947559
1476,0,4.944846292947559
1477,0,4.9491525835315135
1478,0,4.95931122015344
1479,0,4.9694698567753655
1480,0,4.971971066907776
1481,0,4.971971066907776
1482,0,4.975710740309634
1483,0,5.020408741446103
1484,0,5.065106742582572
1485,0,5.1056036820403365
1486,0,5.140143046554884
1487,0,5.174682411069432
1488,0,5.1457833158761295
1489,0,5.094990132766501
1490,0,5.047473615875642
1491,0,5.041378433902486
1492,0,5.035283251929331
1493,0,5.032464736174944
1494,0,5.03449646349933
1495,0,5.036528190823716
1496,0,5.037070524412297
1497,0,5.037070524412297
1498,0,5.038093673152544
1499,0,5.054347491747626
1500,0,5.070601310342707
1501,0,5.0700945926912855
1502,0,5.04368213747428
1503,0,5.017269682257275
1504,0,5.009945750452079
1505,0,5.009945750452079
1506,0,5.009838902640598
1507,0,5.007807175316213
1508,0,5.0057754479918275
1509,0,5.002189570682256
1510,0,4.996094388709101
1511,0,4.989999206735946
1512,0,4.986798629110201
1513,0,4.984766901785815
1514,0,4.982820976491863
1515,0,4.982820976491863
1516,0,4.982820976491863
1517,0,4.9797968596456865
1518,0,4.971669950348146
1519,0,4.963543041050606
1520,0,4.991072541569461
1521,0,5.033738815381553
1522,0,5.074527157961536
1523,0,5.058273339366456
1524,0,5.042019520771376
1525,0,5.030910586189758
1526,0,5.028878858865373
1527,0,5.026847131540988
1528,0,5.000926823819289
1529,0,4.964355731980357
1530,0,4.928789980913097
1531,0,4.938948617535022
1532,0,4.949107254156947
1533,0,4.9649773919744336
1534,0,4.99138984719144
1535,0,5.017802302408447
1536,0,5.027604779658767
1537,0,5.0296365069831515
1538,0,5.032189522115072
1539,0,5.0809509779003115
1540,0,5.129712433685552
1541,0,5.161844484629295
1542,0,5.161844484629295
1543,0,5.161844484629295
1544,0,5.138671460787663
1545,0,5.104132096273115
1546,0,5.0696202531645564
1547,0,5.0696202531645564
1548,0,5.0696202531645564
1549,0,5.06894840707721
1550,0,5.066916679752826
1551,0,5.06488495242844
1552,0,5.061511151835597
1553,0,5.057447697186826
1554,0,5.053384242538056
1555,0,5.051333088338856
1556,0,5.0493013610144715
1557,0,5.040761630627114
1558,0,5.018412630058879
1559,0,4.996063629490645
1560,0,5.021271618469127
1561,0,5.072064801578756
1562,0,5.122857984688385
1563,0,5.11988729174795
1564,0,5.115823837099179
1565,0,5.112390136975657
1566,0,5.110358409651272
1567,0,5.1083266823268865
1568,0,5.091995156232548
1569,0,5.067614428339926
1570,0,5.0432337004473045
1571,0,5.04249547920434
1572,0,5.04249547920434
1573,0,5.044321605436934
1574,0,5.050416787410089
1575,0,5.056511969383244
1576,0,5.04342311247675
1577,0,5.019042384584129
1578,0,4.994661656691507
1579,0,5.007315027820903
1580,0,5.021537119091599
1581,0,5.028707254804508
1582,0,5.0185486181825825
1583,0,5.008389981560657
1584,0,5.013326026669862
1585,0,5.027548117940556
1586,0,5.0417702092112515
1587,0,5.044423596529713
1588,0,5.046455323854097
1589,0,5.047353816814284
1590,0,5.045322089489899
1591,0,5.043290362165513
1592,0,5.041258634841129
1593,0,5.039226907516744
1594,0,5.0371951801923585
1595,0,5.029442238235004
1596,0,5.021315328937463
1597,0,5.012097276837821
1598,0,4.999906912891511
1599,0,4.987716548945201
1600,0,4.979173580745377
1601,0,4.9730783987722225
1602,0,4.9669832167990675
1603,0,4.981634318221922
1604,0,4.9978881368170045
1605,0,5.009945750452079
1606,0,5.009945750452079
1607,0,5.009945750452079
1608,0,5.015919514457642
1609,0,5.026078151079568
1610,0,5.036236787701494
1611,0,5.037070524412297
1612,0,5.037070524412297
1613,0,5.0380774840901985
1614,0,5.042140938738969
1615,0,5.046204393387739
1616,0,5.050267848036509
1617,0,5.05433130268528
1618,0,5.0583947573340495
1619,0,5.05877034358047
1620,0,5.05877034358047
1621,0,5.052016266769848
1622,0,5.023572084228456
1623,0,4.995127901687064
1624,0,4.967836380384686
1625,0,4.941423925167679
1626,0,4.915011469950671
1627,0,4.930525448396553
1628,0,4.950842721640403
1629,0,4.967007500392585
1630,0,4.96903922771697
1631,0,4.971070955041355
1632,0,4.992340145151138
1633,0,5.028911236990067
1634,0,5.065482328828995
1635,0,5.067818410525481
1636,0,5.065786683201096
1637,0,5.05538844845646
1638,0,5.014753901968754
1639,0,4.974119355481047
1640,0,4.955696202531646
1641,0,4.955696202531646
1642,0,4.955696202531646
1643,0,4.957476999389673
1644,0,4.959508726714057
1645,0,4.96237904746795
1646,0,4.968474229441106
1647,0,4.974569411414261
1648,0,4.977396021699819
1649,0,4.977396021699819
1650,0,4.977396021699819
1651,0,4.996753283546569
1652,0,5.019102284114806
1653,0,5.039858280948226
1654,0,5.054080372218922
1655,0,5.068302463489618
1656,0,5.076113686071417
1657,0,5.078145413395801
1658,0,5.080177140720187
1659,0,5.090902394524211
1660,0,5.103092758470522
1661,0,5.109625045127012
1662,0,5.091339499207546
1663,0,5.073053953288079
1664,0,5.063147866038747
1665,0,5.061116138714362
1666,0,5.059084411389976
1667,0,5.057052684065591
1668,0,5.055020956741206
1669,0,5.054057707531637
1670,0,5.058121162180408
1671,0,5.062184616829178
1672,0,5.044693953870885
1673,0,5.0060911347075665
1674,0,4.967488315544249
1675,0,4.95772792985603
1676,0,4.95366447520726
1677,0,4.946584998243484
1678,0,4.9242359976752486
1679,0,4.901886997107014
1680,0,4.889591404255457
1681,0,4.887559676931072
1682,0,4.885527949606686
1683,0,4.915332013385117
1684,0,4.951903105224047
1685,0,4.982820976491863
1686,0,4.982820976491863
1687,0,4.982820976491863
1688,0,4.99758540135114
1689,0,5.02806131121692
1690,0,5.0585372210827
1691,0,5.054268165342129
1692,0,5.042077801395819
1693,0,5.034868811933283
1694,0,5.057217812501518
1695,0,5.079566813069753
1696,0,5.093246570751869
1697,0,5.097310025400639
1698,0,5.10137348004941
1699,0,5.100536505526137
1700,0,5.098504778201752
1701,0,5.087225858465514
1702,0,5.016115402112027
1703,0,4.945004945758541
1704,0,4.917235847116974
1705,0,4.939584847685211
1706,0,4.961933848253448
1707,0,4.961708820286837
1708,0,4.955613638313682
1709,0,4.9500203172732435
1710,0,4.947988589948859
1711,0,4.945956862624474
1712,0,4.935634716472859
1713,0,4.915317443229007
1714,0,4.895000169985156
1715,0,4.919241671941604
1716,0,4.95581276378054
1717,0,4.99031489345169
1718,0,5.008600439371155
1719,0,5.02688598529062
1720,0,5.04067097187798
1721,0,5.048797881175521
1722,0,5.056924790473062
1723,0,5.0744737340557995
1724,0,5.09479100729965
1725,0,5.113019891500905
1726,0,5.113019891500905
1727,0,5.113019891500905
1728,0,5.0963176358788544
1729,0,5.057714816715536
1730,0,5.019111997552218
1731,0,5.008396457185596
1732,0,5.006364729861211
1733,0,5.003957416290405
1734,0,4.99786223431725
1735,0,4.991767052344095
1736,0,5.004548317066026
1737,0,5.043151136229343
1738,0,5.081753955392661
1739,0,5.094376567303598
1740,0,5.098440021952369
1741,0,5.101836487232497
1742,0,5.097773032583727
1743,0,5.093709577934956
1744,0,5.075417556390558
1745,0,5.036814737227237
1746,0,4.998211918063916
1747,0,4.961116300604982
1748,0,4.92454520876605
1749,0,4.890596745027125
1750,0,4.890596745027125
1751,0,4.890596745027125
1752,0,4.889780816284902
1753,0,4.887749088960517
1754,0,4.885717361636132
1755,0,4.895574881698424
1756,0,4.90979697296912
1757,0,4.9248916547002475
1758,0,4.953335837241642
1759,0,4.981780019783037
1760,0,4.9887623623727295
1761,0,4.962349907155725
1762,0,4.93593745193872
1763,0,4.92124587786
1764,0,4.911087241238074
1765,0,4.900824994617135
1766,0,4.888634630670826
1767,0,4.8764442667245165
1768,0,4.868896925858952
1769,0,4.868896925858952
1770,0,4.868896925858952
1771,0,4.889113826916255
1772,0,4.9175580094576485
1773,0,4.9450114213834855
1774,0,4.949074876032256
1775,0,4.953138330681027
1776,0,4.953437828334421
1777,0,4.947342646361266
1778,0,4.941247464388111
1779,0,4.939421338155515
1780,0,4.939421338155515
1781,0,4.939482856592429
1782,0,4.941514583916814
1783,0,4.943546311241199
1784,0,4.951432003509787
1785,0,4.969717549429255
1786,0,4.988003095348723
1787,0,4.976847212486297
1788,0,4.952466484593677
1789,0,4.928935682474207
1790,0,4.947221228393674
1791,0,4.965506774313139
1792,0,4.977396021699819
1793,0,4.977396021699819
1794,0,4.977396021699819
1795,0,4.992586218898786
1796,0,5.014935219467023
1797,0,5.037051097537482
1798,0,5.035019370213096
1799,0,5.032987642888711
1800,0,5.03233522367618
1801,0,5.034366951000565
1802,0,5.03639867832495
1803,0,5.054748980493801
1804,0,5.081161435710805
1805,0,5.107573890927809
1806,0,5.115715370381462
1807,0,5.123842279679003
1808,0,5.119934240028752
1809,0,5.091490057487363
1810,0,5.063045874945972
1811,0,5.026568679668648
1812,0,4.985934133180945
1813,0,4.945299586693242
1814,0,4.94685535558466
1815,0,4.948887082909045
1816,0,4.952861497714915
1817,0,4.960988407012455
1818,0,4.9691153163099955
1819,0,4.977242225607536
1820,0,4.985369134905075
1821,0,4.993496044202615
1822,0,5.009575020924362
1823,0,5.025828839519443
1824,0,5.023913673443951
1825,0,4.981247399631866
1826,0,4.9385811258197805
1827,0,4.921849729885495
1828,0,4.91981800256111
1829,0,4.9177862752367245
1830,0,4.905919692537327
1831,0,4.893729328591016
1832,0,4.896070267006211
1833,0,4.9326413588451405
1834,0,4.969212450684069
1835,0,4.9687882972506126
1836,0,4.946439296682377
1837,0,4.924090296114143
1838,0,4.9464975773068165
1839,0,4.970878305199438
1840,0,4.9812328294757515
1841,0,4.956852101583127
1842,0,4.932471373690503
1843,0,4.923146473779385
1844,0,4.923146473779385
1845,0,4.923146473779385
1846,0,4.925071353292289
1847,0,4.927103080616674
1848,0,4.933641842898103
1849,0,4.951927388817568
1850,0,4.970212934737033
1851,0,4.986031267555013
1852,0,5.0002533588257085
1853,0,5.014475450096404
1854,0,5.002043869121146
1855,0,4.987821777850449
1856,0,4.976853688111238
1857,0,4.974821960786853
1858,0,4.972790233462468
1859,0,4.96954594536839
1860,0,4.965482490719619
1861,0,4.96141903607085
1862,0,4.972417885028517
1863,0,4.984608248974828
1864,0,4.991064447038291
1865,0,4.980905810416367
1866,0,4.970747173794442
1867,0,4.979652776990809
1868,0,5.002001777559047
1869,0,5.024350778127286
1870,0,5.02622061482821
1871,0,5.02622061482821
1872,0,5.02622061482821
1873,0,5.02622061482821
1874,0,5.02622061482821
1875,0,5.023879676413022
1876,0,5.019816221764252
1877,0,5.015752767115482
1878,0,5.013530008855417
1879,0,5.011498281531033
1880,0,5.005153787997757
1881,0,4.984836514753902
1882,0,4.964519241510048
1883,0,4.955696202531646
1884,0,4.955696202531646
1885,0,4.955696202531646
1886,0,4.988449913469465
1887,0,5.025021005308394
1888,0,5.05380353925281
1889,0,5.055835266577195
1890,0,5.05786699390158
1891,0,5.067797364744432
1892,0,5.084051183339511
1893,0,5.100305001934592
1894,0,5.042816022638797
1895,0,4.975769020934092
1896,0,4.930577253396051
1897,0,4.965116617910602
1898,0,4.9996559824251525
1899,0,5.022014696430798
1900,0,5.034205060377109
1901,0,5.0463954243234195
1902,0,5.053253111133056
1903,0,5.059348293106211
1904,0,5.065027416177083
1905,0,5.069090870825852
1906,0,5.073154325474623
1907,0,5.073958921873205
1908,0,5.071927194548819
1909,0,5.069895467224434
1910,0,5.057324660313
1911,0,5.043102569042302
1912,0,5.027300425286665
1913,0,5.00495142471843
1914,0,4.982602424150196
1915,0,4.977297268419511
1916,0,4.987455905041436
1917,0,4.997614541663362
1918,0,4.999095840867993
1919,0,4.999095840867993
1920,0,5.00171361224929
1921,0,5.015935703519986
1922,0,5.030157794790682
1923,0,5.037070524412297
1924,0,5.037070524412297
1925,0,5.037070524412297
1926,0,5.049071476329165
1927,0,5.06329356759986
1928,0,5.073986443279192
1929,0,5.067891261306037
1930,0,5.061796079332881
1931,0,5.057747194840222
1932,0,5.055715467515837
1933,0,5.053683740191452
1934,0,5.044878509181627
1935,0,5.034719872559703
1936,0,5.026552490606297
1937,0,5.028584217930681
1938,0,5.030615945255066
1939,0,5.025632951865059
1940,0,5.013442587918748
1941,0,5.001252223972438
1942,0,4.995751180587371
1943,0,4.991687725938601
1944,0,4.990110911266131
1945,0,5.0023012752124405
1946,0,5.0144916391587495
1947,0,5.019814602858017
1948,0,5.017782875533632
1949,0,5.015751148209247
1950,0,5.013719420884862
1951,0,5.011687693560476
1952,0,5.007337692508184
1953,0,4.989052146588719
1954,0,4.970766600669254
1955,0,4.961121157323689
1956,0,4.961121157323689
1957,0,4.961121157323689
1958,0,4.967642111636536
1959,0,4.975769020934076
1960,0,4.984433407101494
1961,0,4.996623771047804
1962,0,5.008814134994114
1963,0,5.016309670860173
1964,0,5.018341398184559
1965,0,5.020373125508943
1966,0,5.038496780804954
1967,0,5.0608457813731915
1968,0,5.080470162748644
1969,0,5.080470162748644
1970,0,5.080470162748644
1971,0,5.080470162748644
1972,0,5.080470162748644
1973,0,5.080470162748644
1974,0,5.058236104523061
1975,0,5.029791921981672
1976,0,5.000214505076085
1977,0,4.96161168591277
1978,0,4.923008866749456
1979,0,4.901446654611211
1980,0,4.901446654611211
1981,0,4.901446654611211
1982,0,4.906147958316403
1983,0,4.912243140289558
1984,0,4.917515917895551
1985,0,4.915484190571166
1986,0,4.913452463246781
1987,0,4.904414109739179
1988,0,4.886128563819712
1989,0,4.867843017900245
1990,0,4.86811013742895
1991,0,4.874205319402105
1992,0,4.879746835443038
1993,0,4.879746835443038
1994,0,4.879746835443038
1995,0,4.879746835443038
1996,0,4.879746835443038
1997,0,4.879746835443038
1998,0,4.898046951518615
1999,0,4.9224276794112365
2000,0,4.9455003310663255
2001,0,4.953627240363866
2002,0,4.961754149661406
2003,0,4.967379848826536
2004,0,4.969411576150921
2005,0,4.971443303475306
2006,0,4.973475030799691
2007,0,4.975506758124077
2008,0,4.978393267940318
2009,0,4.992615359211013
2010,0,5.006837450481708
2011,0,5.015370705244123
2012,0,5.015370705244123
2013,0,5.015370705244123
2014,0,5.04502906746144
2015,0,5.085663613949143
2016,0,5.123991219052584
2017,0,5.126022946376969
2018,0,5.128054673701354
2019,0,5.123753239836104
2020,0,5.109531148565407
2021,0,5.095309057294709
2022,0,5.089858200002913
2023,0,5.087826472678529
2024,0,5.084690651302163
2025,0,5.060309923409543
2026,0,5.035929195516923
2027,0,5.021566259403821
2028,0,5.023597986728206
2029,0,5.025629714052592
2030,0,5.02622061482821
2031,0,5.02622061482821
2032,0,5.026696573261173
2033,0,5.038886937207485
2034,0,5.051077301153796
2035,0,5.053523468474226
2036,0,5.0393013772035316
2037,0,5.025079285932836
2038,0,5.019375879268448
2039,0,5.017344151944064
2040,0,5.015370705244123
2041,0,5.015370705244123
2042,0,5.015370705244123
2043,0,5.009542642799673
2044,0,4.993288824204593
2045,0,4.977035005609513
2046,0,4.971971066907776
2047,0,4.971971066907776
2048,0,4.971896597220986
2049,0,4.967833142572215
2050,0,4.963769687923445
2051,0,4.961121157323689
2052,0,4.961121157323689
2053,0,4.961121157323689
2054,0,4.952855022089973
2055,0,4.940664658143663
2056,0,4.928798075444271
2057,0,4.95724225798566
2058,0,4.98568644052705
2059,0,5.004520795660036
2060,0,5.004520795660036
2061,0,5.004520795660036
2062,0,4.986884431140637
2063,0,4.960471975923627
2064,0,4.934059520706619
2065,0,4.936023253969154
2066,0,4.938054981293538
2067,0,4.939421338155515
2068,0,4.939421338155515
2069,0,4.939421338155515
2070,0,4.940756935799036
2071,0,4.94278866312342
2072,0,4.944820390447806
2073,0,4.95688124189535
2074,0,4.969071605841661
2075,0,4.969019800842157
2076,0,4.942607345625148
2077,0,4.916194890408139
2078,0,4.905557057540784
2079,0,4.903525330216399
2080,0,4.901493602892014
2081,0,4.887553201306134
2082,0,4.873331110035439
2083,0,4.8765608279734
2084,0,4.919227101785491
2085,0,4.961893375597583
2086,0,4.9967986129211415
2087,0,5.027274522786916
2088,0,5.05775043265269
2089,0,5.074480209680737
2090,0,5.09073402827582
2091,0,5.085307454577524
2092,0,5.0284190894947445
2093,0,4.971530724411965
2094,0,4.950271247739602
2095,0,4.950271247739602
2096,0,4.950271247739602
2097,0,4.967755435072954
2098,0,4.986040980992419
2099,0,4.998514653529782
2100,0,4.996482926205398
2101,0,4.994451198881013
2102,0,4.9924194715566275
2103,0,4.990387744232241
2104,0,4.988356016907856
2105,0,4.951734738975641
2106,0,4.913131919812326
2107,0,4.889092781135212
2108,0,4.9033148724059075
2109,0,4.917536963676602
2110,0,4.941602004853482
2111,0,4.972077914719256
2112,0,5.002553824585031
2113,0,5.006421391579421
2114,0,5.008453118903805
2115,0,5.010484846228191
2116,0,5.012516573552576
2117,0,5.014548300876962
2118,0,5.009324090458005
2119,0,4.99916545383608
2120,0,4.989006817214155
2121,0,4.969450429900551
2122,0,4.949133156656698
2123,0,4.933996383363472
2124,0,4.933996383363472
2125,0,4.933996383363472
2126,0,4.931619829011123
2127,0,4.927556374362354
2128,0,4.923492919713583
2129,0,4.943590021709531
2130,0,4.96593902227777
2131,0,4.984808993347915
2132,0,4.992935902645455
2133,0,5.001062811942995
2134,0,4.981176167757542
2135,0,4.940541621269842
2136,0,4.899907074782143
2137,0,4.899696616971641
2138,0,4.903760071620412
2139,0,4.907347567836219
2140,0,4.909379295160603
2141,0,4.911411022484988
2142,0,4.926050791564201
2143,0,4.950431519456822
2144,0,4.974812247349441
2145,0,4.975579608904632
2146,0,4.973547881580247
2147,0,4.970606328952034
2148,0,4.964511146978879
2149,0,4.958415965005724
2150,0,4.9489453635334915
2151,0,4.936754999587181
2152,0,4.924564635640871
2153,0,4.908783537666284
2154,0,4.892529719071201
2155,0,4.883651637280821
2156,0,4.901937183200286
2157,0,4.920222729119751
2158,0,4.9296755226234055
2159,0,4.931707249947791
2160,0,4.933738977272176
2161,0,4.9606112018598045
2162,0,4.991087111725579
2163,0,5.017021989603385
2164,0,5.025148898900925
2165,0,5.033275808198464
2166,0,5.033821379599516
2167,0,5.027726197626361
2168,0,5.021631015653205
2169,0,5.031315312748398
2170,0,5.043505676694711
2171,0,5.051386512244597
2172,0,5.0412278756226705
2173,0,5.031069239000744
2174,0,5.02622061482821
2175,0,5.02622061482821
2176,0,5.02622061482821
2177,0,5.01755946647326
2178,0,5.007400829851336
2179,0,5.008364079060903
2180,0,5.059157262170528
2181,0,5.109950445280153
2182,0,5.107654836239551
2183,0,5.054829925805541
2184,0,5.002005015371532
2185,0,4.991959702186009
2186,0,4.989927974861624
2187,0,4.988245931283906
2188,0,4.988245931283906
2189,0,4.988245931283906
2190,0,4.983146376645009
2191,0,4.9729877400230835
2192,0,4.962829103401159
2193,0,4.984783090848162
2194,0,5.0132272733895515
2195,0,5.036084610515444
2196,0,5.029989428542289
2197,0,5.023894246569133
2198,0,5.0177990645959785
2199,0,5.011703882622823
2200,0,5.005608700649667
2201,0,4.99784442634867
2202,0,4.9897175170511305
2203,0,4.97851468590791
2204,0,4.950070503366515
2205,0,4.92162632082512
2206,0,4.906871609403255
2207,0,4.906871609403255
2208,0,4.906871609403255
2209,0,4.906871609403255
2210,0,4.906871609403255
2211,0,4.909163980631404
2212,0,4.925417799226486
2213,0,4.941671617821569
2214,0,4.9512280213242335
2215,0,4.953259748648619
2216,0,4.955291475973004
2217,0,4.980101214017784
2218,0,5.010577123883559
2219,0,5.037867026279704
2220,0,5.04396220825286
2221,0,5.050057390226016
2222,0,5.0533453887884265
2223,0,5.0533453887884265
2224,0,5.0533453887884265
2225,0,5.0533453887884265
2226,0,5.0533453887884265
2227,0,5.048700746801452
2228,0,5.010097927638131
2229,0,4.97149510847481
2230,0,4.951185929762135
2231,0,4.95321765708652
2232,0,4.955249384410905
2233,0,4.949356565717071
2234,0,4.941229656419531
2235,0,4.936900701148285
2236,0,4.963313156365294
2237,0,4.989725611582303
2238,0,5.005414431901518
2239,0,5.007446159225903
2240,0,5.009477886550289
2241,0,5.003690296761701
2242,0,4.99556338746416
2243,0,4.9848057555354375
2244,0,4.950266391020893
2245,0,4.915727026506349
2246,0,4.884678023833537
2247,0,4.858265568616532
2248,0,4.831853113399528
2249,0,4.82086883459797
2250,0,4.814773652624815
2251,0,4.812123503118816
2252,0,4.84463114030898
2253,0,4.8771387774991455
2254,0,4.913052593406846
2255,0,4.953687139894552
2256,0,4.994321686382259
2257,0,5.012129654962517
2258,0,5.022288291584442
2259,0,5.0316455696202524
2260,0,5.0316455696202524
2261,0,5.0316455696202524
2262,0,5.008391600466893
2263,0,4.951503235384114
2264,0,4.894614870301335
2265,0,4.887250465840267
2266,0,4.897409102462192
2267,0,4.906453931594737
2268,0,4.9003587496215815
2269,0,4.894263567648426
2270,0,4.893834557496264
2271,0,4.901961466793805
2272,0,4.9100883760913465
2273,0,4.91673560509049
2274,0,4.922830787063645
2275,0,4.929516869812419
2276,0,4.9457706884074994
2277,0,4.962024507002579
2278,0,4.988527620968719
2279,0,5.031193894780803
2280,0,5.073860168592887
2281,0,5.0786019449539515
2282,0,5.068443308332025
2283,0,5.058090402961949
2284,0,5.043868311691255
2285,0,5.02964622042056
2286,0,5.02002829848098
2287,0,5.017996571156595
2288,0,5.01596484383221
2289,0,4.996682051672245
2290,0,4.97026959645524
2291,0,4.945987621842932
2292,0,4.976463531708707
2293,0,5.006939441574482
2294,0,5.020250088635118
2295,0,5.003996270040035
2296,0,4.987742451444952
2297,0,4.9700720898946225
2298,0,4.951786543975158
2299,0,4.933941340551496
2300,0,4.931909613227112
2301,0,4.929877885902727
2302,0,4.928571428571429
2303,0,4.928571428571429
2304,0,4.928571428571429
2305,0,4.936944411616626
2306,0,4.949134775562935
2307,0,4.961155154354614
2308,0,4.9631868816789995
2309,0,4.965218609003385
2310,0,4.972884130024071
2311,0,4.9911696759435396
2312,0,5.009455221863007
2313,0,5.007123996885223
2314,0,4.994933632938913
2315,0,4.982937537740751
2316,0,5.001223083660216
2317,0,5.01950862957968
2318,0,5.032328748051241
2319,0,5.034360475375626
2320,0,5.036392202700012
2321,0,5.037070524412297
2322,0,5.037070524412297
2323,0,5.037070524412297
2324,0,5.037070524412297
2325,0,5.037070524412297
2326,0,5.037732657062236
2327,0,5.039764384386621
2328,0,5.041796111711006
2329,0,5.035833680049085
2330,0,5.02567504342716
2331,0,5.015516406805236
2332,0,5.015370705244123
2333,0,5.015370705244123
2334,0,5.005754402210785
2335,0,4.975278492345005
2336,0,4.944802582479225
2337,0,4.949732151963493
2338,0,4.974112879856118
2339,0,4.998493607748741
2340,0,5.010985088254676
2341,0,5.023175452200986
2342,0,5.032265610708093
2343,0,5.034297338032478
2344,0,5.036329065356863
2345,0,5.037070524412297
2346,0,5.037070524412297
2347,0,5.037070524412297
2348,0,5.0135445790115325
2349,0,4.989163851118914
2350,0,4.971971066907776
2351,0,4.971971066907776
2352,0,4.971971066907776
2353,0,4.950394284613427
2354,0,4.915854920098877
2355,0,4.881315555584326
2356,0,4.885565184450083
2357,0,4.891660366423238
2358,0,4.897755548396393
2359,0,4.903850730369548
2360,0,4.909945912342703
2361,0,4.93226739150495
2362,0,4.964775028695109
2363,0,4.997282665885269
2364,0,4.997177436980028
2365,0,4.995145709655643
2366,0,4.9920001748418725
2367,0,4.985904992868718
2368,0,4.9798098108955635
2369,0,4.978623152625623
2370,0,4.980654879950008
2371,0,4.982686607274394
2372,0,4.982820976491863
2373,0,4.982820976491863
2374,0,4.987107840201005
2375,0,5.003361658796084
2376,0,5.019615477391165
2377,0,5.037075381131
2378,0,5.055360927050469
2379,0,5.073646472969936
2380,0,5.088179394237668
2381,0,5.102401485508363
2382,0,5.117653201144244
2383,0,5.135938747063709
2384,0,5.154224292983174
2385,0,5.145253933537427
2386,0,5.116809750996038
2387,0,5.088365568454648
2388,0,5.039513453920271
2389,0,4.988720270810638
2390,0,4.951258780542689
2391,0,4.95532223519146
2392,0,4.9593856898402295
2393,0,4.972761093150244
2394,0,4.993078366394098
2395,0,5.0133956396379515
2396,0,5.00986804295282
2397,0,5.003772860979665
2398,0,4.995314075904038
2399,0,4.979060257308959
2400,0,4.962806438713879
2401,0,4.96026799373807
2402,0,4.96839490303561
2403,0,4.976521812333149
2404,0,4.977396021699819
2405,0,4.977396021699819
2406,0,4.96745917523203
2407,0,4.922761174095553
2408,0,4.8780631729590755
2409,0,4.836730877884274
2410,0,4.79812805872096
2411,0,4.759525239557645
2412,0,4.774686296444397
2413,0,4.797035297012632
2414,0,4.830580653099148
2415,0,4.905754564101393
2416,0,4.980928475103637
2417,0,5.003261286609547
2418,0,4.980912286041312
2419,0,4.958563285473077
2420,0,4.955696202531646
2421,0,4.955696202531646
2422,0,4.955696202531646
2423,0,4.955696202531646
2424,0,4.955696202531646
2425,0,4.955696202531646
2426,0,4.955696202531646
2427,0,4.955696202531646
2428,0,4.985446842404335
2429,0,5.01998620691888
2430,0,5.0490860464852725
2431,0,5.055181228458428
2432,0,5.061276410431583
2433,0,5.057842710308065
2434,0,5.045652346361752
2435,0,5.03346198241544
2436,0,5.0316455696202524
2437,0,5.0316455696202524
2438,0,5.028338144183028
2439,0,5.01005259826356
2440,0,4.991767052344093
2441,0,4.979707819802784
2442,0,4.973612637829629
2443,0,4.967517455856474
2444,0,4.968254058193204
2445,0,4.970285785517588
2446,0,4.97439618844716
2447,0,4.988618279717857
2448,0,5.002840370988554
2449,0,5.009945750452079
2450,0,5.009945750452079
2451,0,5.009945750452079
2452,0,5.009945750452079
2453,0,5.009945750452079
2454,0,5.009945750452079
2455,0,5.009945750452079
2456,0,5.009945750452079
2457,0,5.015919514457643
2458,0,5.028109878403953
2459,0,5.040300242350263
2460,0,5.04249547920434
2461,0,5.04249547920434
2462,0,5.041886770460141
2463,0,5.03782331581137
2464,0,5.033759861162601
2465,0,5.019950590981719
2466,0,4.9955698630890994
2467,0,4.9711891351964805
2468,0,4.96490130338141
2469,0,4.962869576057025
2470,0,4.9577214542310974
2471,0,4.933340726338473
2472,0,4.90895999844585
2473,0,4.9026964502243
2474,0,4.9169185414949945
2475,0,4.93114063276569
2476,0,4.911263702017643
2477,0,4.882819519476248
2478,0,4.857260227844862
2479,0,4.851165045871707
2480,0,4.845069863898552
2481,0,4.8427046418898465
2482,0,4.844736369214232
2483,0,4.846768096538616
2484,0,4.858416126896344
2485,0,4.8726382181670385
2486,0,4.8851717902350815
2487,0,4.8851717902350815
2488,0,4.8851717902350815
2489,0,4.886083234445144
2490,0,4.88811496176953
2491,0,4.890146689093915
2492,0,4.882688388071249
2493,0,4.872529751449323
2494,0,4.863031628571104
2495,0,4.858968173922334
2496,0,4.854904719273564
2497,0,4.852622061482821
2498,0,4.852622061482821
2499,0,4.852622061482821
2500,0,4.865107066363819
2501,0,4.881360884958899
2502,0,4.8962208252860195
2503,0,4.898252552610405
2504,0,4.90028427993479
2505,0,4.907532123146959
2506,0,4.921754214417657
2507,0,4.935976305688354
2508,0,4.937881758326439
2509,0,4.9358500310020545
2510,0,4.936667578650515
2511,0,4.96714348851629
2512,0,4.9976193983820645
2513,0,5.015370705244123
2514,0,5.015370705244123
2515,0,5.015370705244123
2516,0,5.022963375484254
2517,0,5.033122012106181
2518,0,5.039668868918779
2519,0,5.00309777707985
2520,0,4.96652668524092
2521,0,4.947328076205154
2522,0,4.95342325817831
2523,0,4.959518440151466
2524,0,4.964116133857644
2525,0,4.9681795885064135
2526,0,4.973330948144815
2527,0,4.993648221388665
2528,0,5.013965494632515
2529,0,5.0189646770848695
2530,0,5.000679131165402
2531,0,4.982393585245934
2532,0,5.003971986446522
2533,0,5.0405430782854515
2534,0,5.075504977327219
2535,0,5.083631886624758
2536,0,5.091758795922298
2537,0,5.0998857052198385
2538,0,5.10801261451738
2539,0,5.116139523814922
2540,0,5.116989449588069
2541,0,5.114957722263685
2542,0,5.111517546515224
2543,0,5.079009909325059
2544,0,5.0465022721348936
2545,0,5.02622061482821
2546,0,5.02622061482821
2547,0,5.02622061482821
2548,0,5.027654965752038
2549,0,5.029686693076424
2550,0,5.031718420400808
2551,0,5.033750147725193
2552,0,5.035781875049579
2553,0,5.024438199063955
2554,0,4.989898834549404
2555,0,4.955359470034853
2556,0,4.932126546662543
2557,0,4.913841000743078
2558,0,4.89586628482065
2559,0,4.889771102847494
2560,0,4.883675920874338
2561,0,4.879746835443038
2562,0,4.879746835443038
2563,0,4.879746835443038
2564,0,4.879746835443038
2565,0,4.879746835443038
2566,0,4.879777594661495
2567,0,4.881809321985879
2568,0,4.883841049310265
2569,0,4.892181654230765
2570,0,4.912498927474617
2571,0,4.93281620071847
2572,0,4.928451629510069
2573,0,4.912197810914986
2574,0,4.89601198638176
2575,0,4.8939802590573755
2576,0,4.89194853173299
2577,0,4.900795854304919
2578,0,4.931271764170694
2579,0,4.961747674036468
2580,0,5.011125933097079
2581,0,5.070046025504244
2582,0,5.128966117911408
2583,0,5.125253965915549
2584,0,5.1211905112667795
2585,0,5.118444846292948
2586,0,5.118444846292948
2587,0,5.118444846292948
2588,0,5.114457480237203
2589,0,5.108362298264046
2590,0,5.10226711629089
2591,0,5.066181696322324
2592,0,5.029610604483393
2593,0,5.003882946603615
2594,0,5.001851219279231
2595,0,4.999819491954845
2596,0,5.000403917105525
2597,0,5.00243564442991
2598,0,5.004467371754295
2599,0,5.004520795660036
2600,0,5.004520795660036
2601,0,5.003287189109294
2602,0,4.999223734460523
2603,0,4.995160279811754
2604,0,4.9949579165324325
2605,0,4.996989643856818
2606,0,4.999021371181203
2607,0,5.003010356143183
2608,0,5.007073810791953
2609,0,5.01352029541801
2610,0,5.02571065936432
2611,0,5.03790102331063
2612,0,5.037431540502606
2613,0,5.029304631205064
2614,0,5.021177721907523
2615,0,5.032412931175441
2616,0,5.0446032951217505
2617,0,5.052770677075154
2618,0,5.0507389497507695
2619,0,5.048707222426384
2620,0,5.047920433996383
2621,0,5.047920433996383
2622,0,5.047920433996383
2623,0,5.032599105392412
2624,0,5.016345286797333
2625,0,5.004520795660036
2626,0,5.004520795660036
2627,0,5.004520795660036
2628,0,5.0032969025467
2629,0,5.001265175222316
2630,0,4.999233447897931
2631,0,4.999095840867993
2632,0,4.999095840867993
2633,0,5.0017589416238595
2634,0,5.011917578245785
2635,0,5.02207621486771
2636,0,5.021409225499069
2637,0,5.013282316201528
2638,0,5.005155406903986
2639,0,4.967059305392088
2640,0,4.926424758904389
2641,0,4.893975402338672
2642,0,4.885848493041131
2643,0,4.877721583743589
2644,0,4.875503682202231
2645,0,4.877535409526616
2646,0,4.879567136851001
2647,0,4.9223434962870405
2648,0,4.969073224747895
2649,0,5.005011324249111
2650,0,5.007043051573495
2651,0,5.00907477889788
2652,0,4.999498948520405
2653,0,4.9812134026009405
2654,0,4.962927856681476
2655,0,4.962952140274987
2656,0,4.964983867599373
2657,0,4.966546112115733
2658,0,4.966546112115733
2659,0,4.966546112115733
2660,0,4.968825532094008
2661,0,4.9728889867427775
2662,0,4.976952441391547
2663,0,4.9665363986783255
2664,0,4.954346034732016
2665,0,4.947088478082437
2666,0,4.957247114704361
2667,0,4.967405751326287
2668,0,4.973089731115864
2669,0,4.975121458440249
2670,0,4.977153185764634
2671,0,5.007807175316211
2672,0,5.042346539830755
2673,0,5.0696202531645564
2674,0,5.0696202531645564
2675,0,5.0696202531645564
2676,0,5.078401200580865
2677,0,5.094655019175945
2678,0,5.110908837771025
2679,0,5.088270052986804
2680,0,5.0598258704454135
2681,0,5.04032128813131
2682,0,5.056575106726393
2683,0,5.072828925321476
2684,0,5.055708991890895
2685,0,5.0089792634300405
2686,0,4.962249534969186
2687,0,4.955696202531646
2688,0,4.955696202531646
2689,0,4.955310902847819
2690,0,4.953279175523433
2691,0,4.951247448199048
2692,0,4.959770989524059
2693,0,4.978056535443524
2694,0,4.996342081362989
2695,0,5.002547348960095
2696,0,5.006610803608866
2697,0,5.003024926299285
2698,0,4.964422107135971
2699,0,4.925819287972656
2700,0,4.897561279648244
2701,0,4.879275733728779
2702,0,4.860990187809314
2703,0,4.859751724539866
2704,0,4.861783451864251
2705,0,4.8730817984753
2706,0,4.92997016355809
2707,0,4.986858528640878
2708,0,5.020437881758328
2709,0,5.030596518380254
2710,0,5.040755155002181
2711,0,5.027342516848762
2712,0,5.009056970929297
2713,0,4.99334872373527
2714,0,4.991316996410885
2715,0,4.9892852690864995
2716,0,4.97534486750062
2717,0,4.948932412283615
2718,0,4.922519957066611
2719,0,4.926034602501856
2720,0,4.936193239123781
2721,0,4.948158575103482
2722,0,4.9705075756717205
2723,0,4.992856576239959
2724,0,5.021033639252649
2725,0,5.0555730037672
2726,0,5.09011236828175
2727,0,5.096745027124774
2728,0,5.096745027124774
2729,0,5.095904814789032
2730,0,5.089809632815877
2731,0,5.083714450842722
2732,0,5.088072546426183
2733,0,5.1043263650212625
2734,0,5.120580183616342
2735,0,5.119008225662579
2736,0,5.112913043689424
2737,0,5.1075949367088604
2738,0,5.1075949367088604
2739,0,5.1075949367088604
2740,0,5.106665684530218
2741,0,5.104633957205833
2742,0,5.102602229881447
2743,0,5.074978832800977
2744,0,5.040439468286433
2745,0,5.009707771235598
2746,0,5.0076760439112125
2747,0,5.005644316586827
2748,0,4.9927141124913215
2749,0,4.966301657274317
2750,0,4.939889202057313
2751,0,4.932417949784767
2752,0,4.930386222460382
2753,0,4.928137561700564
2754,0,4.924074107051794
2755,0,4.9200106524030245
2756,0,4.921270161453519
2757,0,4.92939707075106
2758,0,4.937523980048601
2759,0,4.962782155120361
2760,0,4.993258064986136
2761,0,5.022362761271229
2762,0,5.03861657986631
2763,0,5.054870398461389
2764,0,5.046873001662622
2765,0,5.006238455174915
2766,0,4.965603908687209
2767,0,4.949550834465218
2768,0,4.941423925167678
2769,0,4.933821541490139
2770,0,4.931789814165754
2771,0,4.929758086841368
2772,0,4.938712257224771
2773,0,4.963092985117394
2774,0,4.987473713010019
2775,0,4.995186182311507
2776,0,4.997217909635892
2777,0,4.999557229144845
2778,0,5.005652411118001
2779,0,5.011747593091157
2780,0,5.026083007798277
2781,0,5.0524954630152825
2782,0,5.078907918232287
2783,0,5.066469861632084
2784,0,5.0400574064150785
2785,0,5.014574203376716
2786,0,5.002383839430406
2787,0,4.990193475484096
2788,0,4.982017998999517
2789,0,4.9799862716751315
2790,0,4.977954544350746
2791,0,4.965610384312149
2792,0,4.949356565717066
2793,0,4.933996383363472
2794,0,4.933996383363472
2795,0,4.933996383363472
2796,0,4.954326607857209
2797,0,5.007151518291218
2798,0,5.059976428725228
2799,0,5.07649736684901
2800,0,5.078529094173395
2801,0,5.080832797745186
2802,0,5.088959707042727
2803,0,5.097086616340267
2804,0,5.092278464823603
2805,0,5.0658660096065935
2806,0,5.039453554389583
2807,0,5.007316646727135
2808,0,4.972777282212585
2809,0,4.939421338155515
2810,0,4.939421338155515
2811,0,4.939421338155515
2812,0,4.939421338155515
2813,0,4.939421338155515
2814,0,4.939421338155515
2815,0,4.935191136164585
2816,0,4.929095954191429
2817,0,4.923146473779385
2818,0,4.923146473779385
2819,0,4.923146473779385
2820,0,4.923146473779385
2821,0,4.923146473779385
2822,0,4.923146473779385
2823,0,4.920368430680862
2824,0,4.916304976032092
2825,0,4.912626821067156
2826,0,4.937007548959776
2827,0,4.9613882768523965
2828,0,4.984373507570816
2829,0,5.0046907808146655
2830,0,5.025008054058516
2831,0,5.033013545388464
2832,0,5.035045272712849
2833,0,5.037096426912048
2834,0,5.045223336209589
2835,0,5.05335024550713
2836,0,5.064860668834922
2837,0,5.083146214754387
2838,0,5.101431760673852
2839,0,5.108941866696022
2840,0,5.110973594020408
2841,0,5.113005321344794
2842,0,5.100916948491259
2843,0,5.088726584544949
2844,0,5.066045708198627
2845,0,5.021347707062157
2846,0,4.976649705925687
2847,0,4.965098809942027
2848,0,4.971193991915182
2849,0,4.977289173888339
2850,0,4.971407687538145
2851,0,4.96531250556499
2852,0,4.960486546079737
2853,0,4.958454818755353
2854,0,4.956423091430969
2855,0,4.955696202531646
2856,0,4.955696202531646
2857,0,4.955696202531646
2858,0,4.955696202531646
2859,0,4.955696202531646
2860,0,4.9520148097542345
2861,0,4.939824445807922
2862,0,4.927634081861609
2863,0,4.920578888491356
2864,0,4.916515433842586
2865,0,4.912451979193817
2866,0,4.918158623670676
2867,0,4.924253805643831
2868,0,4.918498593979938
2869,0,4.883959229465393
2870,0,4.849419864950849
2871,0,4.836347197106691
2872,0,4.836347197106691
2873,0,4.836347197106691
2874,0,4.863408833723765
2875,0,4.891853016265159
2876,0,4.923154568310571
2877,0,4.961757387473886
2878,0,5.000360206637201
2879,0,5.0128873030802925
2880,0,5.008823848431522
2881,0,5.004760393782752
2882,0,4.970106086925551
2883,0,4.933534995086622
2884,0,4.910724606241529
2885,0,4.924946697512224
2886,0,4.939168788782919
2887,0,4.944846292947559
2888,0,4.944846292947559
2889,0,4.944846292947559
2890,0,4.946737175429536
2891,0,4.948768902753922
2892,0,4.940212983304208
2893,0,4.901610164140894
2894,0,4.863007344977579
2895,0,4.881985782765455
2896,0,4.94090587517262
2897,0,4.999825967579784
2898,0,5.006390632360964
2899,0,5.0084223596853485
2900,0,5.015029116028625
2901,0,5.035346389272475
2902,0,5.055663662516325
2903,0,5.050052533507318
2904,0,5.025671805614694
2905,0,5.00129107772207
2906,0,4.999095840867993
2907,0,4.999095840867993
2908,0,5.006405202517083
2909,0,5.036881112382858
2910,0,5.067357022248633
2911,0,5.065422429298316
2912,0,5.039009974081311
2913,0,5.012597518864306
2914,0,4.9861850636473015
2915,0,4.959772608430296
2916,0,4.938022603168848
2917,0,4.931927421195692
2918,0,4.925832239222536
2919,0,4.922010001602716
2920,0,4.919978274278332
2921,0,4.917946546953948
2922,0,4.9141081202717825
2923,0,4.910044665623011
2924,0,4.911323601548326
2925,0,4.931640874792175
2926,0,4.9519581480360255
2927,0,4.954428598949977
2928,0,4.942238235003667
2929,0,4.930047871057358
2930,0,4.921428814264507
2931,0,4.913301904966965
2932,0,4.9085682231370855
2933,0,4.916695132434626
2934,0,4.924822041732166
2935,0,4.934043331644275
2936,0,4.9442019682662
2937,0,4.954360604888125
2938,0,4.976871496079815
2939,0,5.0012522239724335
2940,0,5.020795660036166
2941,0,5.020795660036166
2942,0,5.020795660036166
2943,0,5.021868994869686
2944,0,5.023900722194072
2945,0,5.025932449518457
2946,0,5.020989928784314
2947,0,5.014894746811158
2948,0,5.00956368858072
2949,0,5.007531961256335
2950,0,5.005500233931951
2951,0,4.989788748925452
2952,0,4.961344566384063
2953,0,4.932900383842673
2954,0,4.990582012980373
2955,0,5.0637241966582325
2956,0,5.123869801084991
2957,0,5.123869801084991
2958,0,5.123869801084991
2959,0,5.124901044356412
2960,0,5.1269327716807975
2961,0,5.128964499005183
2962,0,5.074847701395971
2963,0,5.009832427015652
2964,0,4.9546762916038665
2965,0,4.9485811096307115
2966,0,4.942485927657557
2967,0,4.9343703507036585
2968,0,4.924211714081734
2969,0,4.914053077459808
2970,0,4.92910081091013
2971,0,4.949418084153983
2972,0,4.966227187587522
2973,0,4.964195460263137
2974,0,4.962163732938752
2975,0,4.970023522707587
2976,0,4.988309068627055
2977,0,5.006594614546523
2978,0,5.009945750452079
2979,0,5.009945750452079
2980,0,5.007562720474792
2981,0,4.991308901879712
2982,0,4.975055083284633
2983,0,4.964609900259188
2984,0,4.960546445610418
2985,0,4.956482990961648
2986,0,4.952419536312878
2987,0,4.948356081664107
2988,0,4.9470609566764505
2989,0,4.96331477527153
2990,0,4.97956859386661
2991,0,4.989192991431129
2992,0,4.9912247187555145
2993,0,4.9932564460799
2994,0,5.001757322717626
2995,0,5.011915959339551
2996,0,5.0187493625556705
2997,0,5.002495543960591
2998,0,4.986241725365511
2999,0,4.98017406479834
3000,0,4.986269246771497
3001,0,4.9923644287446525
3002,0,4.990478402981378
3003,0,4.986414948332608
3004,0,4.987750545976125
3005,0,5.0304168197882095
3006,0,5.073083093600294
3007,0,5.099459932880147
3008,0,5.105555114853303
3009,0,5.1116502968264586
3010,0,5.127196653397033
3011,0,5.145482199316498
3012,0,5.161630789006332
3013,0,5.159599061681947
3014,0,5.1575673343575605
3015,0,5.131669691323137
3016,0,5.074781326240358
3017,0,5.017892961157578
3018,0,5.004520795660036
3019,0,5.004520795660036
3020,0,5.000860448663678
3021,0,4.962257629500363
3022,0,4.923654810337049
3023,0,4.900583777588186
3024,0,4.898552050263801
3025,0,4.896520322939415
3026,0,4.897554804023306
3027,0,4.899586531347691
3028,0,4.904707131767648
3029,0,4.943309950930962
3030,0,4.981912770094277
3031,0,5.0112554455958485
3032,0,5.027509264190928
3033,0,5.0437630827860085
3034,0,5.035823966611678
3035,0,5.019570148016599
3036,0,5.00271409630226
3037,0,4.978333368409641
3038,0,4.953952640517021
3039,0,4.939421338155515
3040,0,4.939421338155515
3041,0,4.939421338155515
3042,0,4.954331464575905
3043,0,4.9746487378197575
3044,0,4.993670886075949
3045,0,4.993670886075949
3046,0,4.993670886075949
3047,0,4.994470625755827
3048,0,4.996502353080212
3049,0,4.998534080404597
3050,0,5.012325542616895
3051,0,5.03061108853636
3052,0,5.048571234302678
3053,0,5.06076159824899
3054,0,5.072951962195302
3055,0,5.078912774950988
3056,0,5.074849320302217
3057,0,5.070785865653447
3058,0,5.0696202531645564
3059,0,5.0696202531645564
3060,0,5.067609571621211
3061,0,5.0208798431603565
3062,0,4.974150114699502
3063,0,4.9668180883631425
3064,0,5.025738180770307
3065,0,5.084658273177471
3066,0,5.102169981916818
3067,0,5.102169981916818
3068,0,5.102900108628603
3069,0,5.125249109196842
3070,0,5.14759810976508
3071,0,5.161107882292566
3072,0,5.15907615496818
3073,0,5.157044427643795
3074,0,5.118435132855543
3075,0,5.063578495097139
3076,0,5.01017239732492
3077,0,5.020331033946846
3078,0,5.0304896705687705
3079,0,5.039932750635016
3080,0,5.048059659932556
3081,0,5.056186569230095
3082,0,5.05877034358047
3083,0,5.05877034358047
3084,0,5.058697492799913
3085,0,5.052602310826758
3086,0,5.046507128853603
3087,0,5.034161349908776
3088,0,5.009780622016156
3089,0,4.985399894123536
3090,0,4.954195476452203
3091,0,4.919656111937653
3092,0,4.885162076797673
3093,0,4.879066894824518
3094,0,4.872971712851363
3095,0,4.868896925858952
3096,0,4.868896925858952
3097,0,4.868896925858952
3098,0,4.876959078907111
3099,0,4.889149442853421
3100,0,4.901339806799731
3101,0,4.901446654611211
3102,0,4.901446654611211
3103,0,4.901446654611211
3104,0,4.901446654611211
3105,0,4.901446654611211
3106,0,4.9239316433031455
3107,0,4.958471007817696
3108,0,4.993010372332247
3109,0,4.995663759650705
3110,0,4.997695486975091
3111,0,4.999095840867993
3112,0,4.999095840867993
3113,0,4.999095840867993
3114,0,4.9951910390302094
3115,0,4.9890958570570545
3116,0,4.9830006750838995
3117,0,4.9847928042855685
3118,0,4.986824531609954
3119,0,4.998011173690826
3120,0,5.030518810880986
3121,0,5.063026448071145
3122,0,5.084009091777411
3123,0,5.0982311830481075
3124,0,5.112453274318805
3125,0,5.09741363539965
3126,0,5.081159816804567
3127,0,5.060781025123797
3128,0,5.030305115258022
3129,0,4.999829205392248
3130,0,4.988245931283906
3131,0,4.988245931283906
3132,0,4.988245931283906
3133,0,4.986316195052299
3134,0,4.984284467727914
3135,0,4.993617462170203
3136,0,5.032220281333524
3137,0,5.070823100496845
3138,0,5.079702801193457
3139,0,5.069544164571532
3140,0,5.0593855279496065
3141,0,5.041592129525449
3142,0,5.023306583605981
3143,0,4.999549134613663
3144,0,4.960946315450348
3145,0,4.922343496287034
3146,0,4.908089026891651
3147,0,4.910120754216036
3148,0,4.912152481540422
3149,0,4.921734787542839
3150,0,4.931893424164763
3151,0,4.9320553147882285
3152,0,4.9036111322468345
3153,0,4.87516694970544
3154,0,4.8622755993595606
3155,0,4.860243872035175
3156,0,4.858212144710791
3157,0,4.858047016274864
3158,0,4.858047016274864
3159,0,4.86259290498154
3160,0,4.880878450901004
3161,0,4.8991639968204685
3162,0,4.912748239034743
3163,0,4.922906875656668
3164,0,4.933065512278593
3165,0,4.94137859579311
3166,0,4.949505505090652
3167,0,4.95956862624474
3168,0,4.975822444839819
3169,0,4.992076263434899
3170,0,5.008330082029978
3171,0,5.024583900625058
3172,0,5.040837719220138
3173,0,5.03702195722526
3174,0,5.030926775252104
3175,0,5.016034456800291
3176,0,4.971336455663821
3177,0,4.926638454527352
3178,0,4.905738375039056
3179,0,4.903706647714671
3180,0,4.901674920390286
3181,0,4.856360115978432
3182,0,4.805566932868807
3183,0,4.764496900604013
3184,0,4.758401718630858
3185,0,4.752306536657703
3186,0,4.772903880680131
3187,0,4.815570154492216
3188,0,4.8582364283043
3189,0,4.888425791766563
3190,0,4.916869974307958
3191,0,4.936474928808597
3192,0,4.9222528375379
3193,0,4.908030746267202
3194,0,4.901446654611211
3195,0,4.901446654611211
3196,0,4.901446654611211
3197,0,4.899685284627999
3198,0,4.897653557303614
3199,0,4.896021699819168
3200,0,4.896021699819168
3201,0,4.896021699819168
3202,0,4.904582475987571
3203,0,4.920836294582651
3204,0,4.937090113177731
3205,0,4.939421338155515
3206,0,4.939421338155515
3207,0,4.939421338155515
3208,0,4.939421338155515
3209,0,4.939421338155515
3210,0,4.953059004275539
3211,0,4.979471459492544
3212,0,5.005883914709548
3213,0,5.0116650288731925
3214,0,5.013696756197578
3215,0,5.016086261799804
3216,0,5.020149716448573
3217,0,5.024213171097343
3218,0,5.02622061482821
3219,0,5.02622061482821
3220,0,5.02622061482821
3221,0,5.02622061482821
3222,0,5.02622061482821
3223,0,5.023863487350677
3224,0,5.009641396079982
3225,0,4.995419304809287
3226,0,4.9791832941827865
3227,0,4.960897748263319
3228,0,4.942612202343851
3229,0,4.939421338155515
3230,0,4.939421338155515
3231,0,4.935317410850883
3232,0,4.908904955633878
3233,0,4.882492500416873
3234,0,4.87185466754951
3235,0,4.877949849522666
3236,0,4.8840450314958215
3237,0,4.903389342092696
3238,0,4.925738342660931
3239,0,4.944551652012867
3240,0,4.942519924688482
3241,0,4.940488197364098
3242,0,4.9345969975765
3243,0,4.924438360954572
3244,0,4.914279724332646
3245,0,4.912296564195298
3246,0,4.912296564195298
3247,0,4.917494872114498
3248,0,4.95609769127782
3249,0,4.994700510441141
3250,0,5.014426882909369
3251,0,5.012395155584984
3252,0,5.010363428260598
3253,0,5.009945750452079
3254,0,5.009945750452079
3255,0,5.009945750452079
3256,0,5.009945750452079
3257,0,5.009945750452079
3258,0,4.99518132559281
3259,0,4.962673688402646
3260,0,4.93016605121248
3261,0,4.924739477514202
3262,0,4.926771204838587
3263,0,4.9257933854729
3264,0,4.90141265758028
3265,0,4.87703192968766
3266,0,4.863471971066907
3267,0,4.863471971066907
3268,0,4.863471971066907
3269,0,4.88390742446588
3270,0,4.910319879682885
3271,0,4.935259130226434
3272,0,4.947449494172744
3273,0,4.959639858119054
3274,0,4.966546112115733
3275,0,4.966546112115733
3276,0,4.966546112115733
3277,0,4.951036990388554
3278,0,4.9307197171447
3279,0,4.912296564195298
3280,0,4.912296564195298
3281,0,4.912296564195298
3282,0,4.910577285774185
3283,0,4.906513831125415
3284,0,4.902450376476645
3285,0,4.890737589869534
3286,0,4.876515498598839
3287,0,4.862798506073328
3288,0,4.854671596775787
3289,0,4.846544687478246
3290,0,4.845126525616763
3291,0,4.853253434914302
3292,0,4.861380344211843
3293,0,4.87403371534124
3294,0,4.888255806611938
3295,0,4.902183256947943
3296,0,4.9123418935698675
3297,0,4.922500530191793
3298,0,4.923666142680682
3299,0,4.911475778734372
3300,0,4.8992854147880625
3301,0,4.896021699819168
3302,0,4.896021699819168
3303,0,4.897536996054729
3304,0,4.921917723947349
3305,0,4.946298451839969
3306,0,4.980237202141487
3307,0,5.028998657926727
3308,0,5.077760113711967
3309,0,5.114787737109052
3310,0,5.147295374299216
3311,0,5.178119349005424
3312,0,5.178119349005424
3313,0,5.178119349005424
3314,0,5.178119349005424
3315,0,5.178119349005424
3316,0,5.178119349005424
3317,0,5.1202920183066
3318,0,5.1202920183066
3319,0,5.119089229873066
3320,0,5.117886441439533
3321,0,5.116683653006
3322,0,5.115480864572467
3323,0,5.114278076138933
3324,0,5.1130752877054
3325,0,5.1118724992718665
3326,0,5.110669710838333
3327,0,5.1094669224048
3328,0,5.108264133971266
3329,0,5.107061345537733
3330,0,5.1058585571042
3331,0,5.104655768670667
3332,0,5.103452980237133
3333,0,5.102250191803599
3334,0,5.101047403370067
3335,0,5.099844614936533
3336,0,5.098641826503
3337,0,5.097439038069466
3338,0,5.096236249635933
3339,0,5.0950334612024
3340,0,5.093830672768866
3341,0,5.092627884335333
3342,0,5.0914250959017995
3343,0,5.090222307468267
3344,0,5.089019519034733
3345,0,5.087816730601199
3346,0,5.086613942167666
3347,0,5.085411153734133
3348,0,5.0842083653006
3349,0,5.083005576867066
3350,0,5.081802788433533
3351,0,5.0806
