global_step,epoch,loss,loss_running_avg
0,0,2.050933599472046,2.050933599472046
25,0,2.13791561126709,2.1892882061004637
50,0,1.6801512241363525,2.077675478458404
75,0,2.0098445415496826,2.0587794907887766
100,0,2.0620999336242676,2.023159425258636
125,0,1.8299492597579956,2.003478177070617
150,0,1.7916033267974854,1.983745747407277
175,0,2.0449657440185547,1.9805725778852188
200,0,1.8843941688537598,1.9699262148141858
225,0,2.002568244934082,1.9572522756788464
250,0,1.9481405019760132,1.9466906785964964
275,0,1.784686803817749,1.9405830162221736
300,0,1.8087900876998901,1.9372112194697062
325,0,1.777751088142395,1.9285100140938392
350,0,1.7165523767471313,1.9221159301485333
375,0,1.6853302717208862,1.919679376602173
400,0,1.9119058847427368,1.913545628786087
425,0,1.7667820453643799,1.908991419287289
450,0,1.7967438697814941,1.9039374232292174
475,0,2.058648109436035,1.8985685581909983
500,0,1.8447996377944946,1.8941737720966338
525,0,1.909077763557434,1.8894136696770079
550,0,1.8506996631622314,1.8847167569940741
575,0,1.96006178855896,1.8820781324220741
600,0,1.8018627166748047,1.8788475275039673
625,0,1.5748287439346313,1.8767026720046998
650,0,1.6821438074111938,1.8713738503822914
675,0,1.9497588872909546,1.8704297583191483
700,0,1.8461034297943115,1.8682336020469665
725,0,1.6056697368621826,1.8664744495523387
750,0,1.7920711040496826,1.863865961710612
775,0,1.9492871761322021,1.8624120480014432
800,0,1.868077278137207,1.8605676737427712
825,0,1.7547895908355713,1.8580578163898351
850,0,1.6617796421051025,1.8570980275378508
875,0,1.711864709854126,1.854564515522548
900,0,1.952940583229065,1.8521500964959463
925,0,1.6622081995010376,1.850566803957965
950,0,1.778346061706543,1.8492881057136936
975,0,1.7740416526794434,1.847531809562292
1000,0,1.7609189748764038,1.844285442829132
1025,0,1.6976916790008545,1.8426390729299407
1050,0,1.8574435710906982,1.8414931847935632
1075,0,1.8731991052627563,1.839186545305474
1100,0,1.7603346109390259,1.8381715656410567
1125,0,1.747809886932373,1.836278177579244
1150,0,1.8152260780334473,1.836543349597765
1175,0,1.7534377574920654,1.8347297378296548
1200,0,1.4299595355987549,1.8330443839232127
1225,0,1.483319640159607,1.8309424171642381
1250,0,1.5610772371292114,1.830455069065094
1275,0,1.656639814376831,1.8288516389622407
1300,0,1.694412350654602,1.8273701583422148
1325,0,1.678208827972412,1.8259920918266728
1350,0,1.835375189781189,1.8254280203360098
1375,0,1.6689043045043945,1.8237251195040616
1400,0,1.8832093477249146,1.821712143591472
1425,0,1.6822413206100464,1.8210018129516066
1450,0,1.8406105041503906,1.819743719840872
1475,0,1.8694815635681152,1.8186231388479976
1500,0,1.991409420967102,1.8181687109470368
1525,0,1.5649194717407227,1.8171169545220547
1550,0,2.076373338699341,1.8164105257680339
1575,0,1.6940094232559204,1.8159328595418778
1600,0,1.703498125076294,1.8144232866168022
1625,0,1.7357208728790283,1.8131967226908756
1650,0,1.8113374710083008,1.8117072023767413
1675,0,1.46928870677948,1.8111966783608964
1700,0,1.7736767530441284,1.810119255360435
1725,0,1.5280749797821045,1.8097829364693683
1750,0,1.7580887079238892,1.8092835600716728
1775,0,1.7446744441986084,1.8091417367021803
1800,0,1.9316465854644775,1.8086417424678802
1825,0,1.6511592864990234,1.8081880176883853
1850,0,1.4427379369735718,1.8065963166468852
1875,0,1.7760741710662842,1.8064075187047322
1900,0,1.85686194896698,1.8054122136768542
1925,0,1.581331729888916,1.8048421174829656
1950,0,1.4987882375717163,1.803973086675008
1975,0,1.5855400562286377,1.803067545347576
2000,0,1.84441339969635,1.8029416510462761
2025,0,1.7703137397766113,1.8026109694845882
2050,0,1.9399703741073608,1.8020789371467218
2075,0,1.8210965394973755,1.8015650255134306
2100,0,1.6617498397827148,1.800974112351735
2125,0,1.6824910640716553,1.7997892380882707
2150,0,1.8633781671524048,1.7990081843110013
2175,0,1.8381767272949219,1.798762253070699
2200,0,1.8245083093643188,1.7980140890858385
2225,0,1.7698944807052612,1.7969846377212004
2250,0,1.8267054557800293,1.796560130437214
2275,0,1.4448461532592773,1.795828113713106
2300,0,1.4240553379058838,1.795208942268204
2325,0,1.7727433443069458,1.7943303929093048
2350,0,1.6021140813827515,1.7941186702505056
2375,0,1.8025456666946411,1.7935221545068827
2400,0,1.764309048652649,1.7934426506857062
2425,0,1.5099728107452393,1.7933465615007051
2450,0,1.674244999885559,1.7928458346152778
2475,0,1.7619082927703857,1.7925533806675598
2500,0,1.7349053621292114,1.7922021827697738
2525,0,1.8095576763153076,1.791906971223282
2550,0,1.8179956674575806,1.7916465290854944
2575,0,1.6510626077651978,1.791422382651022
2600,0,2.1525485515594482,1.7911922888572385
2625,0,1.9591625928878784,1.7906143356959012
2650,0,1.5175668001174927,1.7901847989604145
2675,0,1.88038170337677,1.7898339744817418
2700,0,1.5503044128417969,1.7893670253400435
2725,0,2.075819730758667,1.789050541011564
2750,0,1.689223289489746,1.788521671728653
2775,0,1.952214241027832,1.7879652951644334
2800,0,1.831995964050293,1.7879214530331735
2825,0,1.7741535902023315,1.7872116519286556
2850,0,1.9169137477874756,1.7868463225113704
2875,0,1.810902714729309,1.7866523020785776
2900,0,1.7365412712097168,1.7864424941046473
2925,0,1.9706485271453857,1.7860731560959764
2950,0,1.7532154321670532,1.785408854524967
2975,0,1.6362789869308472,1.7847778801557383
3000,0,1.5861241817474365,1.7844281038443235
3025,0,1.6306859254837036,1.7838082512942215
3050,0,1.8273354768753052,1.7830359296720524
3075,0,1.850305199623108,1.7824941884792906
3100,0,1.760249376296997,1.7824328625586714
3125,0,1.9298478364944458,1.7821300853347766
3150,0,1.5876890420913696,1.7818647621548354
3175,0,2.161487340927124,1.7812155802418854
3200,0,1.4912409782409668,1.7807677039876568
3225,0,1.6919161081314087,1.7807593516416316
3250,0,1.6200870275497437,1.7803806060277487
3275,0,1.5865927934646606,1.7798766375679995
3300,0,1.5817981958389282,1.7795086475935837
3325,0,1.6690500974655151,1.779315993265997
3350,0,1.6669387817382812,1.7787959577432308
3375,0,1.6939013004302979,1.77808722089838
3400,0,1.738223671913147,1.7780174032028973
3425,0,1.9281314611434937,1.7775632890645594
3450,0,1.6023176908493042,1.7770039427453184
3475,0,1.508461594581604,1.7762674529603906
3500,0,1.7148035764694214,1.776140326976775
3525,0,1.8365840911865234,1.7757795271636736
3550,0,1.8639650344848633,1.7756390486972422
3575,0,1.7110233306884766,1.7751847012726567
3600,0,1.4375419616699219,1.7749133631918155
3625,0,1.8709204196929932,1.7743776008342864
3650,0,1.9019358158111572,1.773756831802733
3675,0,2.027923822402954,1.7733993152047491
3700,0,1.6247776746749878,1.7729619313575116
3725,0,1.8597347736358643,1.772798940127327
3750,0,1.6722108125686646,1.7725863174756358
3775,0,1.6328707933425903,1.7720179152646591
3800,0,1.8487298488616943,1.7717775574797068
3825,0,1.7832318544387817,1.7715365794125715
3850,0,1.76934814453125,1.7711945324439498
3875,0,1.6694601774215698,1.770892032807872
3900,0,1.780169129371643,1.7703666913203695
3925,0,1.9881205558776855,1.7702420084947224
3950,0,1.503610610961914,1.7701222934300378
3975,0,1.8291800022125244,1.7698438693592373
4000,0,1.7624471187591553,1.769544011950492
4025,0,1.867950677871704,1.7695969182067768
4050,0,1.815165638923645,1.7691673263797045
4075,0,1.568070888519287,1.768944785170759
4100,0,1.6976161003112793,1.7685568332381356
4125,0,1.508257508277893,1.767928833325703
4150,0,1.9701610803604126,1.7676180986323982
4175,0,1.7435294389724731,1.7673347021148584
4200,0,1.8049073219299316,1.767291871138981
4225,0,1.9193679094314575,1.7668234919090944
4250,0,1.6190204620361328,1.7666862938263832
4275,0,1.6870958805084229,1.7664696721863324
4300,0,1.6753710508346558,1.7661901632297867
4325,0,1.6684733629226685,1.7655348978704104
4350,0,1.876124382019043,1.7655477909932187
4375,0,1.5583735704421997,1.7654590767451688
4400,0,1.5834804773330688,1.7648896138776422
4425,0,1.6129802465438843,1.7648019678848605
4450,0,1.8117077350616455,1.7642154805579877
4475,0,1.8022208213806152,1.764007999777128
4500,0,1.7869786024093628,1.7637737840546501
4525,0,1.4908547401428223,1.763805892612394
4550,0,1.8519480228424072,1.7638343154205067
4575,0,1.7670414447784424,1.7634103073057574
4600,0,1.7796659469604492,1.763112050528111
4625,0,1.7132558822631836,1.763063406016375
4650,0,1.7533448934555054,1.7626972940403929
4675,0,1.6222878694534302,1.7623708072193167
4700,0,1.6688095331192017,1.7621770468417635
4725,0,1.9333033561706543,1.7620731143093613
4750,0,1.6572072505950928,1.7618501291525992
4775,0,1.5335612297058105,1.7614977870811344
4800,0,1.7964798212051392,1.761623381326596
4825,0,1.9324380159378052,1.7613106274975396
4850,0,1.5985212326049805,1.7610271172916767
4875,0,1.6479686498641968,1.7609225932390262
4900,0,1.7646175622940063,1.7608193810861938
4925,0,1.852288007736206,1.7607060047091567
4950,0,1.630439281463623,1.7605542689622051
4975,0,1.8196512460708618,1.7604641567402748
5000,0,1.8626148700714111,1.7601965312004089
5025,0,1.8073281049728394,1.7599884822475376
5050,0,1.7200342416763306,1.7595998832730964
5075,0,1.6537140607833862,1.7593261501471984
5100,0,1.7783920764923096,1.7591989184127135
5125,0,1.7447236776351929,1.7587767749414212
5150,0,1.6111632585525513,1.7585897828768757
5175,0,1.8636599779129028,1.7585168030411724
5200,0,1.8937703371047974,1.7582370811471573
5225,0,1.5874965190887451,1.757962164468172
5250,0,1.6172541379928589,1.7575815510068622
5275,0,1.6710139513015747,1.7573016518100177
5300,0,1.8493515253067017,1.7570954449896543
5325,0,1.7795714139938354,1.7567469809984377
5350,0,1.7330372333526611,1.7564538721280678
5375,0,1.568219542503357,1.756092238359673
5400,0,1.6306679248809814,1.7559974703523848
5425,0,1.6725194454193115,1.7557966916132632
5450,0,1.9079914093017578,1.7554832785063927
5475,0,1.899029016494751,1.7554805762364984
5500,0,1.895104169845581,1.7553739825812253
5525,0,1.831712245941162,1.7551858914923344
5550,0,1.7537089586257935,1.7549396364323728
5575,0,1.6194581985473633,1.7550085175946155
5600,0,1.659241795539856,1.7550309625267984
5625,0,1.6337347030639648,1.7548374186409845
5650,0,1.2873730659484863,1.7545043470163262
5675,0,1.7583897113800049,1.754422203265623
5700,0,1.7869048118591309,1.7541194787569214
5725,0,1.713120698928833,1.753958656381832
5750,0,1.7911330461502075,1.7538373843897943
5775,0,1.6124463081359863,1.7535671456242021
5800,0,1.863175392150879,1.7533723223620448
5825,0,1.5818129777908325,1.753143321147804
5850,0,1.4619837999343872,1.7529963946138691
5875,0,1.7426817417144775,1.752789063534838
5900,0,1.5238977670669556,1.752570836483422
5925,0,1.5488454103469849,1.7524770101716247
5950,0,1.3717598915100098,1.7519749043568844
5975,0,1.7871415615081787,1.751948466919456
6000,0,1.9270765781402588,1.751583045999209
6025,0,1.6499830484390259,1.7513809247630265
6050,0,1.6326369047164917,1.7512519230330286
6075,0,1.7532448768615723,1.7512826089309568
6100,0,1.8657127618789673,1.751296358206233
6125,0,1.7777339220046997,1.7510107053250683
6150,0,1.9000741243362427,1.750816006311556
6175,0,1.9860541820526123,1.7506395494213953
6200,0,1.5239921808242798,1.750347616557152
6225,0,1.9312560558319092,1.7501894894565444
6250,0,1.9207552671432495,1.7501162710762024
6275,0,1.7876359224319458,1.749974172865727
6300,0,1.7104898691177368,1.7499396699761587
6325,0,1.7148770093917847,1.749640940149782
6350,0,2.096036672592163,1.7495045306738906
6375,0,1.4965026378631592,1.7492770562265434
6400,0,1.7954747676849365,1.7489914925768972
6425,0,1.7893894910812378,1.7488785848543338
6450,0,1.5145184993743896,1.748591984889304
6475,0,1.7961117029190063,1.7487771002021997
6500,0,1.7050588130950928,1.7485708933059987
6525,0,1.607923150062561,1.7484068843322695
6550,0,1.777675747871399,1.7481709824627591
6575,0,1.7880741357803345,1.7481171804507876
6600,0,1.9041407108306885,1.7480161335432167
6625,0,1.611716866493225,1.7479694301137385
6650,0,1.4125444889068604,1.747627822599913
6675,0,1.5179673433303833,1.7473377949111024
6700,0,1.8854329586029053,1.747307473011871
6725,0,1.695397138595581,1.747004757583363
6750,0,1.7985410690307617,1.7470700738871539
6775,0,1.9300967454910278,1.7469979921918073
6800,0,1.696035623550415,1.7467611648931223
6825,0,1.6965618133544922,1.746745072127262
6850,0,1.6584066152572632,1.7468357014482039
6875,0,1.47759211063385,1.7464509444670244
6900,0,1.5756897926330566,1.746389785244845
6925,0,1.4203736782073975,1.7462442859415543
6950,0,1.7057595252990723,1.7461378094961317
6975,0,1.5400687456130981,1.7459759907397745
7000,0,1.7116271257400513,1.7457314789635794
7025,0,1.7232213020324707,1.7456114256509259
7050,0,1.7536898851394653,1.7454190280758743
7075,0,1.7115983963012695,1.745563834581274
7100,0,1.8456515073776245,1.7454581026963785
7125,0,1.7343236207962036,1.7453378263941983
7150,0,1.5152785778045654,1.7452922194487566
7175,0,1.990004539489746,1.7450246950142891
7200,0,1.8032442331314087,1.7450522576603624
7225,0,1.4571884870529175,1.7450173032655023
7250,0,1.721229910850525,1.744889148958798
7275,0,1.7863131761550903,1.7448256056906841
7300,0,1.4364418983459473,1.7449347800751256
7325,0,1.7052440643310547,1.7449780248212325
7350,0,1.7458938360214233,1.7447620109311577
7375,0,1.9580538272857666,1.7446123076455067
7400,0,1.8005954027175903,1.7446025417785387
7425,0,1.5167572498321533,1.7443946877713958
7450,0,1.7504963874816895,1.7443764802113475
7475,0,1.5669164657592773,1.7443457581765676
7500,0,1.7512907981872559,1.7442587342739104
7525,0,1.4765417575836182,1.7441409521641524
7550,0,1.619032382965088,1.7439642651981075
7575,0,1.724800944328308,1.743958352989096
7600,0,1.2245454788208008,1.7438479247532392
7625,0,1.5965946912765503,1.7437056786896752
7650,0,1.4900586605072021,1.7433793844740375
7675,0,1.4832834005355835,1.7431441638058094
7700,0,1.6906651258468628,1.7431165577219678
7725,0,1.8447636365890503,1.7429721731043941
7750,0,1.7304919958114624,1.7427008310594867
7775,0,1.7692348957061768,1.7427572683659398
7800,0,1.5485988855361938,1.7424856374508295
7825,0,1.674543023109436,1.7424475566114481
7850,0,1.5912917852401733,1.7421979352774895
7875,0,1.6177973747253418,1.74192953274742
7900,0,1.714038372039795,1.7419443676743327
7925,0,1.7781656980514526,1.742064757181643
7950,0,1.778012752532959,1.7421205057588014
7975,0,1.6152071952819824,1.7420603506243715
8000,0,1.5928902626037598,1.7417209967076779
8025,0,1.700783133506775,1.741637057827269
8050,0,1.8182263374328613,1.741396995731022
8075,0,1.7017239332199097,1.7412945673118805
8100,0,1.6149052381515503,1.7411440350538419
8125,0,1.7038254737854004,1.7410334561127883
8150,0,1.725925087928772,1.740929190059381
8175,0,1.785570502281189,1.7407978860610123
8200,0,1.747825264930725,1.7407156827973156
8225,0,1.5424585342407227,1.7406344958859012
8250,0,1.6116057634353638,1.7405273937601031
8275,0,1.7888433933258057,1.7403982012941759
8300,0,2.0698680877685547,1.7403046265998519
8325,0,2.13246488571167,1.7402025044787752
8350,0,1.5183273553848267,1.7400527983368512
8375,0,1.9070348739624023,1.7399359456816716
8400,0,1.747157335281372,1.739700588811012
8425,0,1.9704118967056274,1.7396822242991512
8450,0,1.5336754322052002,1.7396439553294665
8475,0,1.823651671409607,1.7395300196616703
8500,0,1.5774887800216675,1.7393239410624788
8525,0,1.514448881149292,1.7391733726937753
8550,0,1.5641539096832275,1.7391560168015332
8575,0,1.8809207677841187,1.739135114541902
8600,0,2.0808889865875244,1.7389415421596797
8625,0,1.941028118133545,1.7387877910448162
8650,0,1.5366106033325195,1.7386244790953713
8675,0,1.7851498126983643,1.7385015317823438
8700,0,1.7320005893707275,1.7382990163359162
8725,0,1.812231183052063,1.7381753941729972
8750,0,2.0467498302459717,1.7379708826473788
8775,0,1.75083327293396,1.7378083924893986
8800,0,1.3475828170776367,1.7376774442873224
8825,0,1.8463529348373413,1.7375708958920277
8850,0,1.6364989280700684,1.73738605838711
8875,0,1.288834810256958,1.7371000738546885
8900,0,1.7711155414581299,1.7369997772875796
8925,0,1.5732812881469727,1.7368385610393449
8950,0,1.7133201360702515,1.7367583781647282
8975,0,1.5901799201965332,1.7365288924639606
9000,0,1.3532071113586426,1.7363700901667274
9025,0,1.674500584602356,1.7362898871508987
9050,0,1.9544601440429688,1.7361987554170804
9075,0,1.5787696838378906,1.7359396961963527
9100,0,1.4823706150054932,1.7358762782484614
9125,0,1.6387149095535278,1.735811124043921
9150,0,1.6608744859695435,1.7356882537648968
9175,0,1.560066819190979,1.7354575736516165
9200,0,1.580369472503662,1.7353825313759874
9225,0,1.3915083408355713,1.735192930110424
9250,0,1.9187813997268677,1.7351505428907024
9275,0,1.6121879816055298,1.7349281683507949
9300,0,1.923509955406189,1.7348402782793964
9325,0,1.7948118448257446,1.7346998140958927
9350,0,1.7116485834121704,1.7345275708570829
9375,0,1.7463066577911377,1.7343892122268667
9400,0,1.6929967403411865,1.734291712476851
9425,0,1.3057751655578613,1.7340108256757412
9450,0,1.640824317932129,1.7338469461032318
9475,0,1.6599563360214233,1.7335926680577458
9500,0,1.8528993129730225,1.7335122464832502
9525,0,1.633570909500122,1.7333008053797119
9550,0,1.544311761856079,1.7331137452949401
9575,0,1.7642260789871216,1.7330085976503533
9600,0,1.7815158367156982,1.7329326304296648
9625,0,1.5222723484039307,1.7327241598971475
9650,0,1.7325230836868286,1.7326206877071002
9675,0,1.7509950399398804,1.7323893919779654
9700,0,1.6006312370300293,1.732289250437746
9725,0,1.644256591796875,1.732210302892258
9750,0,1.6386847496032715,1.7320737288181596
9775,0,1.358782410621643,1.7319495675386976
9800,0,1.5682134628295898,1.7318623345482103
9825,0,1.951277256011963,1.7317999402378652
9850,0,1.7526813745498657,1.7316185924002359
9875,0,1.7245304584503174,1.7314749720730356
9900,0,1.6662012338638306,1.7312859636244144
9925,0,1.4733299016952515,1.7311333212744375
9950,0,1.7810674905776978,1.7309350599715454
9975,0,1.6138136386871338,1.730750649554986
10000,0,1.7646777629852295,1.7306960132837292
10025,0,1.5282702445983887,1.7305850638534657
10050,0,1.8607468605041504,1.730589297885325
10075,0,1.8520303964614868,1.7304556750067999
10100,0,1.8782070875167847,1.7302968084340045
10125,0,1.8873430490493774,1.7302109538302006
10150,0,1.474746584892273,1.73004725323522
10175,0,1.6199482679367065,1.7298388476336615
10200,0,1.8176524639129639,1.7297638494945036
10225,0,1.706558346748352,1.729719043547483
10250,0,1.7724815607070923,1.7296156709019728
10275,0,1.697793960571289,1.7294977833174727
10300,0,1.6802552938461304,1.7294602616782324
10325,0,1.7494832277297974,1.7294046996580772
10350,0,1.4524883031845093,1.729273578682959
10375,0,1.5809117555618286,1.729173478896359
10400,0,1.6268972158432007,1.7291713103651998
10425,0,1.8327534198760986,1.7290258025208247
10450,0,1.454323649406433,1.7289130584589028
10475,0,1.5473724603652954,1.7288190004762995
10500,0,1.6610842943191528,1.7286843235038571
10525,0,1.6620558500289917,1.7285782101828238
10550,0,1.6933515071868896,1.7284914351300602
10575,0,1.8536887168884277,1.7282726595925944
10600,0,1.883484125137329,1.728079339895608
10625,0,1.7823262214660645,1.7279475511438702
10650,0,1.7420649528503418,1.7278093914918493
10675,0,1.7507635354995728,1.7277419506358873
10700,0,1.8006483316421509,1.7276262775314184
10725,0,1.9750808477401733,1.7275254345607087
10750,0,1.7567200660705566,1.7274033493662986
10775,0,1.5468517541885376,1.7272552197825877
10800,0,1.9843192100524902,1.7271628449691663
10825,0,1.3926513195037842,1.7270825301251838
10850,0,1.6907634735107422,1.7270529120309008
10875,0,1.8578985929489136,1.7268523215480232
10900,0,1.526036024093628,1.7266318155975513
10925,0,1.514116644859314,1.7264000878344954
10950,0,1.532706379890442,1.7262893228226053
10975,0,1.340498447418213,1.7262483190892766
11000,0,1.645020604133606,1.7261360888806252
11025,0,1.4625834226608276,1.7261007972963809
11050,0,1.700538158416748,1.725888527669518
11075,0,1.8681992292404175,1.7258612264844146
11100,0,1.6029317378997803,1.7257469483001808
11125,0,1.642342209815979,1.7256256139090889
11150,0,1.7460647821426392,1.7256737965746307
11175,0,1.574082612991333,1.7256383521231493
11200,0,1.6989648342132568,1.7254469884293417
11225,0,1.706954836845398,1.7252443746575266
11250,0,2.0351147651672363,1.7250646544138588
11275,0,1.5904507637023926,1.724977164469378
11300,0,1.948409080505371,1.724958309852971
11325,0,1.7423793077468872,1.7248327112934707
11350,0,1.6777557134628296,1.724760868234256
11375,0,1.7848047018051147,1.724739154365036
11400,0,1.6759133338928223,1.7246755977367096
11425,0,1.5910662412643433,1.7246527434647472
11450,0,1.886083960533142,1.7245987758990455
11475,0,1.7668293714523315,1.7244910788380239
11500,0,1.7121186256408691,1.7244244765924368
11525,0,1.3229918479919434,1.724337909309569
11550,0,1.586084246635437,1.7242217261450627
11575,0,1.8357006311416626,1.7241330691290206
11600,0,1.4220019578933716,1.7240499693977418
11625,0,2.249040126800537,1.7239849905198616
11650,0,1.734126091003418,1.7239524674108608
11675,0,1.638305425643921,1.7239616361777326
11700,0,1.5864607095718384,1.7238677683650934
11725,0,1.680896520614624,1.723776408919393
11750,0,1.7214003801345825,1.723703620261334
11775,0,1.2867450714111328,1.7235286978197195
11800,0,1.4854987859725952,1.7234201686766184
11825,0,1.94612455368042,1.7233164145024076
11850,0,1.701330542564392,1.7232592682194605
11875,0,1.6121939420700073,1.723131094490854
11900,0,1.6467652320861816,1.723020985587304
11925,0,1.847963809967041,1.7229161037189153
11950,0,2.0037617683410645,1.7228639649846063
11975,0,1.5210936069488525,1.7227745034550324
12000,0,1.547704815864563,1.7226877587338285
12025,0,1.8978650569915771,1.7226691945030383
12050,0,1.682938814163208,1.7226398595932606
12075,0,1.7750741243362427,1.722635282532275
12100,0,1.7152585983276367,1.7226248544208271
12125,0,1.7358144521713257,1.7226141145155598
12150,0,1.503472089767456,1.7225759250538828
12175,0,1.8486775159835815,1.7225306282885506
12200,0,1.7670047283172607,1.7223359363978024
12225,0,1.720677137374878,1.722473228158151
12250,0,1.8994141817092896,1.7223947799059807
12275,0,1.432080626487732,1.7222571267906854
12300,0,1.6071397066116333,1.7220546709425077
12325,0,1.6581965684890747,1.7219156911358626
12350,0,1.7503162622451782,1.7218820762537748
12375,0,1.493256688117981,1.7218383524152965
12400,0,1.7330048084259033,1.7217188512798276
12425,0,1.604475975036621,1.7215510921363137
12450,0,1.7395368814468384,1.721511771611899
12475,0,1.6083624362945557,1.7212937607507186
12500,0,1.6258206367492676,1.721166760921478
12525,0,1.5899481773376465,1.7210062207147745
12550,0,1.812728762626648,1.72101686364626
12575,0,1.6350228786468506,1.7209287974943457
12600,0,1.470708966255188,1.720743105193925
12625,0,1.7138861417770386,1.720727013285797
12650,0,1.6148977279663086,1.7206944830521291
12675,0,1.5029523372650146,1.7207296197372073
12700,0,1.5185500383377075,1.7206042868978393
12725,0,1.8013490438461304,1.720591523483366
12750,0,1.557706594467163,1.7204826256153627
12775,0,1.6090401411056519,1.7203802323947912
12800,0,1.35251784324646,1.7202468093391505
12825,0,1.685699224472046,1.7201882816894707
12850,0,1.738891839981079,1.7201514883820646
12875,0,1.7423489093780518,1.7199398391501415
12900,0,1.5814402103424072,1.7198149915628653
12925,0,1.7410645484924316,1.7197909455972664
12950,0,1.6924785375595093,1.7195881058810758
12975,0,1.4356523752212524,1.7195580475592196
13000,0,1.4560513496398926,1.7194356145675362
13025,0,1.7094941139221191,1.7194252011048357
13050,0,1.6527490615844727,1.7193446474513785
13075,0,1.9236198663711548,1.7191796939641975
13100,0,1.3938740491867065,1.7189965085946874
13125,0,1.7756303548812866,1.7189220471790856
13150,0,1.3553688526153564,1.7188096606867391
13175,0,1.707716464996338,1.7186744791823498
13200,0,1.9643828868865967,1.7185686776583842
13225,0,1.737550973892212,1.7185107982271333
13250,0,1.4111477136611938,1.7184834560268327
13275,0,1.7419275045394897,1.718422244802931
13300,0,1.781651496887207,1.7184243246397575
13325,0,1.600088357925415,1.7183073474229162
13350,0,1.720043659210205,1.7182962397332493
13375,0,1.7845851182937622,1.7182277704310192
13400,0,1.7222785949707031,1.7180019922487768
13425,0,1.6478195190429688,1.7179561957300706
13450,0,1.8116233348846436,1.7179873446904148
13475,0,1.6816798448562622,1.7178964980413827
13500,0,1.7031368017196655,1.717823192004804
13525,0,1.4851876497268677,1.7176855120509034
13550,0,1.6118675470352173,1.7175751610347703
13575,0,1.6091668605804443,1.7175241039427163
13600,0,1.9763991832733154,1.7175260248955555
13625,0,1.6065130233764648,1.7174698142305425
13650,0,1.7489664554595947,1.7173361659661315
13675,0,1.7566436529159546,1.7172866793219304
13700,0,1.6378848552703857,1.7171669481357517
13725,0,1.5587345361709595,1.7170960162376443
13750,0,1.865736484527588,1.7169690043276005
13775,0,1.7210372686386108,1.7168547408507218
13800,0,1.815962314605713,1.7166789078107776
13825,0,1.528588056564331,1.716602649869798
13850,0,1.7465072870254517,1.7165768606309855
13875,0,1.5418609380722046,1.7164823626784589
13900,0,1.6896109580993652,1.7163765692882398
13925,0,1.7789472341537476,1.716332651177685
13950,0,1.730919361114502,1.716336551327859
13975,0,1.6359374523162842,1.7163452543640816
14000,0,1.575710654258728,1.716324493552957
14025,0,1.8632724285125732,1.7163092710542591
14050,0,1.5721153020858765,1.7162884872239677
14075,0,2.03942608833313,1.7162918489398582
14100,0,1.943158745765686,1.7161704422311577
14125,0,1.7964500188827515,1.7159349576224265
14150,0,1.6621114015579224,1.7159265684575997
14175,0,1.728764533996582,1.7158693645282184
14200,0,1.694244384765625,1.7159499441150206
14225,0,1.4945204257965088,1.7157796368992808
14250,0,2.2471466064453125,1.7157165712306373
14275,0,1.3431425094604492,1.7155796572122388
14300,0,1.700801134109497,1.7154971787812825
14325,0,1.804265022277832,1.7154865816875275
14350,0,1.773818016052246,1.7153907326621873
14375,0,1.4614732265472412,1.7152586508958234
14400,0,1.6276127099990845,1.7150907395200594
14425,0,1.597711443901062,1.7150302227324379
14450,0,1.795546531677246,1.7149539357733146
14475,0,1.3310356140136719,1.7148137733973368
14500,0,1.3545567989349365,1.714643573884306
14525,0,1.5368573665618896,1.7145520914770442
14550,0,1.9570270776748657,1.7144302684580746
14575,0,1.8294901847839355,1.714368056833846
14600,0,1.6286790370941162,1.7143197784276856
14625,0,1.5567811727523804,1.7141460927001428
14650,0,1.4759342670440674,1.7140587637448879
14675,0,1.5340834856033325,1.7139540842891345
14700,0,1.5859121084213257,1.7139221392602335
14725,0,1.85829496383667,1.713815870892212
14750,0,1.8850171566009521,1.7137764589503657
14775,0,1.8166587352752686,1.7137769419529714
14800,0,1.8970534801483154,1.7137441468238828
14825,0,1.5291815996170044,1.7136530835954171
14850,0,1.6654645204544067,1.7136036680924769
14875,0,1.5928661823272705,1.7135568604028524
14900,0,1.5369131565093994,1.7134276303348923
14925,0,1.7746878862380981,1.7134085824621381
14950,0,1.712651252746582,1.713237022619981
14975,0,1.3836525678634644,1.713174956191163
15000,0,1.6028931140899658,1.7130983715534207
15025,0,1.8427544832229614,1.7130164180222445
15050,0,1.419488549232483,1.7129093385534824
15075,0,1.8992727994918823,1.7129372991100076
15100,0,1.830065131187439,1.7128136267409417
15125,0,1.5471826791763306,1.7127998512756724
15150,0,1.713031530380249,1.7127938922246295
15175,0,1.5520132780075073,1.712654211855013
15200,0,1.473973274230957,1.7125675922004797
15225,0,1.4397226572036743,1.712514224733625
15250,0,1.7626876831054688,1.7124788734404766
15275,0,1.4836301803588867,1.7124579894991434
15300,0,1.5234365463256836,1.7123793675852754
15325,0,1.5812972784042358,1.7123129413956333
15350,0,1.8587034940719604,1.7122623298688506
15375,0,1.6728805303573608,1.7121685320846431
15400,0,1.6458775997161865,1.7121075582968721
15425,0,1.8650726079940796,1.7120451205051117
15450,0,1.6128202676773071,1.7120095641481836
15475,0,1.7288142442703247,1.7119166358029512
15500,0,1.5793702602386475,1.7118687993249584
15525,0,1.5431004762649536,1.7118554652178726
15550,0,1.6779528856277466,1.711760469479576
15575,0,1.7900567054748535,1.71171303360267
15600,0,1.3995203971862793,1.7115951830760023
15625,0,1.6455504894256592,1.7116240809173582
15650,0,2.0568017959594727,1.7115952500063008
15675,0,1.7806382179260254,1.711608233436633
15700,0,1.7970401048660278,1.7115057387701262
15725,0,1.9129427671432495,1.7114854923606106
15750,0,1.5840030908584595,1.7114688342487998
15775,0,1.72950279712677,1.7114626238954425
15800,0,1.5809109210968018,1.7114037888714027
15825,0,1.6161788702011108,1.7112901189240608
15850,0,1.645336627960205,1.7111942121057477
15875,0,1.599045991897583,1.71110186758567
15900,0,1.7098580598831177,1.7110330445136661
15925,0,1.8390188217163086,1.7109980336687813
15950,0,1.6655666828155518,1.7108914003925262
15975,0,1.6689893007278442,1.710675253256199
16000,0,1.65557861328125,1.7106334028467534
16025,0,1.8184068202972412,1.7105727148725534
16050,0,1.9486408233642578,1.7104985335979874
16075,0,1.9028280973434448,1.7104545544243153
16100,0,1.5806349515914917,1.7105132237576548
16125,0,1.5387585163116455,1.7104401077521862
16150,0,1.7263363599777222,1.7104288927541795
16175,0,1.6132563352584839,1.7104529007067082
16200,0,1.4867079257965088,1.7103030358273303
16225,0,1.554892897605896,1.710200597281081
16250,0,1.6828010082244873,1.710133861013559
16275,0,1.9507148265838623,1.7101299790632887
16300,0,1.7325485944747925,1.7100072179542727
16325,0,2.0273396968841553,1.7100105226569298
16350,0,1.9357926845550537,1.709927509326818
16375,0,1.7432422637939453,1.7099151740547354
16400,0,1.71915864944458,1.7098405095862177
16425,0,1.769834041595459,1.7097293459371161
16450,0,1.8708292245864868,1.7096281217731601
16475,0,1.5675437450408936,1.7096099214163096
16500,0,1.7408002614974976,1.7096089089711501
16525,0,1.6007550954818726,1.7095233742299845
16550,0,1.4810335636138916,1.7094339086498012
16575,0,1.8026599884033203,1.7093851399889173
16600,0,1.7887450456619263,1.7093130370364122
16625,0,1.781837821006775,1.709274845610883
16650,0,1.621163249015808,1.7091676810697025
16675,0,1.6087876558303833,1.7090933144467872
16700,0,1.5230438709259033,1.7090465962744037
16725,0,1.382599115371704,1.7090059866
16750,0,1.6569406986236572,1.7088648843480572
16775,0,1.5813426971435547,1.7088494263107472
16800,0,1.6678755283355713,1.7087739108148066
16825,0,1.5169708728790283,1.7087200464500882
16850,0,1.9114700555801392,1.7086046609185206
16875,0,1.4504896402359009,1.7085643797627188
16900,0,1.9912828207015991,1.7085992243233503
16925,0,1.7132892608642578,1.7085034380705695
16950,0,1.8433219194412231,1.7084419996618865
16975,0,1.6186013221740723,1.7084865319641056
17000,0,1.7707818746566772,1.7084809326985289
17025,0,1.4858406782150269,1.7084094275531947
17050,0,1.6512269973754883,1.7083548391389685
17075,0,1.6584564447402954,1.7082885035519
17100,0,1.4182406663894653,1.7081783750461534
17125,0,1.5063025951385498,1.7080762455933265
17150,0,1.6243993043899536,1.7080534850195594
17175,0,1.9926501512527466,1.7079270152754118
17200,0,1.6338520050048828,1.7079404639019498
17225,0,1.5059114694595337,1.7078442905741584
17250,0,1.5269100666046143,1.7078190783141292
17275,0,1.731364369392395,1.7077288332689318
17300,0,1.2698725461959839,1.7076912424536774
17325,0,1.4872560501098633,1.707618753817172
17350,0,1.6301496028900146,1.7075861319616112
17375,0,1.7381324768066406,1.7074766379431834
17400,0,1.7637499570846558,1.7074257909977555
17425,0,2.1674060821533203,1.7073609165550114
17450,0,1.5378681421279907,1.707338967528246
17475,0,1.5576797723770142,1.7072180347892842
17500,0,1.465362548828125,1.707188498558315
17525,0,1.5531907081604004,1.707093851433669
17550,0,1.8609379529953003,1.7071198618717665
17575,0,1.6131972074508667,1.7070362750903965
17600,0,1.570255994796753,1.7069681355492616
17625,0,1.6540977954864502,1.7068777861087863
17650,0,1.7951778173446655,1.706759402063006
17675,0,1.6104832887649536,1.706668829364856
17700,0,1.4949657917022705,1.706621059482379
17725,0,1.7599515914916992,1.706580191250411
17750,1,1.5806775093078613,1.60494438012441
17775,1,1.6811957359313965,1.616231057047844
17800,1,1.6436797380447388,1.6302213980601383
17825,1,1.7633179426193237,1.6395171364148458
17850,1,1.6893173456192017,1.6442527169766634
17875,1,1.6453161239624023,1.6506312217031207
17900,1,1.578245759010315,1.6519258072881988
17925,1,1.7284313440322876,1.6556562329593458
17950,1,2.017974376678467,1.6673121895900993
17975,1,1.572270154953003,1.664833794037501
18000,1,1.5763510465621948,1.6641474121021775
18025,1,1.5066620111465454,1.6637160716385666
18050,1,1.6757636070251465,1.6642757972081492
18075,1,1.9751945734024048,1.662255360098445
18100,1,1.6792513132095337,1.6611492891834196
18125,1,1.7609071731567383,1.6622445675042952
18150,1,1.541682243347168,1.664493543843188
18175,1,1.7503122091293335,1.6640347898006431
18200,1,1.6569702625274658,1.66660618884589
18225,1,1.4309413433074951,1.664584769278156
18250,1,1.8454712629318237,1.663061071136622
18275,1,1.7329537868499756,1.6635496243282595
18300,1,1.713255763053894,1.6662161700493463
18325,1,2.0744481086730957,1.6662357853630836
18350,1,1.4115583896636963,1.6649810093205142
18375,1,1.5289998054504395,1.6671627499163144
18400,1,1.545513391494751,1.6679728032951062
18425,1,1.5583229064941406,1.6674223751261608
18450,1,1.6733636856079102,1.6656297098506574
18475,1,1.7979004383087158,1.6668770672501738
18500,1,1.6656115055084229,1.6676029610478016
18525,1,1.5710728168487549,1.667901596238341
18550,1,1.4333800077438354,1.6689769209528256
18575,1,1.8490761518478394,1.668414552722658
18600,1,1.4780629873275757,1.66901074847734
18625,1,1.8080517053604126,1.669999491632654
18650,1,1.5129742622375488,1.6712660904139112
18675,1,1.7131571769714355,1.6730844313793989
18700,1,1.6735259294509888,1.673176258339165
18725,1,1.7812132835388184,1.6732812273381932
18750,1,1.5709301233291626,1.6724623703604258
18775,1,1.838064432144165,1.6731734789334807
18800,1,1.7136939764022827,1.6729947422591729
18825,1,1.940119743347168,1.6740572047889777
18850,1,1.687730073928833,1.6736864874715756
18875,1,1.93551766872406,1.6728419817330538
18900,1,1.7770733833312988,1.6729720119754636
18925,1,1.4392036199569702,1.6724703547333466
18950,1,1.5486232042312622,1.673397227766092
18975,1,1.540743350982666,1.6721176034981204
19000,1,1.7906945943832397,1.6716311748791117
19025,1,1.4451634883880615,1.6717473297156105
19050,1,1.720362901687622,1.6709545305020002
19075,1,1.756251573562622,1.6709859775073492
19100,1,1.8226531744003296,1.6712878767823998
19125,1,1.6667587757110596,1.6709620383145998
19150,1,1.5941948890686035,1.6715265637151766
19175,1,1.6548371315002441,1.6717869211402205
19200,1,1.3196321725845337,1.6716762410902732
19225,1,1.6963835954666138,1.671707014749514
19250,1,1.2292170524597168,1.6707090247188858
19275,1,1.9837305545806885,1.6707656663733643
19300,1,1.8076599836349487,1.670685948502903
19325,1,1.4342149496078491,1.670292137628831
19350,1,1.7149856090545654,1.670508036451074
19375,1,1.7244493961334229,1.6707504819079144
19400,1,1.676253318786621,1.6709619899411816
19425,1,1.9342159032821655,1.670826547949977
19450,1,1.5914767980575562,1.6700560435609288
19475,1,1.9412662982940674,1.6698097542099568
19500,1,1.7056663036346436,1.6696611822495717
19525,1,1.7018243074417114,1.6699493143811572
19550,1,1.5930553674697876,1.670105403908028
19575,1,1.5813535451889038,1.6693526799264162
19600,1,1.7187037467956543,1.6692709461293975
19625,1,1.7692219018936157,1.669875879325564
19650,1,1.3531016111373901,1.6698408944177254
19675,1,1.2989212274551392,1.6696934140834612
19700,1,1.5641883611679077,1.6682540893554687
19725,1,1.5980631113052368,1.6686315372960652
19750,1,1.7495596408843994,1.6686031975757987
19775,1,1.8101609945297241,1.6685526594811795
19800,1,1.7082031965255737,1.6687259924613824
19825,1,1.7433228492736816,1.6683669544863358
19850,1,1.6373590230941772,1.6683239244682004
19875,1,1.4595696926116943,1.6688123277414626
19900,1,1.7247449159622192,1.6689660117477523
19925,1,2.0606894493103027,1.6695084408537983
19950,1,1.6147197484970093,1.6691723967782532
19975,1,1.5853427648544312,1.6688367862786566
20000,1,1.6867121458053589,1.668987193276024
20025,1,1.6216442584991455,1.6690999081041091
20050,1,1.501967191696167,1.6689339191300814
20075,1,1.6853898763656616,1.6689729725703206
20100,1,1.5693339109420776,1.668596012093299
20125,1,1.7732443809509277,1.6684754243455662
20150,1,1.5638225078582764,1.6685060054865928
20175,1,1.786220669746399,1.66854138237531
20200,1,1.78538978099823,1.668232182363467
20225,1,1.4699620008468628,1.6685736803644624
20250,1,1.5185246467590332,1.6683207169678758
20275,1,1.7573179006576538,1.6681488431344813
20300,1,1.7349928617477417,1.6677501529745649
20325,1,1.8176835775375366,1.6676431971167038
20350,1,1.9521805047988892,1.6675026714459882
20375,1,1.735200047492981,1.6676625172748702
20400,1,1.6415374279022217,1.6674703429832236
20425,1,1.7892701625823975,1.667046207876453
20450,1,1.7953999042510986,1.6672467623406784
20475,1,1.753051519393921,1.6672090053558344
20500,1,1.6906731128692627,1.6673091468069474
20525,1,1.667945384979248,1.6673781940159398
20550,1,1.4547852277755737,1.6671982448435585
20575,1,1.6200002431869507,1.667267876485703
20600,1,1.5869016647338867,1.667516650080056
20625,1,1.8138713836669922,1.667294896638929
20650,1,1.716870665550232,1.6677207410233297
20675,1,1.6648586988449097,1.6674242002623416
20700,1,1.7816922664642334,1.667655347933455
20725,1,1.6266124248504639,1.666995705609337
20750,1,1.4909896850585938,1.666975541098991
20775,1,1.717553973197937,1.6670016938134238
20800,1,1.6396549940109253,1.6670660972595208
20825,1,2.02882981300354,1.66713574040669
20850,1,1.5049549341201782,1.6671171331482173
20875,1,1.6660889387130737,1.6667117771449356
20900,1,1.6900229454040527,1.6669753039617667
20925,1,2.0255420207977295,1.6669052564611997
20950,1,1.8015421628952026,1.6667225289678493
20975,1,1.5396093130111694,1.6669650124914848
21000,1,1.9000709056854248,1.6670954387001744
21025,1,1.5254484415054321,1.6667837592968457
21050,1,1.4697504043579102,1.6668516322678206
21075,1,1.6836204528808594,1.6671591298665824
21100,1,1.5077776908874512,1.6663762101446886
21125,1,1.7909891605377197,1.6662776349216781
21150,1,1.7199609279632568,1.6662840812831108
21175,1,1.6826597452163696,1.666146387644978
21200,1,1.56991446018219,1.6661099423233732
21225,1,1.8561513423919678,1.6661853691909916
21250,1,1.6243044137954712,1.6663464148387117
21275,1,1.3687770366668701,1.6659336759882453
21300,1,1.6386358737945557,1.6662169414349053
21325,1,1.7556180953979492,1.6663243935632834
21350,1,1.8429558277130127,1.666313240867762
21375,1,1.5337960720062256,1.6664930038072245
21400,1,1.8109077215194702,1.6664023692741232
21425,1,1.554808259010315,1.6661753637357775
21450,1,1.7245509624481201,1.6661328003191527
21475,1,1.8345813751220703,1.6661441958524321
21500,1,1.3278348445892334,1.6660050663181822
21525,1,1.4911335706710815,1.666081467121446
21550,1,1.7240155935287476,1.6664269626374946
21575,1,1.8752806186676025,1.6663954012095923
21600,1,1.6980743408203125,1.666353393495468
21625,1,1.411312460899353,1.6663201021351357
21650,1,1.7180520296096802,1.6661786044998943
21675,1,1.4417766332626343,1.6657320736628494
21700,1,1.7272155284881592,1.665926163133426
21725,1,1.7471015453338623,1.6659489919069712
21750,1,1.6826730966567993,1.6657018527889604
21775,1,1.585218071937561,1.665768129843296
21800,1,1.5196946859359741,1.6654916572688099
21825,1,1.5061113834381104,1.6651367863990854
21850,1,1.4186047315597534,1.6648970921448045
21875,1,1.679189920425415,1.6647191473251375
21900,1,1.8975261449813843,1.6650591224897089
21925,1,1.5715792179107666,1.6651452040330887
21950,1,1.4416568279266357,1.6648653719066013
21975,1,1.5109310150146484,1.6645264714956278
22000,1,1.6300312280654907,1.66418584712365
22025,1,1.735694408416748,1.6644679732255996
22050,1,1.3260904550552368,1.664427755384566
22075,1,1.7057604789733887,1.6643485989713445
22100,1,1.6555277109146118,1.664335546214965
22125,1,1.9664287567138672,1.6644663730895046
22150,1,1.7316975593566895,1.6644600160529623
22175,1,1.9173755645751953,1.664296704208528
22200,1,1.5101969242095947,1.6642027230438958
22225,1,1.558176040649414,1.66424148690727
22250,1,1.5385887622833252,1.6637859387255185
22275,1,1.6967355012893677,1.6639700939476747
22300,1,1.522762417793274,1.6637372320609696
22325,1,1.6561176776885986,1.6639436548311979
22350,1,1.3331900835037231,1.6636770942745844
22375,1,1.7524867057800293,1.6636481945884636
22400,1,1.9161168336868286,1.6637890281912338
22425,1,1.4906600713729858,1.663712585912838
22450,1,1.4883924722671509,1.663564714824154
22475,1,1.679307222366333,1.6637183041260708
22500,1,1.7119755744934082,1.6635887831230596
22525,1,1.709934115409851,1.663604231169427
22550,1,1.5338218212127686,1.663452956064963
22575,1,1.81484055519104,1.6634836640239736
22600,1,1.5579307079315186,1.6632237692898604
22625,1,1.5825177431106567,1.663281106461287
22650,1,2.0107240676879883,1.6632752276873648
22675,1,1.6867462396621704,1.6634305366620346
22700,1,1.7870081663131714,1.6634739545416841
22725,1,1.7927610874176025,1.6633308214271698
22750,1,1.6668282747268677,1.663129011108534
22775,1,2.021895170211792,1.6631723064278785
22800,1,1.6876531839370728,1.6632299375910617
22825,1,1.74261474609375,1.6632649825457726
22850,1,1.6100575923919678,1.6630838320984738
22875,1,1.555822730064392,1.6632055772185774
22900,1,1.5162392854690552,1.662973876728784
22925,1,2.05173659324646,1.6632934681252922
22950,1,1.5411417484283447,1.663307462076897
22975,1,1.5918855667114258,1.6630350912117762
23000,1,1.75440514087677,1.6630077939427463
23025,1,1.7973941564559937,1.663068026315511
23050,1,1.71533203125,1.6633837540645353
23075,1,1.6909581422805786,1.663381213530171
23100,1,1.5498528480529785,1.6634460174137469
23125,1,2.04740309715271,1.66340706941148
23150,1,1.3831835985183716,1.663165999625637
23175,1,1.7305891513824463,1.6632245919941089
23200,1,1.633895754814148,1.663253500542286
23225,1,1.4967923164367676,1.663402012679962
23250,1,1.6118632555007935,1.6631415622837402
23275,1,1.56758713722229,1.6632155977431604
23300,1,1.494401454925537,1.663069812242553
23325,1,1.5041011571884155,1.6630439538861843
23350,1,1.5066779851913452,1.6630394964481385
23375,1,1.7686595916748047,1.6628475798782714
23400,1,1.7114310264587402,1.6628879139934705
23425,1,1.6993985176086426,1.6627101407738256
23450,1,1.5308902263641357,1.6627710870348966
23475,1,1.5708720684051514,1.6627787481201637
23500,1,1.8004716634750366,1.6628065243867396
23525,1,1.532248854637146,1.6629324977673796
23550,1,1.6298705339431763,1.662819853284085
23575,1,1.4325504302978516,1.6627083241531282
23600,1,1.6366958618164062,1.6627162595742384
23625,1,1.7860966920852661,1.6629196655972893
23650,1,1.6489737033843994,1.6627988248584828
23675,1,1.5395240783691406,1.6626869620096791
23700,1,1.6266671419143677,1.662748617958042
23725,1,1.6747902631759644,1.6626518672416115
23750,1,1.8053215742111206,1.6624731037285745
23775,1,1.6044427156448364,1.6623887116151128
23800,1,1.6901179552078247,1.6622982816468155
23825,1,1.512606143951416,1.6622041888424903
23850,1,1.629915475845337,1.6621178273772557
23875,1,1.4153343439102173,1.6619893123350225
23900,1,1.5746954679489136,1.662222645655938
23925,1,1.5988085269927979,1.662193720040297
23950,1,1.7966618537902832,1.6620911697178995
23975,1,1.7766828536987305,1.662179167740619
24000,1,1.3813351392745972,1.6620627771257297
24025,1,1.5802360773086548,1.6620040817556385
24050,1,1.6849654912948608,1.6620589482435033
24075,1,1.630186676979065,1.6622339552321257
24100,1,1.3134574890136719,1.6620148509108719
24125,1,1.6551028490066528,1.661935379247709
24150,1,1.5361595153808594,1.6619239363369296
24175,1,1.6900798082351685,1.6619918836569922
24200,1,1.5999751091003418,1.661969116300182
24225,1,1.6914705038070679,1.6620707895612485
24250,1,1.966921091079712,1.6620309629352468
24275,1,1.514939546585083,1.6620654544516795
24300,1,1.7970906496047974,1.661830803391048
24325,1,1.639491081237793,1.6618306965495087
24350,1,1.655928134918213,1.6618144652920954
24375,1,1.4979732036590576,1.661608904671955
24400,1,1.670029640197754,1.6616595071147269
24425,1,1.6172887086868286,1.6615636595517875
24450,1,1.7022709846496582,1.6614363615138255
24475,1,1.7244123220443726,1.6613562549257126
24500,1,2.059030771255493,1.66134353723688
24525,1,1.710546851158142,1.6613728531505985
24550,1,1.7503019571304321,1.6612468282352528
24575,1,1.8790069818496704,1.6611391994513953
24600,1,1.505647897720337,1.6612342411466339
24625,1,1.556259274482727,1.6611805687621983
24650,1,1.4961514472961426,1.66117986922495
24675,1,1.8349099159240723,1.6612131496327744
24700,1,1.7856618165969849,1.6612396596065109
24725,1,1.8158670663833618,1.661030075785427
24750,1,1.640122652053833,1.6608018845043593
24775,1,1.7671186923980713,1.660558185963467
24800,1,1.5197020769119263,1.6602451567774692
24825,1,1.6559643745422363,1.660357510841783
24850,1,1.6266053915023804,1.6601624403214328
24875,1,1.6173608303070068,1.6599657387626594
24900,1,1.57268226146698,1.6600159677024986
24925,1,1.5289901494979858,1.660104504414161
24950,1,1.5897608995437622,1.659900088468856
24975,1,1.7866201400756836,1.659852644718812
25000,1,1.767863392829895,1.6599423948518988
25025,1,1.6816635131835938,1.6600389265392697
25050,1,1.7459992170333862,1.6599818304802396
25075,1,1.8385432958602905,1.6598625569804804
25100,1,1.7196171283721924,1.6598949220661223
25125,1,1.5112462043762207,1.6599650818375666
25150,1,1.5364131927490234,1.6598577758868793
25175,1,1.715885877609253,1.6598145172320378
25200,1,1.5978267192840576,1.6600119187379943
25225,1,1.8483225107192993,1.6601412478849302
25250,1,1.799647331237793,1.6600781462466954
25275,1,1.3996809720993042,1.6602191836353313
25300,1,1.7236486673355103,1.6599578680774656
25325,1,1.589026689529419,1.6599499143316487
25350,1,1.6098315715789795,1.6599030578285152
25375,1,1.7263222932815552,1.6597804106342846
25400,1,1.4984328746795654,1.659756675656138
25425,1,1.582899808883667,1.6598360916107922
25450,1,1.6714643239974976,1.659729545423911
25475,1,1.7952378988265991,1.6598006270036516
25500,1,1.562768578529358,1.6595959118851051
25525,1,1.4811642169952393,1.6594852188126257
25550,1,1.5591881275177002,1.6593180822395612
25575,1,1.5378477573394775,1.6593465061364117
25600,1,1.8491411209106445,1.6594651943244367
25625,1,1.6255114078521729,1.659286896750349
25650,1,1.4912008047103882,1.6591690988082781
25675,1,1.6309481859207153,1.6591002797750132
25700,1,1.7295817136764526,1.6591167478238114
25725,1,1.6066657304763794,1.6589805662706578
25750,1,1.562941074371338,1.6589129445854744
25775,1,1.7024667263031006,1.658882466966832
25800,1,1.457887053489685,1.6588660526630372
25825,1,1.6675379276275635,1.658630522779834
25850,1,1.551943302154541,1.6585974059718953
25875,1,1.6635009050369263,1.6587462284641117
25900,1,1.5113930702209473,1.6588044777868418
25925,1,1.7033883333206177,1.6588017293676198
25950,1,1.6948091983795166,1.6587210999417428
25975,1,1.6883631944656372,1.6585086804570495
26000,1,1.4595022201538086,1.6584440943117358
26025,1,1.6718754768371582,1.6584225185386225
26050,1,1.4485042095184326,1.658346401175603
26075,1,2.0943143367767334,1.6584655880642156
26100,1,1.7796854972839355,1.6585501376982577
26125,1,1.5431534051895142,1.6585563104257812
26150,1,1.5486176013946533,1.658503496597298
26175,1,1.7950142621994019,1.6583831592052456
26200,1,1.922634482383728,1.6584983869058019
26225,1,1.4295272827148438,1.6583347777034132
26250,1,1.5182205438613892,1.6583256983575008
26275,1,1.5988651514053345,1.6582791244118205
26300,1,1.577951431274414,1.658421420703069
26325,1,1.3120969533920288,1.6584069387460323
26350,1,1.5582197904586792,1.6584098230595499
26375,1,1.689043641090393,1.658478089753123
26400,1,1.9788345098495483,1.6584236829595886
26425,1,1.6535028219223022,1.6584604414889383
26450,1,1.8578766584396362,1.658570848000985
26475,1,1.4516773223876953,1.6585648881488848
26500,1,1.455674409866333,1.6585354805808699
26525,1,1.521878957748413,1.6584294447991075
26550,1,1.6664111614227295,1.6583901705014312
26575,1,1.6289561986923218,1.6583830548627339
26600,1,1.87457275390625,1.6584491422333687
26625,1,1.5587058067321777,1.6583655862759947
26650,1,1.780243992805481,1.6583031976483729
26675,1,1.592089295387268,1.6582990300735354
26700,1,1.926429271697998,1.658223584492113
26725,1,1.7506895065307617,1.658306102201059
26750,1,1.702993631362915,1.65812142606715
26775,1,1.6974895000457764,1.6579636305966197
26800,1,1.7330561876296997,1.6579729048770486
26825,1,1.5282789468765259,1.6579464440560825
26850,1,1.627715826034546,1.6579201777558097
26875,1,1.7997952699661255,1.657897992128876
26900,1,1.6791491508483887,1.6579079577263356
26925,1,1.8912512063980103,1.6579565048088047
26950,1,1.6303009986877441,1.657858957962308
26975,1,1.6797583103179932,1.6577292997857702
27000,1,1.6806293725967407,1.6577670139682266
27025,1,1.7801834344863892,1.657717934542759
27050,1,1.576715111732483,1.657727131060355
27075,1,1.5713573694229126,1.6576656135680583
27100,1,1.4014155864715576,1.6574986803932605
27125,1,1.4641629457473755,1.657502702554574
27150,1,1.7581675052642822,1.6575593137133324
27175,1,1.5937148332595825,1.6575302674103585
27200,1,1.7654454708099365,1.657445854367368
27225,1,1.5461074113845825,1.6573828249510263
27250,1,1.5293883085250854,1.6572858402369455
27275,1,1.5102359056472778,1.6571953996297442
27300,1,1.380293846130371,1.6571553653531583
27325,1,1.6908366680145264,1.6571375471334882
27350,1,1.8038580417633057,1.6572481070715377
27375,1,1.7535697221755981,1.6571696463338565
27400,1,1.699878454208374,1.6571888660928222
27425,1,1.6286044120788574,1.6571815719422422
27450,1,1.8985151052474976,1.657118621868874
27475,1,1.4571864604949951,1.6571707971164582
27500,1,1.8015884160995483,1.6570071486772426
27525,1,1.5446006059646606,1.6569308894403862
27550,1,1.6595380306243896,1.6569537454761534
27575,1,1.674676537513733,1.6570029712910577
27600,1,1.5328590869903564,1.656877316814719
27625,1,1.572424292564392,1.6568428775659119
27650,1,1.6961029767990112,1.656794841663441
27675,1,1.665130853652954,1.6568207706843838
27700,1,1.5328114032745361,1.6567727354980881
27725,1,1.4978522062301636,1.6566927416427253
27750,1,1.700056791305542,1.6566044883494742
27775,1,1.4440066814422607,1.6565244968312685
27800,1,1.3487880229949951,1.6565480010520166
27825,1,1.771951675415039,1.6566278860401247
27850,1,1.7631679773330688,1.6566014344893776
27875,1,1.8211747407913208,1.6566498391727034
27900,1,1.3792448043823242,1.656542554560755
27925,1,1.989366054534912,1.6564644471234982
27950,1,1.624914526939392,1.6565715269661991
27975,1,1.6286653280258179,1.6565624975715778
28000,1,1.7210229635238647,1.6565938265568692
28025,1,1.7859103679656982,1.6564976907795919
28050,1,1.6614505052566528,1.6565920494045396
28075,1,1.3884401321411133,1.6565591247100218
28100,1,1.6783555746078491,1.6565544574317081
28125,1,1.956727385520935,1.6565381169548636
28150,1,1.6517728567123413,1.6563772642892896
28175,1,1.403274416923523,1.6562981089755506
28200,1,1.8320016860961914,1.6561357661291465
28225,1,1.4445663690567017,1.656142881987094
28250,1,1.5595662593841553,1.6561806426522183
28275,1,1.6688023805618286,1.6561746214553585
28300,1,1.9374299049377441,1.6562072891789608
28325,1,1.4192763566970825,1.6561070750748033
28350,1,1.753823161125183,1.6560623899698832
28375,1,1.7222847938537598,1.6560685912693367
28400,1,1.6904431581497192,1.6559159100251317
28425,1,1.7763134241104126,1.6560060212832965
28450,1,1.4490951299667358,1.655939558094149
28475,1,1.5834075212478638,1.655998935857078
28500,1,1.707209587097168,1.6558836223466766
28525,1,1.6718010902404785,1.6557426310889263
28550,1,1.6990904808044434,1.6556683413364037
28575,1,1.6719005107879639,1.6556419708302115
28600,1,1.8420414924621582,1.6555573434693673
28625,1,1.7836331129074097,1.6555262596701363
28650,1,1.773842215538025,1.6554857985557259
28675,1,1.5708556175231934,1.655277618422588
28700,1,1.6170518398284912,1.655204608763293
28725,1,1.5501877069473267,1.6551980776391984
28750,1,1.746697187423706,1.655097765009133
28775,1,2.0633771419525146,1.6551073160400438
28800,1,1.7282787561416626,1.6550445565044005
28825,1,1.7069957256317139,1.6550442839872754
28850,1,1.84511399269104,1.6551139698015707
28875,1,1.6211285591125488,1.6549488755595119
28900,1,1.7155942916870117,1.6548538835177882
28925,1,1.4729045629501343,1.6547539960709519
28950,1,1.7907564640045166,1.6547667054262654
28975,1,1.6266170740127563,1.654691076215053
29000,1,1.7493826150894165,1.654629763560036
29025,1,1.4415099620819092,1.6545774302934537
29050,1,1.659021258354187,1.6544957743036617
29075,1,1.5176857709884644,1.6543518865865388
29100,1,1.7285791635513306,1.6542923199464414
29125,1,1.6514955759048462,1.6542832638424056
29150,1,1.6659454107284546,1.6542732641251017
29175,1,1.3447085618972778,1.6541915539157153
29200,1,1.789684772491455,1.6543638976962622
29225,1,1.7308869361877441,1.6543678436723361
29250,1,1.3247469663619995,1.6542892639190812
29275,1,1.728772759437561,1.654352036371596
29300,1,1.6281492710113525,1.6543528032777026
29325,1,1.9128550291061401,1.6542528422666698
29350,1,1.7074536085128784,1.654247325512546
29375,1,1.48560631275177,1.65415874287435
29400,1,1.726537823677063,1.6541277239264425
29425,1,1.6066862344741821,1.6541395247747404
29450,1,1.4615765810012817,1.6540947821422172
29475,1,1.7124561071395874,1.6541594128490928
29500,1,1.472031593322754,1.6541544291297285
29525,1,1.6267675161361694,1.6540083966485732
29550,1,1.6562182903289795,1.6539937649749885
29575,1,1.950763463973999,1.6539703282250757
29600,1,1.5758696794509888,1.6538947776255115
29625,1,1.6866726875305176,1.6538794397605991
29650,1,1.6195639371871948,1.6538802810841844
29675,1,1.620802879333496,1.6538930970420402
29700,1,1.4199498891830444,1.6538608373581405
29725,1,1.59030282497406,1.6537380694647061
29750,1,1.4164999723434448,1.6537294582977338
29775,1,1.6390737295150757,1.6535344722065035
29800,1,1.7179640531539917,1.6534380220448
29825,1,1.65035080909729,1.6533697337232622
29850,1,1.6550450325012207,1.6533955911934708
29875,1,1.912290096282959,1.6533097341484855
29900,1,1.6995278596878052,1.6532573179310859
29925,1,1.5932961702346802,1.6532740070548002
29950,1,1.9441335201263428,1.653180577683733
29975,1,1.9464514255523682,1.6531492976483968
30000,1,1.4187085628509521,1.6530913537636236
30025,1,1.5781939029693604,1.6530462810913669
30050,1,1.6341551542282104,1.6530388379648757
30075,1,1.563958764076233,1.6530259716259614
30100,1,1.7462844848632812,1.652955506371431
30125,1,1.8774482011795044,1.6529212778667188
30150,1,1.640688419342041,1.6529252148615572
30175,1,1.6122149229049683,1.652820035891902
30200,1,1.7086440324783325,1.6528757617505174
30225,1,1.6545677185058594,1.6529159014181114
30250,1,1.647231101989746,1.6528327362660271
30275,1,1.4068363904953003,1.6527481917274067
30300,1,1.7053534984588623,1.652678503735912
30325,1,1.904639482498169,1.6528308859697132
30350,1,1.6662875413894653,1.6528069773412075
30375,1,1.619707465171814,1.65278306164885
30400,1,1.4349976778030396,1.6528035126982412
30425,1,1.81979501247406,1.652955187428553
30450,1,1.42075514793396,1.6528838675086828
30475,1,1.8462797403335571,1.6528778813323208
30500,1,1.548941731452942,1.6528545215276482
30525,1,1.7460050582885742,1.6527717620157667
30550,1,1.743189811706543,1.6527400364784641
30575,1,1.6648168563842773,1.6525752814387988
30600,1,1.742540955543518,1.6525211707099248
30625,1,1.6198780536651611,1.6524564685148275
30650,1,1.2655022144317627,1.6525147390882509
30675,1,1.5240488052368164,1.652431682088461
30700,1,1.5247623920440674,1.6524407274420558
30725,1,1.6146776676177979,1.6524200255178885
30750,1,1.6049978733062744,1.6523714878538056
30775,1,1.7287248373031616,1.6523500529077897
30800,1,1.9193724393844604,1.6523318539348282
30825,1,1.6902873516082764,1.6523595106610833
30850,1,1.6541298627853394,1.652442764408754
30875,1,1.7611362934112549,1.6524279512589755
30900,1,1.6824884414672852,1.6524183113403852
30925,1,1.5468305349349976,1.652356440682951
30950,1,1.7528694868087769,1.6523713309973254
30975,1,1.416412353515625,1.6525245325352862
31000,1,2.0100138187408447,1.6524652647064455
31025,1,1.523695707321167,1.6524465822384187
31050,1,1.525012493133545,1.6523815004529259
31075,1,1.5118730068206787,1.6523616038162323
31100,1,1.6631641387939453,1.6522225227063407
31125,1,1.6556199789047241,1.6521969254467372
31150,1,1.6989617347717285,1.6521414387283877
31175,1,1.7457915544509888,1.652144884504379
31200,1,1.5551279783248901,1.6521382153277686
31225,1,1.501986026763916,1.6521248432421713
31250,1,1.4946011304855347,1.6519962499109069
31275,1,1.7021141052246094,1.652019979576946
31300,1,1.654488205909729,1.6519031252405816
31325,1,1.6432092189788818,1.6519119965231894
31350,1,1.888918399810791,1.6519344663339823
31375,1,1.6198045015335083,1.6519884621642562
31400,1,1.8336447477340698,1.6519240988770827
31425,1,1.6935802698135376,1.6518606015415076
31450,1,1.7766978740692139,1.6518244709361884
31475,1,1.459172010421753,1.6518350870588472
31500,1,1.700700044631958,1.6518407244878046
31525,1,1.569886565208435,1.6518836757339725
31550,1,1.4487602710723877,1.651888918548748
31575,1,1.7803456783294678,1.6518599263677718
31600,1,1.7167848348617554,1.651819778425876
31625,1,1.7338125705718994,1.651718846802407
31650,1,1.6748350858688354,1.6516605384564864
31675,1,1.5240905284881592,1.6516273419945973
31700,1,1.4409904479980469,1.6515830096744366
31725,1,1.7533806562423706,1.651596894180716
31750,1,1.644846796989441,1.6515868415247328
31775,1,1.5295844078063965,1.6515423772766389
31800,1,1.5457465648651123,1.65143670168713
31825,1,1.554524540901184,1.6513915442845102
31850,1,1.6745387315750122,1.6513836953726984
31875,1,1.7285332679748535,1.651340990887674
31900,1,1.6691783666610718,1.6514008478187574
31925,1,1.5548852682113647,1.65140449372373
31950,1,1.4723076820373535,1.651360282854342
31975,1,1.3975363969802856,1.6514126977642611
32000,1,1.4887499809265137,1.6512632222665315
32025,1,1.7136868238449097,1.6513507903915265
32050,1,1.4441146850585938,1.6512493048270527
32075,1,1.333659052848816,1.6512268450802183
32100,1,1.6227940320968628,1.6512372828509152
32125,1,1.602632999420166,1.6512123583256173
32150,1,1.4158095121383667,1.6511721153537153
32175,1,1.7871713638305664,1.6511571680162103
32200,1,1.781026005744934,1.6511884014622145
32225,1,1.7806718349456787,1.651146868272352
32250,1,1.560174584388733,1.6511035274646229
32275,1,1.6563928127288818,1.6510305155668177
32300,1,1.686437964439392,1.651038353540544
32325,1,1.685590147972107,1.651047435127113
32350,1,1.7272552251815796,1.6510294230882339
32375,1,1.7918040752410889,1.651011277718949
32400,1,1.692519187927246,1.6509832435445995
32425,1,1.6204320192337036,1.6509355708317672
32450,1,1.712945580482483,1.6508356174805365
32475,1,1.4745537042617798,1.6507638358681636
32500,1,1.8190754652023315,1.650720435273959
32525,1,1.7282798290252686,1.6508023007001493
32550,1,1.6771087646484375,1.6507653064917691
32575,1,1.6575648784637451,1.650751273032791
32600,1,1.4290690422058105,1.650715475518657
32625,1,1.646216630935669,1.6506880181919745
32650,1,1.51976478099823,1.6506693617673367
32675,1,1.7088595628738403,1.6506708165408785
32700,1,1.8837133646011353,1.6507209476005114
32725,1,1.6111024618148804,1.6507056769647157
32750,1,1.6445958614349365,1.6505851614447473
32775,1,1.387897253036499,1.6505178819232174
32800,1,1.540414810180664,1.6505238677748733
32825,1,1.5802736282348633,1.6505092738162936
32850,1,1.7520575523376465,1.6504682859994315
32875,1,1.4634743928909302,1.6503645474009982
32900,1,1.3458589315414429,1.6502202662783343
32925,1,1.7901943922042847,1.6502451981503068
32950,1,1.5109708309173584,1.6502122868451101
32975,1,1.950587511062622,1.650184927517036
33000,1,1.6841847896575928,1.6501301724364874
33025,1,1.7161505222320557,1.6501879414208511
33050,1,1.8588579893112183,1.6501685547120355
33075,1,1.3402724266052246,1.6501493854659486
33100,1,1.7470625638961792,1.6501326829728429
33125,1,1.9321074485778809,1.65006548638
33150,1,1.7522969245910645,1.650113026244356
33175,1,1.5713319778442383,1.6501172298131221
33200,1,1.66099214553833,1.6500755767702024
33225,1,1.6756407022476196,1.6500988852754581
33250,1,1.739607334136963,1.6500885229743847
33275,1,1.74116051197052,1.650068828106848
33300,1,1.6811673641204834,1.6500109764605224
33325,1,1.5268832445144653,1.649976537822531
33350,1,1.460015892982483,1.649907161118395
33375,1,1.7106401920318604,1.6498728766694408
33400,1,1.8581116199493408,1.649878559012099
33425,1,1.9470975399017334,1.6499236304111138
33450,1,1.719476580619812,1.6499038053249206
33475,1,1.7068501710891724,1.6499653314468679
33500,1,1.7780402898788452,1.6500105084217516
33525,1,1.8181817531585693,1.6499771324043573
33550,1,1.7608144283294678,1.6500271556274153
33575,1,1.4599664211273193,1.649972141014808
33600,1,1.7815238237380981,1.6499256268157751
33625,1,1.642347812652588,1.649891097115001
33650,1,1.4857969284057617,1.6498467104711372
33675,1,1.7064366340637207,1.6497872626392585
33700,1,1.4765608310699463,1.6498278224352503
33725,1,1.901212453842163,1.6497715226332057
33750,1,1.8156527280807495,1.6497491646214952
33775,1,1.7237099409103394,1.649737163345119
33800,1,1.7763853073120117,1.6497435258327533
33825,1,1.9141902923583984,1.649729694765944
33850,1,1.456497311592102,1.6497165126975124
33875,1,1.5178890228271484,1.6496151125268579
33900,1,1.5033290386199951,1.6495752304137923
33925,1,1.628224492073059,1.6495335441006793
33950,1,1.7871521711349487,1.649522631594035
33975,1,1.614240050315857,1.6494958681426033
34000,1,1.3070813417434692,1.6494377028491372
34025,1,1.5758280754089355,1.6494347400135474
34050,1,1.680139422416687,1.6493349663143768
34075,1,1.8167228698730469,1.6493452631128616
34100,1,1.7586616277694702,1.6493402279519622
34125,1,1.55656898021698,1.6493103964216766
34150,1,1.6459840536117554,1.6492699158253419
34175,1,1.4139193296432495,1.6492508952054963
34200,1,1.5681746006011963,1.6492136623227347
34225,1,1.5666983127593994,1.6491498934203317
34250,1,1.5131570100784302,1.6491209000267846
34275,1,1.7294392585754395,1.6490873031489368
34300,1,1.6925673484802246,1.6489868389095679
34325,1,1.655508041381836,1.6489633714455743
34350,1,1.4776071310043335,1.6489512298611542
34375,1,1.6679879426956177,1.6489537054744483
34400,1,1.4815306663513184,1.6488416058359803
34425,1,1.2975929975509644,1.6488280799233184
34450,1,1.829383373260498,1.648832389590201
34475,1,1.6087021827697754,1.6487825977189856
34500,1,1.6071916818618774,1.648752880238648
34525,1,1.397351861000061,1.6487393874721632
34550,1,1.6182507276535034,1.648691131747482
34575,1,1.760797142982483,1.6486767770346444
34600,1,1.413123607635498,1.6486225161748935
34625,1,1.6890156269073486,1.648563853723189
34650,1,1.5564526319503784,1.648520699570668
34675,1,1.6957308053970337,1.6484455741845172
34700,1,1.4544405937194824,1.6484175219916684
34725,1,2.014735460281372,1.6483996755800372
34750,1,1.6173063516616821,1.6483617346040857
34775,1,1.637518286705017,1.6482931562712497
34800,1,1.499885082244873,1.6482028127450103
34825,1,1.7162189483642578,1.6481885479722829
34850,1,1.7354698181152344,1.6482368428073992
34875,1,1.6299450397491455,1.648223843868027
34900,1,1.605615258216858,1.6481857912414737
34925,1,1.6641311645507812,1.6481779877982774
34950,1,1.8338093757629395,1.6481675709606152
34975,1,1.7384196519851685,1.6481892299071264
35000,1,1.7930268049240112,1.648239052816988
35025,1,1.5971006155014038,1.6481928800902244
35050,1,1.2669074535369873,1.6481466974924313
35075,1,1.8485662937164307,1.6481407773535968
35100,1,1.7339515686035156,1.648128061565033
35125,1,1.5035394430160522,1.6481238549299935
35150,1,1.683754801750183,1.6481305468058465
35175,1,1.5884687900543213,1.648088081919272
35200,1,1.7251813411712646,1.648099575594234
35225,1,1.2869610786437988,1.6480252446005041
35250,1,1.6898592710494995,1.648046201983078
35275,1,1.4986038208007812,1.6479964869120234
35300,1,1.9068211317062378,1.6481133684961329
35325,1,1.8978363275527954,1.6481278845977887
35350,1,1.5739976167678833,1.6480279638453905
35375,1,1.8714420795440674,1.6480339500706749
35400,1,1.6195929050445557,1.6480057690995897
35425,1,1.749613881111145,1.6480177793211694
35450,1,1.5199511051177979,1.6479398861531658
35475,2,1.6012574434280396,1.5611193180084229
35500,2,1.6444480419158936,1.6249729990959167
35525,2,1.6655128002166748,1.6223891670053656
35550,2,1.4987728595733643,1.6103887379169464
35575,2,1.5034884214401245,1.607703619911557
35600,2,1.6423135995864868,1.617874576495244
35625,2,1.3620492219924927,1.614942286091466
35650,2,1.505532145500183,1.6158550408151415
35675,2,1.6440883874893188,1.6163429318404778
35700,2,1.8297948837280273,1.6209629302439483
35725,2,1.5937126874923706,1.618656060742397
35750,2,1.3594213724136353,1.617841329744884
35775,2,1.8037753105163574,1.6174437143763556
35800,2,1.6546000242233276,1.621558634801344
35825,2,1.576816201210022,1.6217425111313937
35850,2,1.6835548877716064,1.6225345087678806
35875,2,1.7427746057510376,1.6231820265452064
35900,2,1.7613816261291504,1.6234711904858432
35925,2,1.7401716709136963,1.6245009977738933
35950,2,1.5812468528747559,1.6250787436962126
35975,2,1.7715356349945068,1.626238425651399
36000,2,1.6348435878753662,1.6268204817232095
36025,2,2.025794506072998,1.6277460916622266
36050,2,1.744737982749939,1.625106908946202
36075,2,1.6623071432113647,1.6272511322636252
36100,2,1.5337401628494263,1.6274591086402783
36125,2,1.6643582582473755,1.626138837646893
36150,2,1.3705326318740845,1.627755583910382
36175,2,1.7015528678894043,1.628258988535997
36200,2,1.8007736206054688,1.6279712183834765
36225,2,1.411415696144104,1.6265974377954253
36250,2,1.6363636255264282,1.627935636196382
36275,2,1.3540939092636108,1.6274697767281392
36300,2,1.5347535610198975,1.6272999055414323
36325,2,1.3115949630737305,1.6270205057155327
36350,2,1.4645335674285889,1.6273204508152883
36375,2,1.6773823499679565,1.6257149006121732
36400,2,1.660689115524292,1.625591569946659
36425,2,1.7459145784378052,1.6267801799075148
36450,2,1.6717153787612915,1.6280718360628408
36475,2,2.0058071613311768,1.627572996462163
36500,2,1.5291457176208496,1.6276070776494969
36525,2,1.6941022872924805,1.627659051565198
36550,2,1.7084059715270996,1.627568898819112
36575,2,1.8434996604919434,1.6276910342781803
36600,2,1.602678894996643,1.6281889561003298
36625,2,1.8365111351013184,1.6290441976481198
36650,2,1.5885764360427856,1.6286864546395985
36675,2,1.5579838752746582,1.6283651226289066
36700,2,1.9780007600784302,1.6284418637190425
36725,2,1.5668247938156128,1.6279659280738996
36750,2,1.9897392988204956,1.627838255092503
36775,2,1.4897068738937378,1.6272424927159759
36800,2,1.6634657382965088,1.6266266460705534
36825,2,1.6478394269943237,1.6268369213681393
36850,2,1.637121319770813,1.6275565251060167
36875,2,1.623960256576538,1.6280543930589955
36900,2,1.4230186939239502,1.628080986679852
36925,2,1.676934003829956,1.6283097700564735
36950,2,1.48393976688385,1.6282700202755038
36975,2,1.720062017440796,1.6281983209210784
37000,2,1.5096237659454346,1.6276043598168828
37025,2,1.6528719663619995,1.6277419120169156
37050,2,1.6671245098114014,1.6277627303630502
37075,2,1.5239907503128052,1.6278325033336425
37100,2,1.6158218383789062,1.6275878244382482
37125,2,2.0142924785614014,1.6282839174357076
37150,2,1.5753998756408691,1.629189868909973
37175,2,1.5830656290054321,1.6287833169758155
37200,2,1.8340409994125366,1.628896908470662
37225,2,1.8372752666473389,1.6296728749560505
37250,2,1.6719233989715576,1.6299962891621547
37275,2,1.5341323614120483,1.6301111412840876
37300,2,1.482430338859558,1.6300114301384483
37325,2,1.8026409149169922,1.6296403371420198
37350,2,1.7240233421325684,1.6294697215582472
37375,2,1.915307879447937,1.6291366094679354
37400,2,1.4526973962783813,1.6286032465455456
37425,2,1.420851230621338,1.628741772644356
37450,2,1.85969877243042,1.628566276425064
37475,2,1.5230140686035156,1.628659874483238
37500,2,1.7135916948318481,1.6291509644738569
37525,2,1.2656888961791992,1.6287756407637966
37550,2,1.855033040046692,1.6292168161043763
37575,2,1.2189891338348389,1.628784438380154
37600,2,1.7932233810424805,1.6288472883578207
37625,2,1.814367651939392,1.6287774560069828
37650,2,1.529341459274292,1.6282235241264387
37675,2,1.691081166267395,1.628910653769565
37700,2,1.6428874731063843,1.6281438642553157
37725,2,1.5312445163726807,1.6282859578100919
37750,2,1.566705346107483,1.6278076489243598
37775,2,2.148759603500366,1.6278986503659014
37800,2,1.7156983613967896,1.6278937325968783
37825,2,1.481791615486145,1.6277763801015885
37850,2,1.5628087520599365,1.6273270359059366
37875,2,1.6214122772216797,1.6275296972595998
37900,2,1.775437355041504,1.6280785878499366
37925,2,1.646104097366333,1.6279317191079303
37950,2,1.5063337087631226,1.628154717241566
37975,2,1.505468726158142,1.6281975891299842
38000,2,1.6199439764022827,1.6283012752005248
38025,2,1.740681767463684,1.627918104509553
38050,2,1.7765326499938965,1.6277145949445044
38075,2,1.6524652242660522,1.6278029633117514
38100,2,1.6907340288162231,1.628077824623414
38125,2,1.5616412162780762,1.6281674198287144
38150,2,1.7669944763183594,1.6283902516560782
38175,2,1.7162609100341797,1.6282612229451248
38200,2,1.493491530418396,1.6282408006025335
38225,2,1.5355578660964966,1.6287544790067183
38250,2,1.6029350757598877,1.628828346986566
38275,2,1.6447834968566895,1.6288932032338663
38300,2,1.7002129554748535,1.6286459656991736
38325,2,1.393628478050232,1.6282214974354958
38350,2,1.2942372560501099,1.627853518434698
38375,2,1.4403066635131836,1.6272351869002073
38400,2,1.8645532131195068,1.6270086859273434
38425,2,1.5558115243911743,1.6266614340686971
38450,2,1.656407356262207,1.6266614632118481
38475,2,1.8702139854431152,1.6264129086262784
38500,2,1.699901819229126,1.626309222730474
38525,2,1.5803862810134888,1.6262520744640594
38550,2,1.4947547912597656,1.6261009759910707
38575,2,1.5992034673690796,1.6258122540326523
38600,2,1.5718916654586792,1.6260911723866642
38625,2,1.5883150100708008,1.6261872598561935
38650,2,1.8411837816238403,1.6260371134903457
38675,2,1.970348596572876,1.6261272740438475
38700,2,1.2468252182006836,1.6257806945326907
38725,2,1.9223458766937256,1.6259798880363219
38750,2,1.2513647079467773,1.6252653898080687
38775,2,1.6908390522003174,1.6252584289494525
38800,2,1.3879430294036865,1.6252598305543275
38825,2,1.5918083190917969,1.6249132527857364
38850,2,1.4757927656173706,1.624696334879075
38875,2,1.83809232711792,1.6244015889896006
38900,2,1.6118046045303345,1.6244290113622881
38925,2,1.41449773311615,1.6242286443882854
38950,2,1.7760027647018433,1.62458404403651
38975,2,2.0174264907836914,1.6244724669061963
39000,2,1.6780364513397217,1.6247745754529677
39025,2,1.7344996929168701,1.624462354451461
39050,2,1.6124789714813232,1.6243774989963253
39075,2,1.6603630781173706,1.6240470823567066
39100,2,1.787960171699524,1.6239768475047822
39125,2,1.3727339506149292,1.6241705584134687
39150,2,1.499830722808838,1.624109535291792
39175,2,1.761772632598877,1.6243405089687248
39200,2,1.5775949954986572,1.6245024086802649
39225,2,1.6839442253112793,1.6245710573723418
39250,2,1.6174676418304443,1.6245684586347104
39275,2,1.4222699403762817,1.6244527754269833
39300,2,1.582098364830017,1.624306284151875
39325,2,1.649482250213623,1.62430558815386
39350,2,1.6031948328018188,1.6243457704628874
39375,2,1.6093392372131348,1.624494482719945
39400,2,1.2908188104629517,1.624419743429311
39425,2,1.5276367664337158,1.62404051883483
39450,2,1.5593504905700684,1.6241936709563345
39475,2,1.7795222997665405,1.6246536818782944
39500,2,1.4022223949432373,1.6244986197640827
39525,2,1.6098675727844238,1.624590654246758
39550,2,1.7182567119598389,1.624568093977139
39575,2,1.6004425287246704,1.6244171832714251
39600,2,1.5802769660949707,1.6243003557871394
39625,2,1.5599524974822998,1.6243144713153912
39650,2,1.6350228786468506,1.6242537697393933
39675,2,1.7523518800735474,1.624267412011604
39700,2,1.4889225959777832,1.624114267439989
39725,2,1.5472829341888428,1.6242244887295962
39750,2,1.340956211090088,1.624047837120908
39775,2,1.688435435295105,1.62404861019602
39800,2,1.9233424663543701,1.6240967799416868
39825,2,1.8068090677261353,1.624099270142315
39850,2,1.8879704475402832,1.6239121558595457
39875,2,1.4420442581176758,1.6239222578103907
39900,2,1.6934000253677368,1.6238443972967542
39925,2,1.724124789237976,1.6239179568258593
39950,2,1.8064730167388916,1.6238864894823297
39975,2,1.4626920223236084,1.6237768739362661
40000,2,1.7721041440963745,1.6242804176365297
40025,2,1.777016520500183,1.6244386277921112
40050,2,1.584991693496704,1.6242247162817864
40075,2,1.7432994842529297,1.6239688273102653
40100,2,1.6737806797027588,1.6240072577483704
40125,2,1.6292413473129272,1.6240088567185724
40150,2,1.872868537902832,1.6240255767336245
40175,2,1.715757131576538,1.623880381880606
40200,2,1.4440854787826538,1.6239548155041612
40225,2,1.6754168272018433,1.6240568493317589
40250,2,1.8344835042953491,1.6239837646359658
40275,2,1.7552905082702637,1.623868863974598
40300,2,1.9562183618545532,1.6239437259132057
40325,2,1.7506232261657715,1.6241121385787445
40350,2,1.3558253049850464,1.624027228269907
40375,2,1.7768601179122925,1.624105791785542
40400,2,1.4117883443832397,1.6241383672365044
40425,2,1.479046106338501,1.6242759120813146
40450,2,1.450102686882019,1.6242209089209245
40475,2,1.8844739198684692,1.6243768699042895
40500,2,1.5429174900054932,1.6242741293153486
40525,2,1.4307490587234497,1.6241364025692293
40550,2,1.657484769821167,1.6243987613658237
40575,2,1.7465369701385498,1.6242374495240985
40600,2,1.6409446001052856,1.6242688047374638
40625,2,1.702767014503479,1.6245932042656508
40650,2,2.042673110961914,1.6248231208807684
40675,2,1.4978286027908325,1.6248648941574106
40700,2,1.7749804258346558,1.6246439655127962
40725,2,1.8676120042800903,1.6245586631300306
40750,2,1.35463285446167,1.6242855935272817
40775,2,1.4207561016082764,1.6243264693004893
40800,2,1.5406291484832764,1.6241655453396533
40825,2,1.7432342767715454,1.6240145393780272
40850,2,1.4679759740829468,1.6238141314580068
40875,2,1.3755793571472168,1.6237346842926343
40900,2,1.7105883359909058,1.6236169597830314
40925,2,1.5292171239852905,1.6236536898709104
40950,2,1.5455710887908936,1.6236450765145929
40975,2,1.7077289819717407,1.623571788571725
41000,2,1.6668016910552979,1.6235871396163895
41025,2,1.7385551929473877,1.6236319008761946
41050,2,1.679160237312317,1.6236546691280085
41075,2,1.6169638633728027,1.623695762034081
41100,2,1.57541823387146,1.6237709358678591
41125,2,1.6850427389144897,1.6236293702395352
41150,2,1.7405774593353271,1.6237082572785035
41175,2,1.3780641555786133,1.6238144423541612
41200,2,1.504785418510437,1.6237857559484519
41225,2,1.4374215602874756,1.6236124072356575
41250,2,1.4736255407333374,1.6236419347846358
41275,2,1.508568525314331,1.6235947788942462
41300,2,1.5645004510879517,1.6234251815397556
41325,2,1.393681287765503,1.6234789560942622
41350,2,1.591413140296936,1.6234060754885453
41375,2,1.891335368156433,1.6233040638943002
41400,2,1.5597286224365234,1.623146197858184
41425,2,1.7888163328170776,1.6232624387761083
41450,2,1.7882931232452393,1.6232441837073943
41475,2,1.7029054164886475,1.6233699537038184
41500,2,1.7849847078323364,1.6233033925047735
41525,2,1.5322974920272827,1.623101735715525
41550,2,1.8220374584197998,1.6229380601036683
41575,2,1.5376025438308716,1.622839601492899
41600,2,1.8060564994812012,1.6227528796596566
41625,2,1.7298505306243896,1.622612688998492
41650,2,1.5316500663757324,1.6226680313788548
41675,2,1.5019323825836182,1.6225676582380206
41700,2,1.6235482692718506,1.6225050535190522
41725,2,1.5914660692214966,1.6225082860480848
41750,2,1.5134611129760742,1.6223870890440433
41775,2,1.7931585311889648,1.622306534707024
41800,2,1.418954610824585,1.6221998480918072
41825,2,1.687364101409912,1.62228565729105
41850,2,1.51881742477417,1.622239227644326
41875,2,1.7962950468063354,1.6221280671115201
41900,2,1.8445796966552734,1.6223117706471595
41925,2,1.7293506860733032,1.6222557383207805
41950,2,1.5419766902923584,1.622245306227308
41975,2,1.6815407276153564,1.6223622742751096
42000,2,1.5051538944244385,1.6224337399005868
42025,2,1.7227674722671509,1.6224554254934114
42050,2,1.666649580001831,1.6223474706106975
42075,2,1.622469425201416,1.6222091288840903
42100,2,1.7166972160339355,1.6223969379611303
42125,2,1.6395888328552246,1.622279891306791
42150,2,1.416054606437683,1.6221001199351792
42175,2,1.686235785484314,1.621989807710994
42200,2,1.5960646867752075,1.6220924072687175
42225,2,1.550618290901184,1.6220321069815506
42250,2,1.4371501207351685,1.6222301155680379
42275,2,1.3947609663009644,1.621921813593112
42300,2,1.6593656539916992,1.6218786480224303
42325,2,1.539589524269104,1.6217657930480551
42350,2,1.4959653615951538,1.621837719885067
42375,2,1.8978837728500366,1.6219320355335218
42400,2,1.488926649093628,1.621898022711189
42425,2,1.7586416006088257,1.6219538916537073
42450,2,1.2906147241592407,1.6217811467910543
42475,2,1.9331966638565063,1.6218145551296896
42500,2,1.46660315990448,1.6217947442280598
42525,2,1.4511594772338867,1.6217277315218828
42550,2,1.3939298391342163,1.6217563949314868
42575,2,1.6051925420761108,1.6216823084013783
42600,2,1.4181402921676636,1.6217852781815394
42625,2,1.812064528465271,1.6217896998386776
42650,2,1.6992480754852295,1.6218143160877765
42675,2,1.3505111932754517,1.6217482083626356
42700,2,1.4867122173309326,1.6217216164986603
42725,2,1.4999080896377563,1.621848427444222
42750,2,1.5957586765289307,1.6217431929985882
42775,2,1.6169902086257935,1.6216607103847116
42800,2,1.5640746355056763,1.621673029775019
42825,2,1.584632396697998,1.6216523392276627
42850,2,1.7912473678588867,1.6216357982497855
42875,2,1.4515156745910645,1.6217285207040704
42900,2,2.0065035820007324,1.6217443753941363
42925,2,1.6104484796524048,1.6218521469075895
42950,2,1.7076367139816284,1.6218895612473774
42975,2,1.8432743549346924,1.6219935267627577
43000,2,1.4202227592468262,1.621861762552462
43025,2,1.6128922700881958,1.6218762847700294
43050,2,1.6935299634933472,1.6218415899688756
43075,2,1.5757440328598022,1.621914392070969
43100,2,1.6223481893539429,1.6218165253671075
43125,2,1.8971691131591797,1.6217734716282706
43150,2,1.5662404298782349,1.6219182010351971
43175,2,1.330824613571167,1.6219426013601805
43200,2,1.6569938659667969,1.6219097599406427
43225,2,1.7095723152160645,1.6216894166151357
43250,2,1.7973283529281616,1.6216482581623397
43275,2,1.6245479583740234,1.6215948467068284
43300,2,1.8620208501815796,1.6218083757474182
43325,2,1.5697623491287231,1.621783445876998
43350,2,1.5688649415969849,1.621788700635964
43375,2,1.6027706861495972,1.621728984371608
43400,2,1.5112345218658447,1.6215480159916444
43425,2,1.58969247341156,1.6216062261727062
43450,2,1.405682921409607,1.6215962030759115
43475,2,1.3738172054290771,1.6215530246068042
43500,2,1.3141318559646606,1.6215430665951422
43525,2,1.9326080083847046,1.6214649362123046
43550,2,1.6157101392745972,1.6212868215350213
43575,2,1.5784618854522705,1.6212677955553882
43600,2,1.3503460884094238,1.6211056803498596
43625,2,1.562864899635315,1.6211056677787876
43650,2,1.8708670139312744,1.6211834312869733
43675,2,1.600598931312561,1.6212568476532796
43700,2,1.5698906183242798,1.6213081159611935
43725,2,1.723068118095398,1.6213648240902707
43750,2,1.6342604160308838,1.6212693030203582
43775,2,1.4643033742904663,1.621265931125148
43800,2,1.8271691799163818,1.6213634212120085
43825,2,1.6253517866134644,1.6212778827446355
43850,2,1.783316731452942,1.6211880084367227
43875,2,1.6781299114227295,1.6212728008423993
43900,2,1.6236066818237305,1.6214061688485928
43925,2,1.3819844722747803,1.621253400417137
43950,2,1.6847660541534424,1.6213956029136776
43975,2,1.5549933910369873,1.621391583519216
44000,2,1.6844918727874756,1.6215208277403248
44025,2,1.4080032110214233,1.6215437760832423
44050,2,1.5746726989746094,1.6214048855996621
44075,2,1.8052984476089478,1.6213010196489064
44100,2,1.7665736675262451,1.6213557350331624
44125,2,1.7884382009506226,1.6214045511718973
44150,2,1.6011825799942017,1.621405945855625
44175,2,1.708787202835083,1.6215577660655904
44200,2,1.4328373670578003,1.6215055912972027
44225,2,1.5928983688354492,1.6213445071899015
44250,2,1.4841324090957642,1.621441881633564
44275,2,1.8283618688583374,1.6215652174126476
44300,2,1.5721176862716675,1.6215472510352396
44325,2,1.29575514793396,1.6214585835552688
44350,2,1.6153165102005005,1.621447715250489
44375,2,1.563126802444458,1.6213231598440672
44400,2,1.7320042848587036,1.6214120002569827
44425,2,1.6650946140289307,1.6213960565647412
44450,2,1.8005045652389526,1.621305789455007
44475,2,1.6542813777923584,1.6212322185398262
44500,2,1.5962764024734497,1.621230144615584
44525,2,1.7262274026870728,1.6211807456943348
44550,2,1.6915684938430786,1.6211758327182162
44575,2,1.761247158050537,1.6211396020104234
44600,2,1.5966392755508423,1.621214889206995
44625,2,1.5447678565979004,1.6209571343767772
44650,2,1.574280858039856,1.6209084445419908
44675,2,1.770458698272705,1.6209557037713536
44700,2,1.411434531211853,1.620928784975638
44725,2,1.5306404829025269,1.6209476937930811
44750,2,1.61489999294281,1.6208944608489493
44775,2,1.605046272277832,1.6209035895128259
44800,2,1.6625096797943115,1.6210062272487344
44825,2,1.558358907699585,1.6209850176014022
44850,2,1.7306100130081177,1.6209553330882525
44875,2,1.4759100675582886,1.6210803433151586
44900,2,1.6633968353271484,1.6210403648375955
44925,2,1.603411316871643,1.6211287017161096
44950,2,1.9161930084228516,1.6210521347223452
44975,2,1.6815721988677979,1.6210609905159141
45000,2,1.70601487159729,1.6209198417781152
45025,2,1.6675108671188354,1.6208538685027116
45050,2,1.5617738962173462,1.6208111075431662
45075,2,1.6019445657730103,1.6207728304818287
45100,2,1.6418662071228027,1.6206102122955963
45125,2,1.5325312614440918,1.620725727939407
45150,2,1.627827763557434,1.6207089566310067
45175,2,1.7801387310028076,1.620779780952171
45200,2,1.7205332517623901,1.6206170920171559
45225,2,1.7425812482833862,1.6206019890668861
45250,2,2.030364990234375,1.6205039980647984
45275,2,1.765312671661377,1.6205337690431671
45300,2,1.5870507955551147,1.620616443165683
45325,2,1.6699901819229126,1.62051369624353
45350,2,1.4820502996444702,1.6205104400814765
45375,2,1.188755989074707,1.6204233018332554
45400,2,1.820001482963562,1.6204466248867107
45425,2,1.5646677017211914,1.620453029161476
45450,2,1.494929313659668,1.6204708082702186
45475,2,1.6646066904067993,1.6203642281635218
45500,2,1.5195071697235107,1.6204416423055474
45525,2,1.5038033723831177,1.6204436485296678
45550,2,1.2351329326629639,1.6204860205510765
45575,2,1.820802927017212,1.620511135065218
45600,2,1.6635141372680664,1.6205522691215
45625,2,1.6251541376113892,1.620389370581364
45650,2,1.601966381072998,1.6205486222838124
45675,2,1.4919313192367554,1.6204314903381218
45700,2,1.4073153734207153,1.6204825206877302
45725,2,1.5393140316009521,1.6203669606796522
45750,2,1.5475561618804932,1.620337798965347
45775,2,1.3400218486785889,1.6202357891345114
45800,2,1.7731741666793823,1.6201481549749055
45825,2,1.535468578338623,1.6200999024120393
45850,2,1.907267689704895,1.6201499509730997
45875,2,1.5115962028503418,1.62016604816839
45900,2,1.2967125177383423,1.6202476003311725
45925,2,1.7187788486480713,1.6202280486445273
45950,2,1.535127878189087,1.6201474420043789
45975,2,1.5104602575302124,1.6202225046291727
46000,2,1.364945888519287,1.620328000303912
46025,2,1.5669811964035034,1.6202047269133115
46050,2,1.620994210243225,1.6201152673459445
46075,2,1.4755786657333374,1.620079456478398
46100,2,1.7543773651123047,1.6201359222827927
46125,2,1.3475579023361206,1.6200475534940748
46150,2,1.6438997983932495,1.619935841255642
46175,2,1.5876479148864746,1.619938308025619
46200,2,1.728935718536377,1.619915303074079
46225,2,1.6172459125518799,1.6197809628972546
46250,2,1.825681209564209,1.619823418261831
46275,2,1.459373950958252,1.6198240491705092
46300,2,1.562605619430542,1.6197850884548062
46325,2,1.6697770357131958,1.6197054006766733
46350,2,1.6726932525634766,1.6197642525493647
46375,2,1.8399618864059448,1.619755059614578
46400,2,1.6603857278823853,1.619712751940205
46425,2,1.5855597257614136,1.6196939689446004
46450,2,1.5526541471481323,1.6195628431705382
46475,2,1.7509100437164307,1.6195994347401597
46500,2,1.6878107786178589,1.6195440220108694
46525,2,1.780656337738037,1.61952909087768
46550,2,1.8073550462722778,1.6196936318428925
46575,2,1.8701874017715454,1.6196478012981084
46600,2,1.6164581775665283,1.6196619379606088
46625,2,1.7632133960723877,1.6196684072659924
46650,2,1.5509705543518066,1.6196667563030234
46675,2,1.6642508506774902,1.619598978978615
46700,2,1.6651053428649902,1.6196302411976595
46725,2,1.5242376327514648,1.6196472009570255
46750,2,1.608318567276001,1.6196112373777725
46775,2,1.8436404466629028,1.6197135486997147
46800,2,1.9095884561538696,1.6197463336973608
46825,2,1.5826383829116821,1.6196956837927898
46850,2,1.6244372129440308,1.619759321343709
46875,2,1.771885633468628,1.6197186383015738
46900,2,1.5958348512649536,1.6197208534127654
46925,2,1.6032233238220215,1.6197354195212639
46950,2,1.7346227169036865,1.6197945057047771
46975,2,1.7599880695343018,1.6196618287006899
47000,2,1.7354495525360107,1.6196765615385909
47025,2,1.5368050336837769,1.6197185164094217
47050,2,1.6962811946868896,1.619640079892154
47075,2,1.6934581995010376,1.6197156055432758
47100,2,1.6348778009414673,1.619734390414385
47125,2,1.6610125303268433,1.6196250124634297
47150,2,1.8120150566101074,1.6196953682713708
47175,2,1.8911656141281128,1.6198190625281161
47200,2,1.9023102521896362,1.6197735010053178
47225,2,1.6787375211715698,1.6198367919733236
47250,2,1.8452227115631104,1.6198118267672563
47275,2,1.4965226650238037,1.619846935208597
47300,2,1.4629930257797241,1.6197826919319853
47325,2,1.4994975328445435,1.6197457088141025
47350,2,1.5712302923202515,1.619788831678102
47375,2,1.4667344093322754,1.6198479589670947
47400,2,1.724127173423767,1.6197982773347142
47425,2,1.4807676076889038,1.6197776650395255
47450,2,1.573175072669983,1.6197702359526291
47475,2,1.456017255783081,1.6197810054818362
47500,2,1.529151201248169,1.619720996253606
47525,2,1.4684382677078247,1.6196957370889764
47550,2,1.8047431707382202,1.619731996267638
47575,2,1.6373186111450195,1.6195985950009468
47600,2,1.4213552474975586,1.6195065979365943
47625,2,1.8905184268951416,1.6195842549664539
47650,2,1.4925975799560547,1.6196626809577037
47675,2,1.7110472917556763,1.6195923166214456
47700,2,1.5160627365112305,1.6195749910708235
47725,2,1.5287545919418335,1.6195075396127663
47750,2,1.6537144184112549,1.6195712870951573
47775,2,1.6605278253555298,1.6195759143203496
47800,2,1.3365203142166138,1.619633637645431
47825,2,1.6695810556411743,1.619524199134759
47850,2,1.5473923683166504,1.6194564528967903
47875,2,1.357398509979248,1.6194918894133503
47900,2,1.6914175748825073,1.619533637623966
47925,2,1.5225955247879028,1.619603712589373
47950,2,1.6198852062225342,1.6195206922455083
47975,2,1.5894684791564941,1.6195774061448178
48000,2,1.4804600477218628,1.6196488641446232
48025,2,1.7558085918426514,1.6195941256365884
48050,2,1.8322631120681763,1.6195453706388432
48075,2,1.5846441984176636,1.6194281051339527
48100,2,1.574818730354309,1.6193597835061657
48125,2,1.6094635725021362,1.6193267172148733
48150,2,1.6562139987945557,1.6192019997664042
48175,2,1.5770074129104614,1.619192356816523
48200,2,1.5942078828811646,1.6190976573881526
48225,2,1.4271399974822998,1.6191514568158747
48250,2,1.479485273361206,1.619199536640505
48275,2,1.4846549034118652,1.6191715865012295
48300,2,1.6312965154647827,1.6192053062369454
48325,2,1.501589059829712,1.619125336846781
48350,2,1.608422875404358,1.619049623761302
48375,2,1.6700139045715332,1.6190338244183207
48400,2,1.5823025703430176,1.6191036476290501
48425,2,1.5118834972381592,1.6190209198209677
48450,2,1.6157944202423096,1.618929245002647
48475,2,1.7005900144577026,1.6189626131869872
48500,2,1.7099593877792358,1.619002345805888
48525,2,1.940287470817566,1.6189690208535492
48550,2,1.6370478868484497,1.6189487330729433
48575,2,1.444164514541626,1.6188355339342098
48600,2,1.868476390838623,1.618916009476596
48625,2,1.6681101322174072,1.61887591881065
48650,2,1.7376952171325684,1.6190240318840288
48675,2,1.6045998334884644,1.6190016523449304
48700,2,1.694139838218689,1.6190641585210903
48725,2,1.6110670566558838,1.6189555419700983
48750,2,2.096176862716675,1.618941489212124
48775,2,1.7896301746368408,1.618927915156312
48800,2,1.5840085744857788,1.6189483074254758
48825,2,1.5891318321228027,1.6189499604215507
48850,2,1.5517010688781738,1.6188963613167995
48875,2,1.7354918718338013,1.6188263547816224
48900,2,1.752514362335205,1.6187695503767432
48925,2,1.4770324230194092,1.6187313264207464
48950,2,1.6169477701187134,1.618613258119152
48975,2,1.4454375505447388,1.6185474303244474
49000,2,1.1439433097839355,1.6185202353545134
49025,2,1.6804732084274292,1.6186081365481892
49050,2,1.847407579421997,1.618568226058633
49075,2,1.5000988245010376,1.6186316928194084
49100,2,1.3993585109710693,1.6186026586212825
49125,2,1.5140671730041504,1.61856456391325
49150,2,1.7939499616622925,1.618509478257064
49175,2,1.971300482749939,1.6185510407656214
49200,2,1.6318005323410034,1.618436324952382
49225,2,1.5606083869934082,1.6183819739873162
49250,2,1.3082343339920044,1.6183104009344536
49275,2,1.254285454750061,1.6183373151849627
49300,2,1.6773194074630737,1.6182787049963079
49325,2,1.9921050071716309,1.6182532930924796
49350,2,1.6384334564208984,1.6181570721119203
49375,2,1.5295103788375854,1.6182673555533251
49400,2,1.698085069656372,1.618309696347098
49425,2,1.5170518159866333,1.618305369569852
49450,2,1.7382304668426514,1.618299277725819
49475,2,1.7696367502212524,1.6183746277030464
49500,2,1.3948065042495728,1.61828282977204
49525,2,1.470522403717041,1.6183632036325803
49550,2,1.9165623188018799,1.6183859780769445
49575,2,1.6367195844650269,1.6183721651806122
49600,2,1.6543049812316895,1.6183526943106212
49625,2,1.6501123905181885,1.6182564671828685
49650,2,1.5356038808822632,1.6181929917698676
49675,2,1.7283424139022827,1.6182266261702638
49700,2,1.4914947748184204,1.618268819845484
49725,2,1.6695141792297363,1.6182032765609586
49750,2,1.6642154455184937,1.6181919451771654
49775,2,1.4508273601531982,1.6181055860726068
49800,2,1.7454957962036133,1.618127681688253
49825,2,1.6718047857284546,1.6181195836829532
49850,2,1.6314797401428223,1.618023657823636
49875,2,1.7639131546020508,1.617966153306374
49900,2,1.568341851234436,1.618007566304315
49925,2,1.55660080909729,1.618014671480065
49950,2,1.6738914251327515,1.6180288258425428
49975,2,1.3980449438095093,1.6178884230166284
50000,2,1.592201828956604,1.617779657287754
50025,2,1.5229783058166504,1.6177084148482979
50050,2,1.5578227043151855,1.6176473206453352
50075,2,1.6273550987243652,1.6175002235535347
50100,2,1.943317174911499,1.6174866649848656
50125,2,1.4137753248214722,1.61740975990022
50150,2,1.594982624053955,1.6173676506456292
50175,2,1.6785191297531128,1.6173560930976483
50200,2,1.2250478267669678,1.617358030741989
50225,2,1.7207119464874268,1.6173113123758966
50250,2,1.399063229560852,1.6172548479333773
50275,2,1.7096469402313232,1.6172741633096033
50300,2,1.4138473272323608,1.6172810370103772
50325,2,1.3496661186218262,1.6172354955297645
50350,2,1.6047048568725586,1.6171904022014258
50375,2,1.4873543977737427,1.6171812038380031
50400,2,1.73516047000885,1.617142274846027
50425,2,1.5338681936264038,1.6172408375760767
50450,2,1.8535666465759277,1.6171889596930802
50475,2,1.4577833414077759,1.6171765689887978
50500,2,1.6780095100402832,1.617194772448764
50525,2,1.4970827102661133,1.617127978948214
50550,2,1.517629861831665,1.6170917917072605
50575,2,1.6209096908569336,1.6170955020203086
50600,2,1.4667565822601318,1.617064027414365
50625,2,1.9359103441238403,1.617052249843945
50650,2,1.6076791286468506,1.6170262102788606
50675,2,1.6243157386779785,1.617008175194478
50700,2,1.7550510168075562,1.6169456395050912
50725,2,1.6716192960739136,1.6169409508550403
50750,2,1.6388487815856934,1.6169745355688454
50775,2,1.7908793687820435,1.616923773058953
50800,2,1.9442782402038574,1.617001639847963
50825,2,1.6350716352462769,1.6168899949464133
50850,2,1.597251296043396,1.616804867052752
50875,2,1.6425117254257202,1.6168330886309032
50900,2,1.273674726486206,1.6167712093712976
50925,2,1.6442331075668335,1.6167036552407592
50950,2,1.7187294960021973,1.6166541459178423
50975,2,1.9319452047348022,1.6165973301050693
51000,2,1.718546986579895,1.6165586216021404
51025,2,1.6582192182540894,1.616590855122378
51050,2,1.4292269945144653,1.6164843576710388
51075,2,1.4670186042785645,1.6164394616622328
51100,2,1.5870791673660278,1.6163869704638842
51125,2,1.7512831687927246,1.6163841011195994
51150,2,1.384933352470398,1.6163127186270991
51175,2,1.597029209136963,1.616188607766953
51200,2,1.3910447359085083,1.6161029373470255
51225,2,1.8824963569641113,1.6161266300346078
51250,2,1.6589875221252441,1.6160809645559087
51275,2,1.6569498777389526,1.6160553753809692
51300,2,1.42250394821167,1.6160743841022451
51325,2,1.3713444471359253,1.616065526437172
51350,2,1.5262629985809326,1.6160278153059155
51375,2,1.5792511701583862,1.6159647583474297
51400,2,1.5208042860031128,1.6159196058609757
51425,2,1.6640931367874146,1.6158580379551826
51450,2,1.5173505544662476,1.6158475169252235
51475,2,1.634233832359314,1.6158909852562073
51500,2,1.5242359638214111,1.6158476140301292
51525,2,1.6651383638381958,1.6158182070508464
51550,2,1.5621026754379272,1.6157821373337529
51575,2,1.7302055358886719,1.6157998039499633
51600,2,1.6724908351898193,1.6157411531565422
51625,2,1.739118218421936,1.6157727160715007
51650,2,1.604230523109436,1.6157359848211066
51675,2,1.8580677509307861,1.6157271878213941
51700,2,1.5972676277160645,1.6157309019190977
51725,2,1.417383074760437,1.6157888370233466
51750,2,1.6242575645446777,1.6156938000598167
51775,2,1.4673722982406616,1.6156040270319008
51800,2,1.8143141269683838,1.615610372866871
51825,2,1.916037917137146,1.6156016290315383
51850,2,1.5072059631347656,1.6155503585297828
51875,2,1.514985203742981,1.6155410918329074
51900,2,1.4356552362442017,1.61543868569724
51925,2,1.6071053743362427,1.6153711229064687
51950,2,1.686743974685669,1.615348958838911
51975,2,1.6492118835449219,1.6153791050736153
52000,2,1.9506772756576538,1.615316909425415
52025,2,1.8923505544662476,1.6153426313933117
52050,2,1.6387825012207031,1.6153416887411007
52075,2,1.8710622787475586,1.6153770526537357
52100,2,1.9340616464614868,1.6153796538988356
52125,2,1.7257872819900513,1.6154567555098576
52150,2,1.7160322666168213,1.6154684155607668
52175,2,1.51383638381958,1.6154187858693425
52200,2,1.6839885711669922,1.6154414517396363
52225,2,1.557600975036621,1.615354216486543
52250,2,1.3669993877410889,1.6152800648942736
52275,2,1.5246834754943848,1.6152492498294533
52300,2,1.7441411018371582,1.6152716080772676
52325,2,1.856763482093811,1.6153138546871513
52350,2,1.494590401649475,1.6152995410829916
52375,2,1.671667456626892,1.6153132655358948
52400,2,1.6307564973831177,1.615316745485698
52425,2,2.0038812160491943,1.615262468238735
52450,2,1.773138403892517,1.6153306377650138
52475,2,1.5119690895080566,1.6153060916310644
52500,2,1.744328260421753,1.6153059586733831
52525,2,1.5158724784851074,1.6152447521354534
52550,2,1.668068289756775,1.6152323569989029
52575,2,1.6100174188613892,1.615199299396669
52600,2,1.5020102262496948,1.6152671012277144
52625,2,1.6855140924453735,1.6152425976683458
52650,2,1.4408365488052368,1.6151567103282667
52675,2,1.6874661445617676,1.615126067128024
52700,2,1.3982107639312744,1.6150618835652344
52725,2,1.50957190990448,1.6150394217583164
52750,2,1.4725854396820068,1.614931016222193
52775,2,1.4788310527801514,1.6149030798055353
52800,2,1.423329472541809,1.614950740481825
52825,2,1.7262358665466309,1.6150045123370904
52850,2,1.6379444599151611,1.6149273032354667
52875,2,1.8018391132354736,1.6148968102157326
52900,2,1.7928566932678223,1.6148480664295353
52925,2,1.6277873516082764,1.614863984416118
52950,2,1.6546146869659424,1.614838219732386
52975,2,1.6679296493530273,1.6148918188833836
53000,2,1.4797414541244507,1.6148920127479125
53025,2,1.6176283359527588,1.6149447518174573
53050,2,1.8552809953689575,1.6149602805184824
53075,2,1.6468658447265625,1.614971789220827
53100,2,1.6060168743133545,1.614976221360202
53125,2,1.7868342399597168,1.6149754678112551
53150,2,1.611018180847168,1.6149811444643927
53175,2,1.384273886680603,1.614933970835679
53200,2,1.583798885345459,1.6148887266429608
