global_step,loss,wall_time_unix
4,9.50000000,1778420874.374051
9,9.62500000,1778420935.611668
14,9.50000000,1778420996.368377
19,9.50000000,1778421078.818262
24,9.25000000,1778421143.181299
29,9.68750000,1778421214.512900
34,9.37500000,1778421312.680477
39,9.37500000,1778421392.605580
44,9.43750000,1778421482.021132
49,9.25000000,1778421563.771706
54,9.56250000,1778421664.533457
59,9.25000000,1778421758.013402
64,9.37500000,1778421842.627077
69,9.31250000,1778421956.089720
74,9.31250000,1778422041.948354
79,9.37500000,1778422128.427091
84,9.62500000,1778422210.651168
89,9.37500000,1778422299.794063
94,9.31250000,1778422381.621354
99,9.12500000,1778422461.253584
104,9.43750000,1778422547.236277
109,9.06250000,1778422631.680040
114,9.18750000,1778422712.009051
119,9.25000000,1778422813.924839
124,9.25000000,1778422903.292955
129,9.18750000,1778423000.901192
134,9.06250000,1778423092.245059
139,9.37500000,1778423172.789928
144,9.25000000,1778423255.988819
149,9.12500000,1778423345.970192
154,9.31250000,1778423438.342025
159,9.12500000,1778423536.482675
164,9.12500000,1778423656.311345
169,9.25000000,1778424041.942835
174,9.37500000,1778424148.897892
179,9.12500000,1778424230.387932
184,9.12500000,1778424314.495540
189,9.43750000,1778424393.705101
194,8.93750000,1778424473.382463
199,9.12500000,1778424554.327542
204,9.12500000,1778424647.486471
209,9.18750000,1778424735.840760
214,9.12500000,1778424823.212814
219,9.37500000,1778424904.832884
224,9.25000000,1778424986.562754
229,9.25000000,1778425068.776787
234,9.25000000,1778425149.203107
239,9.25000000,1778425230.226049
244,9.06250000,1778425308.398352
249,9.25000000,1778425387.350851
254,9.00000000,1778425467.038179
259,9.25000000,1778425552.912673
264,9.12500000,1778425852.123223
269,9.37500000,1778426145.585987
274,9.06250000,1778426275.303396
279,9.12500000,1778426353.592018
284,9.25000000,1778426431.889595
289,9.06250000,1778426509.789564
294,9.00000000,1778426589.191066
299,9.25000000,1778426670.876498
304,9.18750000,1778426749.020648
309,9.12500000,1778426827.219736
314,9.12500000,1778426904.424008
319,9.25000000,1778426981.323039
324,9.25000000,1778427055.468666
329,9.25000000,1778427130.955985
334,9.06250000,1778427205.967579
339,9.18750000,1778427279.660024
344,9.12500000,1778427355.758261
349,9.00000000,1778427433.580801
354,9.00000000,1778427512.837306
359,9.25000000,1778427589.518257
364,9.37500000,1778427666.565167
369,9.12500000,1778427741.167898
374,9.12500000,1778427816.461571
379,9.00000000,1778427890.945109
384,9.25000000,1778427967.236668
389,9.18750000,1778428042.199079
394,9.00000000,1778428117.888365
399,9.12500000,1778428192.753147
404,9.00000000,1778428268.339076
409,9.12500000,1778428342.450224
414,9.25000000,1778428417.314158
419,9.00000000,1778428491.534042
424,9.00000000,1778428567.894851
429,9.12500000,1778428642.780352
434,9.25000000,1778428718.546616
439,8.87500000,1778428793.190876
444,9.00000000,1778428868.671621
449,9.12500000,1778428952.467094
454,9.06250000,1778429026.821760
459,9.12500000,1778429100.837906
464,9.25000000,1778429176.494939
469,9.00000000,1778429251.877418
474,9.00000000,1778429328.974300
479,8.87500000,1778429404.594174
484,9.06250000,1778429480.476931
489,8.81250000,1778429555.337802
494,9.37500000,1778429630.913568
499,9.12500000,1778429706.415901
504,9.12500000,1778429783.936090
509,9.18750000,1778429861.601473
514,9.06250000,1778429940.217562
519,9.00000000,1778430020.101526
524,9.12500000,1778430098.433745
529,8.87500000,1778430175.652483
534,9.12500000,1778430251.860349
539,9.12500000,1778430327.326494
544,9.25000000,1778430403.023392
549,9.00000000,1778430477.945548
554,9.12500000,1778430552.800356
559,9.18750000,1778430628.811321
564,9.00000000,1778430703.861755
569,9.06250000,1778430778.403517
574,9.00000000,1778430852.999465
579,9.00000000,1778430926.530745
584,9.00000000,1778431002.640862
589,9.00000000,1778431077.977774
594,9.37500000,1778431153.633402
599,8.93750000,1778431228.399588
604,9.12500000,1778431304.243952
609,9.12500000,1778431378.972642
614,9.06250000,1778431454.614143
619,9.00000000,1778431528.943453
624,9.12500000,1778431605.185857
629,9.31250000,1778431681.576913
634,9.25000000,1778431757.835273
639,9.06250000,1778431833.520686
644,9.12500000,1778431908.898296
649,9.12500000,1778431984.188471
654,9.12500000,1778432059.753159
659,9.12500000,1778432134.548965
664,9.12500000,1778432209.739341
669,9.00000000,1778432284.720718
674,8.87500000,1778432358.990769
679,8.81250000,1778432435.003593
684,9.00000000,1778432511.792746
689,9.18750000,1778432589.333580
694,8.75000000,1778432666.723390
699,8.87500000,1778432743.781178
704,9.37500000,1778432820.945274
709,9.31250000,1778432896.679756
714,9.12500000,1778432971.404343
719,9.12500000,1778433048.493258
724,9.12500000,1778433123.336822
729,8.87500000,1778433198.250008
734,9.25000000,1778433273.583574
739,9.18750000,1778433348.440181
744,8.87500000,1778433423.191442
749,8.93750000,1778433497.817330
754,8.87500000,1778433574.036321
759,9.00000000,1778433649.651057
764,9.00000000,1778433724.535728
769,9.06250000,1778433800.538224
774,9.06250000,1778433876.172700
779,9.25000000,1778433952.002019
784,9.12500000,1778434027.719872
789,9.00000000,1778434102.231007
794,9.25000000,1778434181.824419
799,9.00000000,1778434259.512534
804,9.00000000,1778434337.264850
809,9.12500000,1778434416.177224
814,9.06250000,1778434491.810277
819,8.93750000,1778434567.475262
824,8.87500000,1778434642.927720
829,9.00000000,1778434720.167257
834,8.87500000,1778434798.705907
839,9.00000000,1778434876.792246
844,9.00000000,1778434955.193617
849,8.87500000,1778435030.981329
854,9.25000000,1778435105.565180
859,9.12500000,1778435181.563714
864,8.75000000,1778435256.946424
869,9.00000000,1778435330.200221
874,9.00000000,1778435405.962358
879,9.00000000,1778435480.819030
884,8.87500000,1778435555.687999
889,9.12500000,1778435631.100148
894,8.93750000,1778435705.660298
899,9.12500000,1778435779.374805
904,8.87500000,1778435854.432311
909,8.87500000,1778435933.417371
914,9.12500000,1778436011.382276
919,9.00000000,1778436089.038198
924,9.00000000,1778436166.454224
929,9.00000000,1778436243.330615
934,9.18750000,1778436321.792720
939,9.00000000,1778436400.654936
944,9.12500000,1778436478.132673
949,9.00000000,1778436556.451023
954,9.00000000,1778436631.082840
959,9.00000000,1778436705.350507
964,9.18750000,1778436780.613750
969,9.06250000,1778436856.844435
974,9.12500000,1778436932.174495
979,8.93750000,1778437007.605892
984,8.87500000,1778437083.495579
989,9.00000000,1778437158.535004
994,9.12500000,1778437233.848320
999,8.87500000,1778437309.468296
1004,9.12500000,1778437384.552193
1009,9.25000000,1778437459.782305
1014,9.00000000,1778437536.473732
1019,9.00000000,1778437612.814526
1024,9.25000000,1778437688.817334
1029,8.75000000,1778437763.930970
1034,9.06250000,1778437838.981258
1039,9.00000000,1778437912.640171
1044,9.00000000,1778437988.298356
1049,9.12500000,1778438064.387493
1054,9.50000000,1778438140.089030
1059,8.75000000,1778438215.517591
1064,9.25000000,1778438290.825266
1069,9.00000000,1778438365.295052
1074,8.75000000,1778438440.465084
1079,9.12500000,1778438516.911956
1084,9.00000000,1778438590.887793
1089,9.25000000,1778438665.953745
1094,8.81250000,1778438742.179826
1099,9.12500000,1778438818.584890
1104,9.12500000,1778438893.816545
1109,9.12500000,1778438968.766828
1114,9.12500000,1778439044.263524
1119,9.12500000,1778439119.416677
1124,9.12500000,1778439194.370430
1129,9.25000000,1778439268.592921
1134,8.81250000,1778439344.658225
1139,9.12500000,1778439419.214412
1144,9.06250000,1778439494.904622
1149,9.12500000,1778439570.446947
1154,8.81250000,1778439645.816402
1159,8.87500000,1778439720.878374
1164,9.00000000,1778439794.771823
1169,9.25000000,1778439869.266998
1174,9.25000000,1778439943.673941
1179,9.12500000,1778440019.006352
1184,9.25000000,1778440094.351386
1189,8.87500000,1778440169.061267
1194,9.12500000,1778440245.468568
1199,9.12500000,1778440320.574634
1204,9.06250000,1778440394.800529
1209,9.25000000,1778440469.918103
1214,9.00000000,1778440544.726882
1219,8.87500000,1778440620.172100
1224,8.81250000,1778440696.278617
1229,9.06250000,1778440771.852677
1234,9.12500000,1778440848.173196
1239,9.00000000,1778440922.967618
1244,9.12500000,1778440998.673328
1249,9.00000000,1778441074.180648
1254,8.87500000,1778441150.649578
1259,8.81250000,1778441226.257734
1264,9.37500000,1778441300.370011
1269,9.25000000,1778441374.894026
1274,8.93750000,1778441449.688137
1279,9.12500000,1778441524.264730
1284,9.12500000,1778441599.673258
1289,9.18750000,1778441674.299296
1294,8.87500000,1778441748.873672
1299,9.12500000,1778441824.319459
1304,9.00000000,1778441898.742098
1309,9.00000000,1778441974.198219
1314,9.12500000,1778442048.802984
1319,8.87500000,1778442125.051869
1324,9.00000000,1778442199.663038
1329,8.87500000,1778442274.382876
1334,9.12500000,1778442348.897366
1339,9.25000000,1778442423.528558
1344,9.00000000,1778442499.077560
1349,9.12500000,1778442574.265380
1354,9.12500000,1778442649.052747
1359,9.25000000,1778442723.604979
1364,9.00000000,1778442798.889145
1369,9.00000000,1778442874.524138
1374,9.06250000,1778442948.949541
1379,8.87500000,1778443023.728380
1384,9.00000000,1778443098.593419
1389,9.00000000,1778443173.945309
1394,8.93750000,1778443249.968451
1399,9.25000000,1778443324.516633
1404,9.12500000,1778443401.436151
1409,8.87500000,1778443476.574653
1414,9.06250000,1778443551.149510
1419,8.81250000,1778443625.661811
1424,9.18750000,1778443701.669287
1429,9.18750000,1778443777.247393
1434,9.00000000,1778443852.470021
1439,8.93750000,1778443927.521061
1444,9.06250000,1778444002.374431
1449,8.93750000,1778444076.096497
1454,9.00000000,1778444151.783415
1459,9.12500000,1778444227.021406
1464,9.00000000,1778444302.694588
1469,9.00000000,1778444378.846612
1474,9.00000000,1778444454.550018
1479,9.12500000,1778444529.582994
1484,9.12500000,1778444604.402235
1489,9.12500000,1778444679.260282
1494,9.00000000,1778444754.921729
1499,8.87500000,1778444831.560403
1504,9.00000000,1778444908.344841
1509,9.06250000,1778444983.805021
1514,9.00000000,1778445058.547563
1519,9.00000000,1778445133.638354
1524,8.87500000,1778445209.164228
1529,9.12500000,1778445285.159173
1534,9.12500000,1778445359.673949
1539,9.18750000,1778445433.774105
1544,9.25000000,1778445511.597125
1549,9.25000000,1778445590.280629
1554,9.18750000,1778445667.944299
1559,8.81250000,1778445745.098257
1564,8.75000000,1778445822.676613
1569,9.12500000,1778445898.091717
1574,9.12500000,1778445973.904329
1579,9.00000000,1778446050.153560
1584,9.12500000,1778446125.978357
1589,9.31250000,1778446201.629383
1594,9.00000000,1778446275.926106
1599,9.25000000,1778446351.061100
1604,9.12500000,1778446426.527216
1609,9.25000000,1778446502.150563
1614,9.00000000,1778446577.410462
1619,9.25000000,1778446653.633864
1624,9.06250000,1778446730.438226
1629,9.12500000,1778446806.298615
1634,9.12500000,1778446881.413810
1639,9.12500000,1778446955.754834
1644,9.00000000,1778447030.704878
1649,9.00000000,1778447106.958203
1654,8.87500000,1778447183.273831
1659,9.12500000,1778447259.280316
1664,9.25000000,1778447334.369448
1669,9.00000000,1778447409.670053
1674,9.25000000,1778447486.917222
1679,9.12500000,1778447562.851888
1684,8.75000000,1778447637.389755
1689,9.00000000,1778447713.488734
1694,9.06250000,1778447788.728346
1699,9.18750000,1778447863.818014
1704,8.87500000,1778447941.602249
1709,8.75000000,1778448037.798157
1714,9.12500000,1778448151.455965
1719,9.00000000,1778448247.597992
1724,9.06250000,1778448332.186910
1729,9.00000000,1778448417.551042
1734,8.87500000,1778448513.029052
1739,9.12500000,1778448597.481150
1744,9.00000000,1778448678.774542
1749,9.00000000,1778448755.857963
1754,8.87500000,1778448833.635200
1759,9.12500000,1778448911.947523
1764,9.00000000,1778448988.715038
1769,9.12500000,1778449063.865206
1774,9.12500000,1778449138.556806
1779,8.87500000,1778449214.185455
1784,9.00000000,1778449288.027222
1789,9.12500000,1778449363.065683
1794,9.12500000,1778449436.955835
1799,9.00000000,1778449511.587084
1804,8.93750000,1778449585.954255
1809,9.25000000,1778449660.759160
1814,9.12500000,1778449736.630952
1819,9.00000000,1778449810.998089
1824,9.25000000,1778449885.792408
1829,8.75000000,1778449960.753475
1834,8.62500000,1778450035.728105
1839,9.12500000,1778450111.088706
1844,8.87500000,1778450185.454705
1849,9.06250000,1778450261.970582
1854,9.12500000,1778450337.680264
1859,8.93750000,1778450411.114103
1864,9.18750000,1778450486.608835
1869,9.12500000,1778450561.360058
1874,8.93750000,1778450636.894602
1879,9.12500000,1778450711.391787
1884,9.12500000,1778450786.154572
1889,8.87500000,1778450860.981851
1894,9.18750000,1778450935.255457
1899,9.25000000,1778451010.221604
1904,8.87500000,1778451084.503062
1909,9.06250000,1778451160.131805
1914,9.06250000,1778451234.450901
1919,9.12500000,1778451307.927889
1924,9.12500000,1778451382.296562
1929,8.87500000,1778451456.292675
1934,8.93750000,1778451530.362966
1939,8.87500000,1778451605.206962
1944,8.87500000,1778451679.328084
1949,9.00000000,1778451754.770470
1954,8.87500000,1778451830.319816
1959,9.00000000,1778451905.792645
1964,9.18750000,1778451981.032816
1969,9.12500000,1778452055.664132
1974,9.00000000,1778452129.408934
1979,8.75000000,1778452204.089377
1984,9.18750000,1778452280.087598
1989,9.12500000,1778452355.088653
1994,8.87500000,1778452429.820986
1999,9.00000000,1778452505.432364
2004,9.00000000,1778452580.392892
2009,9.06250000,1778452654.906921
2014,9.18750000,1778452729.915617
2019,9.00000000,1778452805.000937
2024,9.00000000,1778452879.181727
2029,8.93750000,1778452953.613941
2034,8.87500000,1778453028.048677
2039,9.00000000,1778453102.352676
2044,9.12500000,1778453178.220420
2049,8.93750000,1778453253.683365
2054,9.06250000,1778453328.714806
2059,8.93750000,1778453403.824556
2064,9.12500000,1778453479.327720
2069,8.87500000,1778453555.572507
2074,9.12500000,1778453631.060578
2079,9.25000000,1778453706.521301
2084,9.00000000,1778453781.574393
2089,9.00000000,1778453856.518830
2094,9.00000000,1778453930.910431
2099,8.87500000,1778454004.822008
2104,8.87500000,1778454079.558818
2109,8.87500000,1778454155.278409
2114,8.93750000,1778454229.031731
2119,9.18750000,1778454304.099288
2124,9.50000000,1778454378.051724
2129,9.00000000,1778454453.476874
2134,9.12500000,1778454529.349928
2139,9.12500000,1778454604.973579
2144,8.87500000,1778454680.495924
2149,8.93750000,1778454755.438884
2154,9.00000000,1778454829.806279
2159,9.18750000,1778454905.852927
2164,9.50000000,1778454980.326375
2169,9.12500000,1778455054.481257
2174,9.06250000,1778455129.503406
2179,8.87500000,1778455204.347119
2184,9.12500000,1778455279.666574
2189,8.81250000,1778455353.511667
2194,9.12500000,1778455428.044338
2199,8.87500000,1778455503.282628
2204,9.00000000,1778455578.329861
2209,9.25000000,1778455653.769592
2214,9.18750000,1778455728.916984
2219,9.18750000,1778455806.637689
2224,8.87500000,1778455884.691737
2229,9.06250000,1778455962.947176
2234,8.87500000,1778456041.086357
2239,9.00000000,1778456119.896413
2244,9.18750000,1778456195.091200
2249,9.12500000,1778456270.147035
2254,8.93750000,1778456346.197716
2259,8.87500000,1778456421.315729
2264,9.25000000,1778456495.905878
2269,8.75000000,1778456570.994403
2274,9.00000000,1778456646.229467
2279,9.18750000,1778456720.795491
2284,8.87500000,1778456799.813508
2289,9.00000000,1778456879.329962
2294,9.00000000,1778456957.697917
2299,8.75000000,1778457035.476381
2304,9.12500000,1778457110.429055
2309,9.12500000,1778457184.997120
2314,9.06250000,1778457259.379431
2319,9.00000000,1778457333.682872
2324,9.06250000,1778457407.877950
2329,9.31250000,1778457482.653999
2334,9.12500000,1778457556.081717
2339,8.62500000,1778457630.598031
2344,9.00000000,1778457706.418280
2349,8.87500000,1778457780.589444
2354,9.00000000,1778457855.942614
2359,9.06250000,1778457931.124754
2364,8.87500000,1778458006.189044
2369,8.87500000,1778458080.972017
2374,8.93750000,1778458156.508536
2379,9.12500000,1778458230.942792
2384,9.12500000,1778458306.420331
2389,9.12500000,1778458381.342035
2394,8.93750000,1778458461.097068
2399,9.25000000,1778458540.275576
2404,9.06250000,1778458617.698153
2409,9.12500000,1778458694.907351
2414,8.93750000,1778458772.752710
2419,8.87500000,1778458847.671422
2424,9.00000000,1778458923.005311
2429,9.00000000,1778459000.954265
2434,9.25000000,1778459077.591949
2439,9.00000000,1778459152.064998
2444,9.12500000,1778459228.326291
2449,9.00000000,1778459306.217951
2454,8.81250000,1778459384.060631
2459,9.06250000,1778459460.836133
2464,9.12500000,1778459537.371910
2469,8.87500000,1778459613.074295
2474,9.25000000,1778459687.671510
2479,8.87500000,1778459763.529244
2484,8.93750000,1778459839.908661
2489,9.18750000,1778459915.512834
2494,9.12500000,1778459991.219331
2499,8.87500000,1778460068.465206
2504,8.75000000,1778460147.018965
2509,8.75000000,1778460224.747619
2514,9.00000000,1778460303.494239
2519,9.18750000,1778460381.981632
2524,9.00000000,1778460459.870656
2529,9.00000000,1778460534.763809
2534,8.87500000,1778460611.917602
2539,8.87500000,1778460689.479691
2544,9.00000000,1778460765.678992
2549,8.87500000,1778460841.793687
2554,9.25000000,1778460916.763526
2559,9.06250000,1778460991.726237
2564,9.00000000,1778461067.504906
2569,9.00000000,1778461142.376260
2574,8.87500000,1778461216.572006
2579,8.93750000,1778461292.069089
2584,8.87500000,1778461369.062628
2589,9.12500000,1778461444.661746
2594,9.00000000,1778461519.954692
2599,8.75000000,1778461594.859962
2604,9.06250000,1778461671.954909
2609,9.12500000,1778461747.446813
2614,9.06250000,1778461822.518040
2619,9.18750000,1778461899.168314
2624,9.06250000,1778461975.017179
2629,9.00000000,1778462050.857594
2634,9.06250000,1778462126.436841
2639,8.87500000,1778462200.636336
2644,9.00000000,1778462275.927418
2649,9.12500000,1778462351.907638
2654,9.06250000,1778462427.395353
2659,9.25000000,1778462502.518066
2664,9.06250000,1778462577.356141
2669,9.31250000,1778462652.353281
2674,8.75000000,1778462727.644225
2679,9.00000000,1778462804.650033
2684,9.00000000,1778462879.880773
2689,8.75000000,1778462954.694772
2694,9.00000000,1778463029.445601
2699,9.12500000,1778463103.577918
2704,9.18750000,1778463180.319533
2709,8.81250000,1778463255.821195
2714,9.00000000,1778463332.378403
2719,8.87500000,1778463407.873803
2724,9.18750000,1778463482.695842
2729,9.06250000,1778463558.719922
2734,9.12500000,1778463634.145095
2739,9.12500000,1778463709.165651
2744,9.12500000,1778463784.761000
2749,9.00000000,1778463860.696459
2754,9.00000000,1778463936.877959
2759,9.12500000,1778464012.589125
2764,9.06250000,1778464088.893828
2769,9.25000000,1778464165.435587
2774,9.12500000,1778464240.834003
2779,9.06250000,1778464316.710211
2784,9.12500000,1778464392.099555
2789,9.00000000,1778464468.525176
2794,9.18750000,1778464543.748345
2799,9.18750000,1778464618.252563
2804,9.12500000,1778464694.574938
2809,9.06250000,1778464769.836310
2814,9.00000000,1778464844.154676
2819,9.12500000,1778464919.436204
2824,9.12500000,1778464994.672010
2829,9.12500000,1778465069.950972
2834,8.93750000,1778465145.308184
2839,9.06250000,1778465221.312621
2844,9.00000000,1778465296.808310
2849,9.06250000,1778465372.021493
2854,8.87500000,1778465447.325796
2859,9.06250000,1778465522.231727
2864,9.25000000,1778465595.900164
2869,9.06250000,1778465670.352728
2874,9.12500000,1778465744.360970
2879,8.93750000,1778465819.883531
2884,8.93750000,1778465897.786131
2889,8.87500000,1778465978.685466
2894,9.12500000,1778466057.933534
2899,8.87500000,1778466139.395139
2904,9.12500000,1778466213.937706
2909,9.18750000,1778466291.104758
2914,8.93750000,1778466368.182735
2919,9.00000000,1778466447.326676
2924,9.12500000,1778466525.286544
2929,9.12500000,1778466602.297177
2934,9.00000000,1778466678.179480
2939,9.00000000,1778466753.645077
2944,8.93750000,1778466828.401313
2949,8.75000000,1778466903.910679
2954,9.00000000,1778466980.559673
2959,9.00000000,1778467057.882539
2964,9.18750000,1778467132.882917
2969,9.12500000,1778467211.722888
2974,9.18750000,1778467288.804911
2979,8.93750000,1778467365.522825
2984,9.12500000,1778467442.306370
2989,9.12500000,1778467520.537372
2994,9.06250000,1778467598.441814
2999,9.00000000,1778467675.143155
3004,9.00000000,1778467751.381523
3009,9.12500000,1778467827.032222
3014,9.18750000,1778467903.430091
3019,9.00000000,1778467978.164083
3024,9.12500000,1778468053.732621
3029,8.75000000,1778468129.694693
3034,8.62500000,1778468205.873550
3039,9.12500000,1778468280.634733
3044,9.12500000,1778468356.300931
3049,9.06250000,1778468431.526063
3054,9.37500000,1778468507.588532
3059,9.25000000,1778468582.731426
3064,9.25000000,1778468657.639296
3069,8.75000000,1778468733.543096
3074,9.00000000,1778468809.096217
3079,9.06250000,1778468885.271585
3084,9.00000000,1778468961.779142
3089,9.12500000,1778469037.608804
3094,9.00000000,1778469114.256430
3099,8.87500000,1778469189.727488
3104,9.31250000,1778469266.289539
3109,8.93750000,1778469342.849484
3114,9.00000000,1778469417.409223
3119,9.00000000,1778469492.032206
3124,9.12500000,1778469566.854242
3129,9.12500000,1778469641.942262
3134,9.00000000,1778469716.840922
3139,9.06250000,1778469792.628098
3144,9.12500000,1778469868.581802
3149,8.93750000,1778469944.246806
3154,8.93750000,1778470018.942882
3159,8.87500000,1778470095.177000
3164,9.00000000,1778470169.426895
3169,9.00000000,1778470244.922121
3174,8.87500000,1778470320.426976
3179,8.93750000,1778470395.863911
3184,9.12500000,1778470471.897796
3189,9.06250000,1778470548.033273
3194,8.87500000,1778470623.232761
3199,8.93750000,1778470699.359178
3204,8.81250000,1778470775.633225
3209,9.25000000,1778470850.964157
3214,9.06250000,1778470926.569689
3219,9.25000000,1778471002.300528
3224,9.12500000,1778471078.638187
3229,9.12500000,1778471153.568126
3234,8.93750000,1778471228.153636
3239,9.00000000,1778471303.841346
3244,8.81250000,1778471379.278329
3249,8.75000000,1778471455.322191
3254,8.87500000,1778471530.446358
3259,9.06250000,1778471606.369576
3264,9.06250000,1778471682.596890
3269,9.00000000,1778471758.099515
3274,8.68750000,1778471833.173815
3279,9.12500000,1778471909.029463
3284,8.93750000,1778471984.782325
3289,8.68750000,1778472060.318601
3294,9.12500000,1778472135.331809
3299,9.25000000,1778472211.471190
3304,9.18750000,1778472287.076057
3309,9.25000000,1778472361.982533
3314,9.06250000,1778472437.780666
3319,8.87500000,1778472513.029935
3324,9.06250000,1778472587.167726
3329,9.31250000,1778472664.143287
3334,9.06250000,1778472738.125015
3339,8.81250000,1778472814.245774
3344,9.25000000,1778472888.716824
3349,9.00000000,1778472964.628873
3354,8.87500000,1778473039.415416
3359,9.12500000,1778473114.424536
3364,9.12500000,1778473189.878061
3369,9.00000000,1778473264.995005
3374,9.18750000,1778473341.658215
3379,9.06250000,1778473417.269509
3384,9.06250000,1778473493.112940
3389,8.93750000,1778473568.231491
3394,9.12500000,1778473643.750435
3399,9.12500000,1778473720.811110
3404,8.87500000,1778473796.535546
3409,8.87500000,1778473871.976998
3414,9.12500000,1778473947.434658
3419,9.00000000,1778474022.689472
3424,8.87500000,1778474097.122076
3429,9.06250000,1778474171.876878
3434,8.87500000,1778474246.344459
3439,9.18750000,1778474321.372558
3444,9.00000000,1778474396.277379
3449,9.06250000,1778474470.073805
3454,9.12500000,1778474544.836640
3459,9.06250000,1778474620.138767
3464,9.00000000,1778474694.891612
3469,9.06250000,1778474770.926449
3474,9.12500000,1778474845.872031
3479,9.12500000,1778474920.966071
3484,8.93750000,1778474995.257744
3489,9.18750000,1778475069.737790
3494,9.00000000,1778475145.198622
3499,8.87500000,1778475219.920123
3504,9.00000000,1778475296.397875
3509,9.25000000,1778475371.381928
3514,9.00000000,1778475447.212505
3519,8.87500000,1778475522.699589
3524,9.25000000,1778475598.139908
3529,8.87500000,1778475674.247776
3534,9.06250000,1778475749.649107
3539,9.12500000,1778475825.754321
3544,8.87500000,1778475900.443823
3549,9.18750000,1778475976.318127
3554,9.18750000,1778476050.936891
3559,9.25000000,1778476126.619262
3564,8.56250000,1778476200.897780
3569,8.93750000,1778476275.483443
3574,9.12500000,1778476350.431153
3579,9.12500000,1778476425.304355
3584,9.12500000,1778476501.324030
3589,9.12500000,1778476575.963515
3594,9.00000000,1778476651.480597
3599,8.87500000,1778476726.992485
3604,8.81250000,1778476802.502811
3609,9.37500000,1778476877.779466
3614,8.87500000,1778476953.668509
3619,8.87500000,1778477029.954264
3624,9.00000000,1778477105.191284
3629,9.12500000,1778477182.774993
3634,9.00000000,1778477258.772761
3639,9.12500000,1778477334.178037
3644,8.87500000,1778477409.258340
3649,9.00000000,1778477484.604709
3654,8.87500000,1778477559.001205
3659,8.87500000,1778477632.991776
3664,9.00000000,1778477708.326056
3669,9.25000000,1778477782.908496
3674,8.75000000,1778477858.993438
3679,9.18750000,1778477935.481628
3684,9.12500000,1778478010.725340
3689,8.93750000,1778478087.199853
3694,9.25000000,1778478161.871478
3699,8.87500000,1778478236.644644
3704,9.12500000,1778478311.417293
3709,8.87500000,1778478387.203834
3714,8.87500000,1778478462.481403
3719,8.93750000,1778478537.358297
3724,9.06250000,1778478612.499501
3729,9.06250000,1778478688.596677
3734,8.81250000,1778478764.822319
3739,9.06250000,1778478841.165340
3744,8.93750000,1778478917.043867
3749,9.12500000,1778478991.763670
3754,9.12500000,1778479067.727459
3759,9.12500000,1778479144.196683
3764,8.81250000,1778479218.475942
3769,9.00000000,1778479293.741456
3774,9.00000000,1778479368.689049
3779,8.93750000,1778479443.539950
3784,9.12500000,1778479518.952963
3789,9.25000000,1778479593.443445
3794,9.00000000,1778479669.138305
3799,8.75000000,1778479744.316001
3804,9.12500000,1778479819.188042
3809,9.00000000,1778479894.115652
3814,9.00000000,1778479969.780287
3819,9.06250000,1778480044.863930
3824,8.93750000,1778480120.889153
3829,9.00000000,1778480196.248940
3834,9.00000000,1778480271.631030
3839,9.00000000,1778480345.473647
3844,9.00000000,1778480420.000805
3849,9.00000000,1778480494.305498
3854,9.06250000,1778480569.931537
3859,9.25000000,1778480644.814374
3864,8.81250000,1778480719.578252
3869,9.25000000,1778480794.940495
3874,9.12500000,1778480869.558098
3879,9.00000000,1778480944.163020
3884,8.93750000,1778481019.226438
3889,9.12500000,1778481094.672809
3894,9.00000000,1778481169.802203
3899,9.18750000,1778481243.772231
3904,8.93750000,1778481318.495282
3909,9.12500000,1778481393.575936
3914,9.25000000,1778481468.855207
3919,8.75000000,1778481543.192042
3924,9.25000000,1778481618.404186
3929,9.18750000,1778481692.964796
3934,9.00000000,1778481769.273475
3939,9.12500000,1778481844.052288
3944,9.00000000,1778481920.878253
3949,8.93750000,1778481997.198144
3954,9.31250000,1778482072.825056
3959,8.87500000,1778482148.850367
3964,9.00000000,1778482225.017632
3969,9.00000000,1778482300.672194
3974,9.37500000,1778482375.602589
3979,9.00000000,1778482452.256720
3984,9.06250000,1778482529.503004
3989,9.00000000,1778482605.188387
3994,9.12500000,1778482684.601840
3999,9.12500000,1778482763.040328
4004,9.12500000,1778482841.673317
4009,9.00000000,1778482920.223052
4014,8.87500000,1778482996.709952
4019,8.87500000,1778483072.840902
4024,9.12500000,1778483148.202277
4029,9.00000000,1778483223.638727
4034,9.06250000,1778483299.360672
4039,9.12500000,1778483375.166651
4044,9.12500000,1778483450.600347
4049,9.25000000,1778483526.123370
4054,9.37500000,1778483603.522797
4059,8.93750000,1778483679.863793
4064,8.87500000,1778483755.502691
4069,9.06250000,1778483830.646490
4074,9.00000000,1778483906.190681
4079,9.18750000,1778483982.455909
4084,9.12500000,1778484059.034234
4089,9.12500000,1778484134.505347
4094,8.93750000,1778484210.903372
4099,9.00000000,1778484285.801926
4104,9.00000000,1778484362.436482
4109,8.75000000,1778484438.411515
4114,9.12500000,1778484514.347481
4119,9.00000000,1778484589.803247
4124,8.87500000,1778484666.564436
4129,9.12500000,1778484742.411795
4134,9.12500000,1778484817.991883
4139,9.25000000,1778484892.168012
4144,9.00000000,1778484969.187887
4149,9.00000000,1778485044.783382
4154,9.06250000,1778485121.262397
4159,9.12500000,1778485197.383728
4164,9.12500000,1778485273.816308
4169,8.93750000,1778485349.119542
4174,9.25000000,1778485425.214356
4179,9.12500000,1778485501.970446
4184,9.00000000,1778485578.116849
4189,8.87500000,1778485653.438279
4194,8.87500000,1778485729.451818
4199,9.18750000,1778485804.850520
4204,9.25000000,1778485880.237242
4209,8.87500000,1778485954.636049
4214,9.12500000,1778486030.645433
4219,9.25000000,1778486106.940531
4224,8.93750000,1778486182.471173
4229,9.12500000,1778486257.237545
4234,9.00000000,1778486332.848651
4239,8.87500000,1778486408.227984
4244,8.87500000,1778486484.211269
4249,9.00000000,1778486560.274672
4254,9.00000000,1778486636.816441
4259,9.06250000,1778486713.333648
4264,8.87500000,1778486788.791732
4269,9.00000000,1778486866.240139
4274,8.87500000,1778486942.065028
4279,8.87500000,1778487017.359412
4284,9.00000000,1778487093.157612
4289,8.87500000,1778487166.761404
4294,9.12500000,1778487242.911753
4299,9.12500000,1778487320.020048
4304,9.12500000,1778487395.385996
4309,8.93750000,1778487472.413616
4314,8.87500000,1778487547.927196
4319,9.18750000,1778487624.482636
4324,9.12500000,1778487699.665260
4329,8.87500000,1778487775.386160
4334,9.18750000,1778487852.418757
4339,9.37500000,1778487927.478715
4344,9.25000000,1778488003.957313
4349,9.18750000,1778488079.552455
4354,9.00000000,1778488155.642273
4359,8.81250000,1778488231.369727
4364,8.81250000,1778488306.628292
4369,8.87500000,1778488382.542765
4374,9.25000000,1778488457.402435
4379,9.06250000,1778488532.480832
4384,9.18750000,1778488607.801039
4389,9.25000000,1778488683.391231
4394,8.93750000,1778488760.219817
4399,9.25000000,1778488836.173588
4404,9.12500000,1778488912.775305
4409,8.87500000,1778488989.597801
4414,9.25000000,1778489065.679986
4419,9.00000000,1778489141.555586
4424,9.00000000,1778489216.931887
4429,9.06250000,1778489292.588476
4434,8.87500000,1778489367.584470
4439,8.87500000,1778489443.150439
4444,9.12500000,1778489517.605971
4449,8.75000000,1778489592.317735
4454,9.00000000,1778489666.818109
4459,8.93750000,1778489742.512294
4464,9.12500000,1778489818.523305
4469,8.87500000,1778489893.310636
4474,9.12500000,1778489968.003412
4479,9.00000000,1778490042.513628
4484,9.00000000,1778490118.335766
4489,9.00000000,1778490192.966467
4494,9.00000000,1778490267.159811
4499,9.00000000,1778490342.516454
4504,9.12500000,1778490418.243888
4509,9.00000000,1778490494.068431
4514,8.87500000,1778490569.163221
4519,9.00000000,1778490644.911736
4524,9.00000000,1778490720.719456
4529,8.93750000,1778490796.021618
4534,9.18750000,1778490870.509507
4539,8.87500000,1778490946.326006
4544,8.81250000,1778491022.292237
4549,8.93750000,1778491097.712713
4554,9.06250000,1778491172.886595
4559,9.00000000,1778491247.920209
4564,9.25000000,1778491323.576435
4569,9.12500000,1778491399.699847
4574,9.12500000,1778491475.050081
4579,9.12500000,1778491550.290351
4584,9.00000000,1778491624.804350
4589,9.18750000,1778491699.755934
4594,9.25000000,1778491775.784158
4599,9.12500000,1778491850.610485
4604,9.25000000,1778491926.199103
4609,9.00000000,1778492001.393999
4614,8.93750000,1778492078.108309
4619,9.00000000,1778492153.939071
4624,9.12500000,1778492229.169488
4629,9.37500000,1778492304.650964
4634,9.00000000,1778492380.256521
4639,9.12500000,1778492455.281174
4644,8.87500000,1778492530.189027
4649,9.18750000,1778492606.815084
4654,9.12500000,1778492682.873814
4659,9.00000000,1778492757.874082
4664,8.87500000,1778492833.989267
4669,8.87500000,1778492908.487557
4674,9.18750000,1778492983.964586
4679,9.12500000,1778493058.742515
4684,9.18750000,1778493134.423104
4689,9.00000000,1778493211.079485
4694,8.87500000,1778493285.158278
4699,9.25000000,1778493360.179431
4704,9.25000000,1778493434.322302
4709,9.00000000,1778493509.930472
4714,9.25000000,1778493586.413587
4719,9.00000000,1778493661.504716
4724,9.00000000,1778493738.785008
4729,8.87500000,1778493816.385338
4734,8.87500000,1778493894.555481
4739,8.75000000,1778493972.896391
4744,8.87500000,1778494050.166279
4749,8.75000000,1778494125.388552
4754,8.87500000,1778494201.591909
4759,9.06250000,1778494277.787259
4764,9.06250000,1778494352.623765
4769,8.87500000,1778494428.066684
4774,8.75000000,1778494503.555514
4779,9.25000000,1778494578.942335
4784,9.12500000,1778494654.826534
4789,9.00000000,1778494731.167261
4794,9.12500000,1778494808.660127
4799,9.12500000,1778494887.380363
4804,9.06250000,1778494965.711236
4809,9.06250000,1778495042.675911
4814,8.93750000,1778495121.945585
4819,9.00000000,1778495198.835061
4824,9.06250000,1778495276.404210
4829,9.12500000,1778495353.647146
4834,9.25000000,1778495429.992659
4839,9.00000000,1778495506.757531
4844,8.81250000,1778495585.472739
4849,9.25000000,1778495663.169993
4854,9.12500000,1778495739.356099
4859,9.12500000,1778495814.518038
4864,8.75000000,1778495888.440372
4869,9.00000000,1778495961.985325
4874,9.00000000,1778496036.390183
4879,9.18750000,1778496111.692938
4884,9.06250000,1778496187.602959
4889,9.06250000,1778496262.017478
4894,9.12500000,1778496336.836429
4899,9.00000000,1778496411.764077
4904,8.87500000,1778496486.138084
4909,9.25000000,1778496562.272375
4914,9.18750000,1778496637.436803
4919,8.75000000,1778496711.958665
4924,9.00000000,1778496787.838570
4929,9.12500000,1778496862.525162
4934,8.93750000,1778496938.671104
4939,9.00000000,1778497013.913633
4944,9.18750000,1778497089.155939
4949,8.87500000,1778497165.846388
4954,8.87500000,1778497240.337418
4959,9.12500000,1778497314.875784
4964,9.00000000,1778497391.790509
4969,9.18750000,1778497467.675423
4974,8.93750000,1778497543.520463
4979,9.00000000,1778497618.697105
4984,9.00000000,1778497694.614282
4989,9.12500000,1778497771.477783
4994,8.87500000,1778497846.772243
4999,9.12500000,1778497921.203909
5004,9.00000000,1778497997.579491
5009,9.06250000,1778498073.312066
5014,9.12500000,1778498147.997181
5019,8.93750000,1778498223.946355
5024,9.12500000,1778498298.616313
5029,9.06250000,1778498374.922761
5034,8.87500000,1778498449.170073
5039,9.00000000,1778498524.980572
5044,8.87500000,1778498601.362270
5049,9.00000000,1778498678.066714
5054,9.12500000,1778498763.829143
5059,9.00000000,1778498845.170861
5064,8.93750000,1778498932.922629
5069,9.12500000,1778499014.276140
5074,9.18750000,1778499095.539280
5079,9.06250000,1778499178.888673
5084,8.68750000,1778499259.608483
5089,8.87500000,1778499345.100451
5094,9.06250000,1778499430.970346
5099,9.00000000,1778499524.427070
5104,8.87500000,1778499609.434976
5109,9.00000000,1778499702.285254
5114,9.00000000,1778499788.718223
5119,9.06250000,1778499870.391513
5124,9.00000000,1778499959.144536
5129,9.12500000,1778500043.437237
5134,9.12500000,1778500124.179046
5139,8.93750000,1778500213.436764
5144,9.12500000,1778500311.358767
5149,9.00000000,1778500442.801941
5154,9.12500000,1778500536.770772
5159,9.00000000,1778500631.008565
5164,8.87500000,1778500717.557148
5169,8.93750000,1778500802.698365
5174,9.00000000,1778500884.071207
5179,8.68750000,1778500962.073183
5184,9.18750000,1778501041.916829
5189,9.25000000,1778501119.400320
5194,9.12500000,1778501193.460111
5199,9.00000000,1778501270.280014
5204,8.87500000,1778501346.267714
5209,8.81250000,1778501420.234471
5214,9.12500000,1778501496.421202
5219,8.93750000,1778501571.494083
5224,8.87500000,1778501648.626557
5229,9.00000000,1778501725.774871
5234,9.25000000,1778501801.486374
5239,8.87500000,1778501878.456188
5244,9.00000000,1778501954.420576
5249,9.00000000,1778502029.846156
5254,8.75000000,1778502104.745347
5259,9.00000000,1778502180.850378
5264,9.12500000,1778502255.787676
5269,9.06250000,1778502332.499675
5274,9.25000000,1778502407.597187
5279,9.18750000,1778502483.439795
5284,9.25000000,1778502559.465568
5289,9.06250000,1778502634.624032
5294,8.87500000,1778502709.172100
5299,8.87500000,1778502785.398091
5304,8.87500000,1778502861.218477
5309,8.87500000,1778502938.958561
5314,9.12500000,1778503015.474632
5319,9.06250000,1778503090.179364
5324,8.62500000,1778503165.537174
5329,8.87500000,1778503241.201306
5334,9.00000000,1778503315.469995
5339,9.00000000,1778503392.072088
5344,9.00000000,1778503465.965827
5349,8.87500000,1778503541.263086
5354,9.12500000,1778503616.483551
5359,8.87500000,1778503693.884863
5364,9.25000000,1778503767.923063
5369,9.00000000,1778503844.368051
5374,9.00000000,1778503919.776942
5379,9.18750000,1778503994.773443
5384,9.25000000,1778504069.390749
5389,9.06250000,1778504143.386559
5394,9.25000000,1778504219.602846
5399,9.12500000,1778504294.928566
5404,8.87500000,1778504370.891562
5409,9.00000000,1778504445.825272
5414,9.00000000,1778504521.054308
5419,8.62500000,1778504594.961221
5424,9.12500000,1778504671.683408
5429,8.75000000,1778504747.636943
5434,8.87500000,1778504822.091111
5439,8.87500000,1778504896.922158
5444,8.93750000,1778504971.467234
5449,8.93750000,1778505047.812413
5454,9.00000000,1778505122.580104
5459,9.25000000,1778505196.627425
5464,9.06250000,1778505274.141695
5469,9.12500000,1778505349.564030
5474,8.87500000,1778505424.631750
5479,8.87500000,1778505501.618816
5484,8.93750000,1778505575.546092
5489,9.25000000,1778505650.794258
5494,9.00000000,1778505727.032199
5499,8.87500000,1778505802.657006
5504,9.00000000,1778505877.681739
5509,9.00000000,1778505954.295351
5514,8.75000000,1778506028.904504
5519,9.18750000,1778506103.984634
5524,8.75000000,1778506178.677403
5529,9.00000000,1778506253.229130
5534,9.00000000,1778506330.392275
5539,9.12500000,1778506405.502337
5544,9.06250000,1778506480.840373
5549,9.00000000,1778506557.469872
5554,8.93750000,1778506632.356759
5559,9.00000000,1778506707.183658
5564,8.87500000,1778506783.693193
5569,8.81250000,1778506857.766788
5574,9.00000000,1778506933.181321
5579,9.50000000,1778507009.753703
5584,9.06250000,1778507084.246323
5589,9.12500000,1778507160.597509
5594,9.18750000,1778507235.673724
5599,8.87500000,1778507311.811777
5604,9.00000000,1778507388.788242
5609,9.00000000,1778507463.415995
5614,9.06250000,1778507538.111720
5619,9.18750000,1778507615.493649
5624,9.12500000,1778507690.814929
5629,9.00000000,1778507764.569129
5634,9.00000000,1778507841.855414
5639,9.00000000,1778507917.117388
5644,9.25000000,1778507990.914969
5649,9.06250000,1778508067.157393
5654,9.00000000,1778508142.235879
5659,8.93750000,1778508216.065068
5664,8.75000000,1778508291.648912
5669,8.68750000,1778508366.577099
5674,9.06250000,1778508442.804901
5679,8.75000000,1778508517.575438
5684,9.25000000,1778508593.976299
5689,8.75000000,1778508670.826280
5694,8.87500000,1778508744.188541
5699,8.87500000,1778508819.600347
5704,9.25000000,1778508896.171100
5709,8.81250000,1778508970.950094
5714,8.87500000,1778509044.644905
5719,8.75000000,1778509122.911431
5724,8.87500000,1778509197.560829
5729,8.87500000,1778509272.554683
5734,8.81250000,1778509350.186437
5739,9.25000000,1778509423.511401
5744,9.31250000,1778509498.146332
5749,9.12500000,1778509573.935247
5754,9.00000000,1778509648.564152
5759,9.12500000,1778509723.384777
5764,9.12500000,1778509799.695546
5769,9.25000000,1778509875.090266
5774,8.87500000,1778509949.936653
5779,9.00000000,1778510025.256674
5784,8.93750000,1778510099.580283
5789,9.18750000,1778510176.931581
5794,8.87500000,1778510251.902863
5799,8.87500000,1778510325.739074
5804,8.93750000,1778510402.809656
5809,8.93750000,1778510478.334767
5814,9.00000000,1778510553.067836
5819,9.12500000,1778510629.743710
5824,9.00000000,1778510704.766174
5829,9.12500000,1778510780.222888
5834,9.06250000,1778510856.293520
5839,9.00000000,1778510931.350173
5844,8.93750000,1778511007.863314
5849,9.00000000,1778511083.433414
5854,9.00000000,1778511157.575591
5859,9.12500000,1778511233.319914
5864,9.06250000,1778511309.820048
5869,9.00000000,1778511385.242321
5874,9.12500000,1778511460.402462
5879,8.87500000,1778511537.007309
5884,9.00000000,1778511613.076158
5889,9.00000000,1778511687.718450
5894,9.00000000,1778511764.621717
5899,8.87500000,1778511839.957536
5904,8.93750000,1778511915.608880
5909,9.25000000,1778511993.287084
5914,8.93750000,1778512068.696793
5919,9.06250000,1778512143.495175
5924,9.00000000,1778512229.027227
5929,8.93750000,1778512308.659662
5934,9.00000000,1778512385.579460
5939,9.25000000,1778512463.874666
5944,8.93750000,1778512542.663074
5949,9.25000000,1778512621.120015
5954,9.06250000,1778512698.394160
5959,8.87500000,1778512775.630992
5964,9.06250000,1778512849.559741
5969,9.00000000,1778512927.822380
5974,9.00000000,1778513003.204401
5979,9.25000000,1778513077.803269
5984,8.87500000,1778513153.931838
5989,9.00000000,1778513229.918684
5994,8.87500000,1778513305.753212
5999,9.06250000,1778513381.689294
6004,9.12500000,1778513456.588881
6009,9.18750000,1778513529.533617
6014,8.87500000,1778513605.930454
6019,9.06250000,1778513680.236919
6024,8.87500000,1778513756.795488
6029,9.06250000,1778513833.105310
6034,8.87500000,1778513909.798355
6039,9.00000000,1778513984.940710
6044,8.68750000,1778514061.143227
6049,9.00000000,1778514136.062348
6054,9.12500000,1778514211.653680
6059,9.12500000,1778514287.452492
6064,8.93750000,1778514362.822185
6069,9.06250000,1778514438.027069
6074,9.12500000,1778514513.993075
6079,9.00000000,1778514588.940806
6084,9.00000000,1778514665.330796
6089,9.00000000,1778514741.087938
6094,8.68750000,1778514817.322270
6099,8.93750000,1778514892.974308
6104,9.00000000,1778514969.683890
6109,8.75000000,1778515045.355669
6114,8.87500000,1778515119.050031
6119,8.81250000,1778515195.184267
6124,9.06250000,1778515270.406968
6129,9.00000000,1778515344.725811
6134,8.68750000,1778515421.673790
6139,9.00000000,1778515496.997357
6144,9.06250000,1778515571.479550
6149,9.06250000,1778515647.738052
6154,8.87500000,1778515722.187891
6159,9.12500000,1778515798.234272
6164,8.81250000,1778515873.353846
6169,9.00000000,1778515947.407487
6174,9.12500000,1778516024.438546
6179,9.00000000,1778516099.207143
6184,9.25000000,1778516174.892962
6189,9.12500000,1778516252.749972
6194,8.93750000,1778516329.966172
6199,9.18750000,1778516404.800859
6204,9.00000000,1778516480.168236
6209,9.25000000,1778516557.211127
6214,9.00000000,1778516631.798424
6219,9.12500000,1778516705.662104
6224,8.87500000,1778516781.445905
6229,9.37500000,1778516856.011326
6234,9.00000000,1778516932.618910
6239,8.87500000,1778517007.463229
6244,9.18750000,1778517083.180874
6249,9.00000000,1778517158.159965
6254,9.12500000,1778517234.256759
6259,9.06250000,1778517308.850873
6264,9.06250000,1778517385.502976
6269,8.87500000,1778517458.984038
6274,8.87500000,1778517532.650625
6279,9.12500000,1778517610.087179
6284,8.81250000,1778517685.737562
6289,8.87500000,1778517760.106119
6294,9.12500000,1778517836.801591
6299,8.87500000,1778517913.386563
6304,9.00000000,1778517988.602058
6309,9.12500000,1778518063.571746
6314,8.87500000,1778518140.680249
6319,9.06250000,1778518214.412805
6324,9.37500000,1778518291.041579
6329,9.18750000,1778518365.698477
6334,9.00000000,1778518440.748993
6339,9.00000000,1778518515.984739
6344,9.00000000,1778518592.681029
6349,8.87500000,1778518667.363225
6354,9.00000000,1778518743.041009
6359,9.00000000,1778518820.815145
6364,8.93750000,1778518895.591256
6369,9.00000000,1778518970.143976
6374,9.00000000,1778519047.204639
6379,8.93750000,1778519124.061697
6384,9.25000000,1778519200.560032
6389,9.12500000,1778519276.818018
6394,9.00000000,1778519352.504164
6399,9.00000000,1778519428.237730
6404,9.31250000,1778519505.075486
6409,8.81250000,1778519580.583239
6414,9.00000000,1778519656.130348
6419,8.75000000,1778519732.028636
6424,9.00000000,1778519808.753123
6429,9.00000000,1778519882.143330
6434,9.00000000,1778519959.233639
6439,8.93750000,1778520034.393390
6444,9.18750000,1778520109.391788
6449,8.75000000,1778520183.970474
6454,9.06250000,1778520262.442626
6459,9.12500000,1778520338.478718
6464,8.75000000,1778520412.085555
6469,8.87500000,1778520489.315891
6474,9.00000000,1778520563.989603
6479,9.00000000,1778520638.833452
6484,9.12500000,1778520714.852131
6489,9.25000000,1778520788.727993
6494,9.25000000,1778520864.686697
6499,8.81250000,1778520958.017013
6504,8.81250000,1778521063.174161
6509,8.75000000,1778521167.374832
6514,9.12500000,1778521257.864066
6519,9.00000000,1778521335.696741
6524,8.93750000,1778521411.554829
6529,9.12500000,1778521487.864188
6534,8.87500000,1778521565.178629
6539,9.12500000,1778521640.296093
6544,8.87500000,1778521713.979554
6549,9.25000000,1778521789.889007
6554,9.06250000,1778521864.507331
6559,8.93750000,1778521939.107056
6564,9.25000000,1778522014.882636
6569,9.00000000,1778522089.603413
6574,8.75000000,1778522164.566640
6579,8.87500000,1778522240.076594
6584,9.00000000,1778522314.266795
6589,8.87500000,1778522389.749170
6594,9.12500000,1778522466.345735
6599,8.87500000,1778522540.919021
6604,9.00000000,1778522615.975950
6609,9.18750000,1778522691.639560
6614,8.87500000,1778522767.111332
6619,9.00000000,1778522840.517221
6624,8.75000000,1778522916.906736
6629,9.00000000,1778522992.045615
6634,8.75000000,1778523066.534600
6639,9.00000000,1778523143.411788
6644,9.06250000,1778523218.473945
6649,9.00000000,1778523294.505734
6654,9.00000000,1778523371.378490
6659,9.18750000,1778523446.492877
6664,9.18750000,1778523520.236470
6669,9.06250000,1778523597.649246
6674,8.87500000,1778523671.907145
6679,9.12500000,1778523746.428105
6684,9.00000000,1778523821.884729
6689,9.00000000,1778523896.361766
6694,9.00000000,1778523971.221300
6699,9.12500000,1778524047.141767
6704,9.12500000,1778524123.394187
6709,9.12500000,1778524198.475476
6714,9.00000000,1778524275.413843
6719,8.75000000,1778524350.489274
6724,8.75000000,1778524424.353186
6729,9.00000000,1778524500.373950
6734,9.00000000,1778524577.460774
6739,9.00000000,1778524652.354428
6744,9.18750000,1778524726.686264
6749,9.00000000,1778524803.963554
6754,8.93750000,1778524879.749995
6759,8.87500000,1778524953.994088
6764,9.00000000,1778525033.241982
6769,9.18750000,1778525109.604453
6774,8.93750000,1778525185.085902
6779,9.37500000,1778525259.731652
6784,9.00000000,1778525335.948485
6789,8.93750000,1778525410.923205
6794,8.87500000,1778525486.725318
6799,8.87500000,1778525563.479171
6804,8.56250000,1778525638.371623
6809,9.06250000,1778525714.433221
6814,8.87500000,1778525791.105157
6819,9.12500000,1778525865.792004
6824,9.06250000,1778525940.407793
6829,8.87500000,1778526016.952578
6834,9.00000000,1778526090.865689
6839,9.12500000,1778526165.344116
6844,8.93750000,1778526241.833560
6849,9.18750000,1778526317.761367
6854,9.12500000,1778526393.263428
6859,8.87500000,1778526469.838527
6864,9.00000000,1778526545.401887
6869,9.12500000,1778526619.787714
6874,8.75000000,1778526695.827884
6879,9.00000000,1778526771.307025
6884,9.37500000,1778526846.254487
6889,9.00000000,1778526920.863891
6894,8.75000000,1778526997.884877
6899,9.06250000,1778527072.845871
6904,9.06250000,1778527148.621162
6909,9.12500000,1778527225.317323
6914,8.81250000,1778527300.970913
6919,8.87500000,1778527376.857309
6924,9.00000000,1778527454.789799
6929,9.00000000,1778527528.674229
6934,9.18750000,1778527603.217758
6939,9.31250000,1778527679.993531
6944,9.06250000,1778527753.889408
6949,9.25000000,1778527828.518001
6954,8.93750000,1778527903.986016
6959,9.06250000,1778527978.037101
6964,9.00000000,1778528052.136272
6969,9.06250000,1778528128.541299
6974,9.06250000,1778528205.360915
6979,9.00000000,1778528302.200108
6984,9.25000000,1778528406.933685
6989,9.06250000,1778528506.037947
6994,9.31250000,1778528590.346284
6999,9.12500000,1778528666.295984
7004,9.00000000,1778528744.864839
7009,9.12500000,1778528820.849375
7014,9.12500000,1778528896.923470
7019,9.06250000,1778528974.364550
7024,8.87500000,1778529049.369343
7029,9.12500000,1778529124.126972
7034,9.00000000,1778529199.770922
7039,8.75000000,1778529277.075265
7044,8.93750000,1778529352.357166
7049,9.00000000,1778529427.058764
7054,9.12500000,1778529503.787151
7059,9.00000000,1778529579.110537
7064,9.12500000,1778529654.598041
7069,8.87500000,1778529731.152403
7074,8.93750000,1778529805.174981
7079,9.12500000,1778529879.083668
7084,9.06250000,1778529956.475328
7089,8.75000000,1778530030.117405
7094,8.75000000,1778530103.146303
7099,9.00000000,1778530178.739517
7104,9.12500000,1778530253.110281
7109,9.12500000,1778530327.803324
7114,8.87500000,1778530403.749111
7119,9.12500000,1778530477.566974
7124,8.75000000,1778530552.555405
7129,9.25000000,1778530629.366235
7134,8.87500000,1778530702.597022
7139,9.12500000,1778530777.232660
7144,8.93750000,1778530853.981490
7149,8.87500000,1778530928.746221
7154,9.06250000,1778531003.610301
7159,9.18750000,1778531080.517419
7164,8.93750000,1778531154.498219
7169,9.12500000,1778531229.776700
7174,9.00000000,1778531306.557781
7179,9.06250000,1778531381.369214
7184,8.75000000,1778531455.242071
7189,9.12500000,1778531532.224996
7194,9.00000000,1778531609.604965
7199,8.81250000,1778531684.038184
7204,9.00000000,1778531759.998451
7209,8.87500000,1778531836.935748
7214,8.87500000,1778531911.882348
7219,8.87500000,1778531985.952723
7224,8.93750000,1778532062.756110
7229,9.12500000,1778532138.538413
7234,9.00000000,1778532212.517687
7239,9.00000000,1778532288.188773
7244,9.25000000,1778532362.897190
7249,9.00000000,1778532438.383529
7254,8.87500000,1778532515.910439
7259,8.93750000,1778532590.251549
7264,9.00000000,1778532665.200050
7269,9.25000000,1778532739.838403
7274,9.18750000,1778532816.778885
7279,8.93750000,1778532892.108804
7284,9.06250000,1778532966.737149
7289,9.25000000,1778533043.002947
7294,9.00000000,1778533118.472138
7299,8.93750000,1778533193.381523
7304,9.00000000,1778533270.259553
7309,8.87500000,1778533345.576414
7314,8.87500000,1778533432.037051
7319,9.12500000,1778533517.793408
7324,9.25000000,1778533595.473100
7329,8.75000000,1778533672.633554
7334,9.00000000,1778533750.804007
7339,8.87500000,1778533828.329676
7344,8.87500000,1778533902.796654
7349,8.87500000,1778533978.030019
7354,8.93750000,1778534054.897176
7359,8.87500000,1778534130.323086
7364,8.87500000,1778534205.974526
7369,9.00000000,1778534283.561440
7374,9.18750000,1778534361.654925
7379,8.87500000,1778534438.175420
7384,8.87500000,1778534512.964425
7389,9.12500000,1778534589.828170
7394,9.25000000,1778534663.306972
7399,9.00000000,1778534738.694578
7404,9.00000000,1778534815.194158
7409,9.18750000,1778534890.624737
7414,8.93750000,1778534966.024568
7419,8.87500000,1778535041.577144
7424,9.18750000,1778535118.496639
7429,9.00000000,1778535193.259274
7434,9.00000000,1778535265.790099
7439,9.00000000,1778535343.102241
7444,8.87500000,1778535418.712919
7449,8.87500000,1778535492.210677
7454,9.12500000,1778535568.190830
7459,9.25000000,1778535642.936621
7464,9.06250000,1778535717.280612
7469,8.75000000,1778535794.217880
7474,9.00000000,1778535870.018437
7479,9.12500000,1778535944.067569
7484,9.00000000,1778536020.705764
7489,9.12500000,1778536095.024713
7494,8.81250000,1778536170.440946
7499,9.00000000,1778536245.473331
7504,8.81250000,1778536321.159297
7509,8.93750000,1778536395.580120
7514,9.00000000,1778536470.130251
7519,8.87500000,1778536547.871158
7524,9.18750000,1778536623.322205
7529,9.12500000,1778536696.739096
7534,8.75000000,1778536774.459806
7539,9.00000000,1778536847.826235
7544,9.00000000,1778536922.682711
7549,9.00000000,1778536998.192529
7554,8.68750000,1778537073.084145
7559,9.00000000,1778537148.439200
7564,9.12500000,1778537224.886878
7569,8.93750000,1778537300.488348
7574,9.00000000,1778537375.849987
7579,9.00000000,1778537451.285708
7584,9.25000000,1778537529.138375
7589,8.87500000,1778537604.251410
7594,8.93750000,1778537677.209078
7599,9.12500000,1778537754.525884
7604,8.93750000,1778537828.444144
7609,9.12500000,1778537903.760021
7614,9.00000000,1778537980.220501
7619,9.06250000,1778538055.022636
7624,8.87500000,1778538130.863542
7629,8.81250000,1778538208.230631
7634,9.12500000,1778538283.141828
7639,8.93750000,1778538356.995033
7644,9.00000000,1778538431.804801
7649,9.00000000,1778538507.849477
7654,9.18750000,1778538581.999036
7659,9.12500000,1778538657.783072
7664,9.06250000,1778538735.423174
7669,9.12500000,1778538809.537843
7674,8.87500000,1778538883.207622
7679,8.87500000,1778538960.070635
7684,8.93750000,1778539034.103508
7689,9.12500000,1778539108.333289
7694,8.87500000,1778539185.845703
7699,9.12500000,1778539260.582039
7704,8.81250000,1778539335.170454
7709,9.25000000,1778539411.688359
7714,9.00000000,1778539486.044019
7719,9.25000000,1778539560.073359
7724,9.12500000,1778539635.825045
7729,9.25000000,1778539710.630145
7734,8.87500000,1778539785.339918
7739,9.12500000,1778539859.929348
7744,9.12500000,1778539937.997987
7749,8.87500000,1778540012.778027
7754,9.12500000,1778540086.763153
7759,9.00000000,1778540163.738093
7764,9.00000000,1778540240.165925
7769,8.81250000,1778540315.343596
7774,9.06250000,1778540389.696385
7779,9.25000000,1778540465.748583
7784,9.12500000,1778540539.802746
7789,9.00000000,1778540615.827129
7794,9.12500000,1778540692.627563
7799,8.93750000,1778540768.009725
7804,8.87500000,1778540842.903897
7809,9.00000000,1778540920.732048
7814,9.00000000,1778540995.868555
7819,9.06250000,1778541070.399690
7824,9.00000000,1778541145.717228
7829,8.93750000,1778541222.145861
7834,9.00000000,1778541298.489475
7839,8.87500000,1778541374.503913
7844,8.87500000,1778541452.266048
7849,9.12500000,1778541527.526620
7854,9.00000000,1778541602.248915
7859,8.68750000,1778541676.188916
7864,9.12500000,1778541753.121313
7869,8.81250000,1778541827.840725
7874,9.06250000,1778541902.487654
7879,9.00000000,1778541979.550012
7884,9.06250000,1778542055.192970
7889,9.12500000,1778542129.499283
7894,9.06250000,1778542207.535937
7899,9.12500000,1778542282.688369
7904,9.06250000,1778542356.586753
7909,8.62500000,1778542431.047751
7914,9.06250000,1778542508.922652
7919,9.00000000,1778542584.188538
7924,9.06250000,1778542658.028717
7929,8.75000000,1778542735.023210
7934,8.93750000,1778542809.119076
7939,8.93750000,1778542883.328238
7944,8.87500000,1778542959.678543
7949,8.87500000,1778543033.278630
7954,9.06250000,1778543108.762375
7959,9.12500000,1778543184.730701
7964,8.81250000,1778543258.930343
7969,9.00000000,1778543333.327674
7974,8.87500000,1778543409.457507
7979,9.06250000,1778543485.940886
7984,9.06250000,1778543560.948617
7989,9.00000000,1778543636.675336
7994,9.00000000,1778543713.617435
7999,9.18750000,1778543789.288605
8004,9.12500000,1778543864.334697
8009,9.06250000,1778543941.586623
8014,9.12500000,1778544017.602903
8019,9.06250000,1778544094.500022
8024,9.00000000,1778544168.225424
8029,8.93750000,1778544245.699523
8034,9.12500000,1778544320.323415
8039,9.00000000,1778544395.690094
8044,9.00000000,1778544470.814496
8049,9.06250000,1778544548.217998
8054,9.12500000,1778544623.785823
8059,9.06250000,1778544698.836469
8064,9.00000000,1778544775.793536
8069,9.00000000,1778544851.400601
8074,9.12500000,1778544925.922008
8079,9.00000000,1778545001.375294
8084,8.93750000,1778545080.918695
8089,8.87500000,1778545155.693239
8094,8.87500000,1778545231.676781
8099,9.00000000,1778545309.394296
8104,8.87500000,1778545385.281031
8109,8.87500000,1778545460.606294
8114,9.00000000,1778545536.822549
8119,9.25000000,1778545614.929465
8124,8.93750000,1778545689.635628
8129,8.81250000,1778545765.153749
8134,8.93750000,1778545838.425538
8139,8.87500000,1778545913.893511
8144,9.00000000,1778545988.799903
8149,8.87500000,1778546062.972442
8154,9.00000000,1778546139.633907
8159,8.87500000,1778546214.165515
8164,9.00000000,1778546288.910894
8169,8.87500000,1778546366.270225
8174,9.00000000,1778546442.353823
8179,9.06250000,1778546516.970968
8184,9.00000000,1778546592.963284
8189,9.25000000,1778546670.978194
8194,8.93750000,1778546747.374667
8199,9.12500000,1778546820.970367
8204,9.00000000,1778546897.631159
8209,8.75000000,1778546972.584097
8214,9.00000000,1778547047.176637
8219,8.93750000,1778547122.563989
8224,8.87500000,1778547198.663503
8229,9.12500000,1778547272.825811
8234,8.75000000,1778547346.630612
8239,9.12500000,1778547421.973447
8244,8.87500000,1778547495.078903
8249,9.00000000,1778547568.835587
8254,9.25000000,1778547644.750844
8259,9.25000000,1778547719.315940
8264,9.18750000,1778547794.024821
8269,8.68750000,1778547870.516479
8274,9.12500000,1778547946.219467
8279,9.00000000,1778548019.942873
8284,9.00000000,1778548096.527383
8289,9.12500000,1778548171.269753
8294,9.06250000,1778548246.529408
8299,9.00000000,1778548322.767458
8304,9.06250000,1778548401.755500
8309,8.87500000,1778548477.763965
8314,9.12500000,1778548552.776601
8319,9.12500000,1778548628.329093
8324,8.75000000,1778548705.344505
8329,8.75000000,1778548780.577039
8334,9.00000000,1778548855.866050
8339,9.00000000,1778548931.349852
8344,9.18750000,1778549008.375474
8349,9.12500000,1778549083.557402
8354,9.00000000,1778549158.578620
8359,8.68750000,1778549236.321059
8364,8.75000000,1778549312.040657
8369,8.87500000,1778549386.463034
8374,9.18750000,1778549461.095924
8379,8.68750000,1778549536.960708
8384,9.12500000,1778549611.464538
8389,9.00000000,1778549700.495685
8394,9.00000000,1778549781.281215
8399,8.87500000,1778549861.403428
8404,8.75000000,1778549945.204600
8409,9.00000000,1778550027.077501
8414,9.00000000,1778550123.301932
8419,9.12500000,1778550216.187633
8424,8.87500000,1778550302.010501
8429,9.06250000,1778550379.125622
8434,9.00000000,1778550463.306056
8439,8.87500000,1778550548.338448
8444,8.81250000,1778550634.860716
8449,9.12500000,1778550717.855154
8454,8.93750000,1778550811.193275
8459,8.87500000,1778550895.599672
8464,8.87500000,1778550983.952693
8469,9.06250000,1778551074.427336
8474,8.81250000,1778551163.700805
8479,9.12500000,1778551249.363531
8484,9.06250000,1778551342.127014
8489,9.00000000,1778551438.701659
8494,8.75000000,1778551532.840280
8499,8.87500000,1778551619.637958
8504,9.06250000,1778551710.279469
8509,9.00000000,1778551800.031699
8514,9.00000000,1778551896.987268
8519,8.87500000,1778552005.794193
8524,8.87500000,1778552087.772905
8529,9.12500000,1778552168.964227
8534,9.00000000,1778552250.600706
8539,9.12500000,1778552338.017388
8544,8.75000000,1778552426.887038
8549,9.12500000,1778552516.831209
8554,9.18750000,1778552609.901957
8559,8.87500000,1778552706.986868
8564,9.00000000,1778552799.088240
8569,8.87500000,1778552895.769057
8574,9.12500000,1778552986.339374
8579,9.06250000,1778553075.521520
8584,9.12500000,1778553161.392155
8589,9.00000000,1778553252.480857
8594,8.75000000,1778553332.248710
8599,9.12500000,1778553410.991469
8604,9.06250000,1778553489.923821
8609,8.93750000,1778553567.668639
8614,8.75000000,1778553646.041305
8619,9.12500000,1778553725.509310
8624,9.12500000,1778553801.112717
8629,9.18750000,1778553877.457462
8634,9.12500000,1778553952.437223
8639,8.87500000,1778554026.555952
8644,8.93750000,1778554103.546173
8649,9.12500000,1778554177.923385
8654,8.87500000,1778554253.728453
8659,9.00000000,1778554328.297977
8664,9.00000000,1778554405.640470
8669,9.00000000,1778554480.481576
8674,8.87500000,1778554555.767783
8679,8.68750000,1778554630.161154
8684,9.12500000,1778554707.141690
8689,9.12500000,1778554781.897298
8694,9.00000000,1778554856.833986
8699,8.87500000,1778554932.448675
8704,9.12500000,1778555010.050649
8709,9.12500000,1778555085.276619
8714,9.25000000,1778555160.750815
8719,8.93750000,1778555237.544833
8724,9.37500000,1778555311.490210
8729,8.87500000,1778555386.463943
8734,9.25000000,1778555460.936466
8739,8.87500000,1778555538.730431
8744,8.93750000,1778555613.100095
8749,8.87500000,1778555688.044413
8754,9.12500000,1778555764.118867
8759,9.12500000,1778555841.061996
8764,8.56250000,1778555916.169117
8769,9.00000000,1778555989.663555
8774,9.12500000,1778556066.303096
8779,8.87500000,1778556140.036230
8784,9.00000000,1778556213.608712
8789,8.75000000,1778556291.095774
8794,9.18750000,1778556365.372058
8799,8.75000000,1778556440.182363
8804,8.81250000,1778556515.255664
8809,9.18750000,1778556591.407313
8814,8.87500000,1778556664.880796
8819,9.00000000,1778556739.217011
8824,9.00000000,1778556814.965091
8829,8.68750000,1778556889.579402
8834,8.93750000,1778556964.670035
8839,9.18750000,1778557039.226239
8844,8.87500000,1778557116.323823
8849,9.12500000,1778557190.572105
8854,8.87500000,1778557265.047603
8859,8.75000000,1778557341.577644
8864,9.12500000,1778557415.771240
8869,8.93750000,1778557491.243213
8874,8.87500000,1778557566.037672
8879,9.00000000,1778557644.200382
8884,9.00000000,1778557719.640429
8889,8.75000000,1778557794.054156
8894,8.87500000,1778557869.325669
8899,9.06250000,1778557946.015498
8904,9.00000000,1778558020.954631
8909,9.06250000,1778558098.707340
8914,8.93750000,1778558175.880033
8919,9.12500000,1778558255.904479
8924,9.12500000,1778558332.594308
8929,8.75000000,1778558407.267040
8934,9.00000000,1778558482.972404
8939,9.25000000,1778558558.133357
8944,8.87500000,1778558635.818747
8949,9.06250000,1778558711.085799
8954,9.12500000,1778558786.642326
8959,8.87500000,1778558862.429273
8964,8.87500000,1778558939.692682
8969,9.00000000,1778559014.988156
8974,8.93750000,1778559090.214886
8979,8.87500000,1778559166.420936
8984,8.81250000,1778559241.963639
8989,9.06250000,1778559316.990832
8994,8.93750000,1778559391.828779
8999,9.12500000,1778559469.386832
9004,9.00000000,1778559543.319288
9009,9.00000000,1778559618.152682
9014,9.00000000,1778559692.526242
9019,9.18750000,1778559769.814861
9024,9.00000000,1778559845.243053
9029,9.12500000,1778559919.233134
9034,8.87500000,1778559993.855496
9039,8.87500000,1778560071.971233
9044,8.93750000,1778560147.726177
9049,8.87500000,1778560222.105808
9054,9.12500000,1778560297.766507
9059,8.87500000,1778560373.395069
9064,9.12500000,1778560448.668738
9069,9.18750000,1778560522.719431
9074,9.00000000,1778560598.985910
9079,9.00000000,1778560672.772300
9084,9.06250000,1778560748.323138
9089,9.00000000,1778560823.135774
9094,8.87500000,1778560901.363393
9099,9.00000000,1778560975.590737
9104,9.18750000,1778561050.651844
9109,9.06250000,1778561126.088771
9114,9.12500000,1778561202.856117
9119,9.12500000,1778561276.870594
9124,9.00000000,1778561353.095445
9129,9.12500000,1778561428.246772
9134,9.00000000,1778561504.977669
9139,9.12500000,1778561579.587753
9144,9.06250000,1778561655.456821
9149,9.25000000,1778561732.730119
9154,8.93750000,1778561808.792101
9159,9.18750000,1778561884.334037
9164,8.81250000,1778561958.195271
9169,8.87500000,1778562035.727018
9174,9.12500000,1778562110.030174
9179,9.25000000,1778562185.227774
9184,9.00000000,1778562260.534243
9189,9.12500000,1778562338.231836
9194,9.00000000,1778562412.452209
9199,9.12500000,1778562488.838372
9204,9.12500000,1778562564.749358
9209,9.00000000,1778562642.990438
9214,9.00000000,1778562717.847209
9219,9.12500000,1778562792.574141
9224,9.00000000,1778562869.481045
9229,9.06250000,1778562946.796228
9234,8.87500000,1778563022.731603
9239,9.00000000,1778563097.579746
9244,8.87500000,1778563172.118812
9249,9.00000000,1778563250.045443
9254,9.25000000,1778563325.903222
9259,8.87500000,1778563399.951523
9264,9.12500000,1778563475.671380
9269,9.00000000,1778563553.336496
9274,9.12500000,1778563628.223263
9279,9.06250000,1778563703.418152
9284,9.00000000,1778563777.784412
9289,8.93750000,1778563855.543985
9294,9.25000000,1778563932.309216
9299,8.87500000,1778564007.016449
9304,8.75000000,1778564081.660315
9309,9.12500000,1778564158.909415
9314,8.75000000,1778564234.341387
9319,8.75000000,1778564311.071605
9324,9.12500000,1778564385.266418
9329,8.87500000,1778564461.420386
9334,9.12500000,1778564536.147280
9339,8.87500000,1778564611.552686
9344,9.00000000,1778564686.306857
9349,8.87500000,1778564763.961152
9354,9.18750000,1778564838.169886
9359,9.00000000,1778564912.749274
9364,9.12500000,1778564987.635714
9369,9.12500000,1778565063.664894
9374,9.06250000,1778565136.415365
9379,8.93750000,1778565210.735876
9384,8.87500000,1778565285.864774
9389,9.37500000,1778565361.275349
9394,9.06250000,1778565435.017067
9399,9.06250000,1778565510.212320
9404,9.00000000,1778565587.617537
9409,9.12500000,1778565661.944256
9414,9.00000000,1778565737.139571
9419,9.00000000,1778565811.703518
9424,9.18750000,1778565889.489290
9429,9.00000000,1778565964.773041
9434,9.12500000,1778566039.239842
9439,9.00000000,1778566114.081927
9444,9.12500000,1778566191.909728
9449,8.87500000,1778566266.957957
9454,9.25000000,1778566340.615206
9459,8.75000000,1778566415.095662
9464,9.12500000,1778566492.336144
9469,8.75000000,1778566567.952477
9474,9.12500000,1778566643.525482
9479,9.18750000,1778566719.396444
9484,8.93750000,1778566796.732978
9489,8.75000000,1778566871.235688
9494,8.93750000,1778566946.069964
9499,9.12500000,1778567020.098407
9504,9.00000000,1778567096.249051
9509,9.00000000,1778567172.260301
9514,9.18750000,1778567246.540301
9519,9.25000000,1778567322.083886
9524,8.93750000,1778567400.361081
9529,8.75000000,1778567473.950932
9534,9.12500000,1778567548.564229
9539,9.00000000,1778567623.752371
9544,8.75000000,1778567699.940967
9549,8.81250000,1778567774.331136
9554,9.12500000,1778567849.658452
9559,8.75000000,1778567925.033018
9564,9.25000000,1778568002.967186
9569,9.25000000,1778568077.373387
9574,9.00000000,1778568152.278989
9579,9.00000000,1778568227.232832
9584,9.00000000,1778568305.073832
9589,9.00000000,1778568379.702732
9594,9.12500000,1778568454.328743
9599,9.00000000,1778568529.393977
9604,8.87500000,1778568607.334095
9609,9.00000000,1778568681.810876
9614,8.93750000,1778568756.314138
9619,9.12500000,1778568830.051346
9624,8.75000000,1778568906.597116
9629,9.12500000,1778568981.093068
9634,8.87500000,1778569053.837298
9639,8.62500000,1778569128.725927
9644,8.93750000,1778569207.637178
9649,9.12500000,1778569282.317456
9654,8.87500000,1778569357.296997
9659,8.87500000,1778569430.259025
9664,9.00000000,1778569507.310904
9669,9.00000000,1778569581.744390
9674,9.00000000,1778569656.227765
9679,9.00000000,1778569731.156178
9684,9.00000000,1778569808.689114
9689,9.00000000,1778569882.336295
9694,9.12500000,1778569956.207573
9699,8.87500000,1778570030.518342
9704,9.00000000,1778570107.759526
9709,9.00000000,1778570181.548860
9714,9.06250000,1778570256.802593
9719,8.87500000,1778570331.183762
9724,8.87500000,1778570408.842438
9729,8.62500000,1778570482.451222
9734,9.00000000,1778570557.893372
9739,9.00000000,1778570632.795801
9744,8.75000000,1778570709.407031
9749,9.12500000,1778570782.237278
9754,8.93750000,1778570856.451602
9759,8.87500000,1778570930.797342
9764,8.87500000,1778571009.185410
9769,8.93750000,1778571083.652618
9774,9.00000000,1778571158.022994
9779,8.75000000,1778571233.650774
9784,9.18750000,1778571310.466164
9789,9.00000000,1778571386.731293
9794,9.12500000,1778571459.520515
9799,8.87500000,1778571535.566056
9804,9.00000000,1778571613.323915
9809,9.06250000,1778571689.995751
9814,9.00000000,1778571764.588115
9819,9.18750000,1778571839.924588
9824,9.12500000,1778571916.980560
9829,9.00000000,1778571992.483341
9834,8.93750000,1778572067.685669
9839,9.12500000,1778572142.737281
9844,8.93750000,1778572215.580041
9849,9.00000000,1778572292.620001
9854,9.00000000,1778572366.113551
9859,8.87500000,1778572438.835001
9864,9.00000000,1778572515.719416
9869,8.75000000,1778572590.123734
9874,9.06250000,1778572663.732842
9879,9.00000000,1778572739.188926
9884,9.00000000,1778572814.028656
9889,8.87500000,1778572888.566933
9894,8.56250000,1778572962.762980
9899,8.93750000,1778573037.614876
9904,9.00000000,1778573115.233859
9909,8.87500000,1778573189.968196
9914,9.06250000,1778573265.671506
9919,8.93750000,1778573339.098630
9924,9.00000000,1778573416.739289
9929,9.00000000,1778573490.948238
9934,8.87500000,1778573565.644526
9939,9.12500000,1778573640.321943
9944,8.87500000,1778573718.424798
9949,8.93750000,1778573794.463621
9954,9.00000000,1778573869.129771
9959,9.00000000,1778573943.718625
9964,8.87500000,1778574021.264337
9969,8.93750000,1778574095.072730
9974,9.12500000,1778574169.016005
9979,8.81250000,1778574243.410038
9984,9.06250000,1778574319.933926
9989,8.87500000,1778574395.272120
9994,8.87500000,1778574468.709449
9999,9.12500000,1778574541.339362
10004,9.06250000,1778574617.742495
10009,9.00000000,1778574692.304891
10014,9.25000000,1778574767.134408
10019,9.00000000,1778574841.746482
10024,9.00000000,1778574919.974250
10029,8.93750000,1778574994.543907
10034,9.12500000,1778575068.861169
10039,9.00000000,1778575143.623229
10044,8.87500000,1778575220.864810
10049,9.31250000,1778575294.548978
10054,9.00000000,1778575367.950616
10059,8.81250000,1778575443.717025
10064,9.06250000,1778575519.793101
10069,9.06250000,1778575594.336142
10074,8.87500000,1778575669.383062
10079,8.87500000,1778575743.537657
10084,8.87500000,1778575821.174436
10089,8.87500000,1778575896.109143
10094,8.87500000,1778575970.127689
10099,9.00000000,1778576044.741138
10104,8.81250000,1778576122.879217
10109,8.87500000,1778576199.524381
10114,8.68750000,1778576276.090262
10119,9.00000000,1778576351.125873
10124,8.75000000,1778576426.058261
10129,8.93750000,1778576504.764176
10134,9.06250000,1778576578.575232
10139,9.12500000,1778576653.280185
10144,9.00000000,1778576728.759451
10149,9.12500000,1778576806.428075
10154,9.00000000,1778576881.850320
10159,9.06250000,1778576958.528915
10164,9.00000000,1778577034.392287
10169,8.87500000,1778577109.436973
10174,8.87500000,1778577187.199965
10179,8.87500000,1778577261.843816
10184,9.00000000,1778577335.731700
10189,8.87500000,1778577413.721033
10194,8.87500000,1778577490.016378
10199,8.93750000,1778577568.265141
10204,9.00000000,1778577644.762892
10209,9.00000000,1778577719.868272
10214,8.81250000,1778577795.386412
10219,9.00000000,1778577870.438174
10224,9.06250000,1778577948.822926
10229,8.87500000,1778578024.261259
10234,9.12500000,1778578099.622949
10239,9.00000000,1778578174.951041
10244,9.12500000,1778578252.897649
10249,8.87500000,1778578328.333216
10254,8.87500000,1778578402.396542
10259,8.81250000,1778578477.286976
10264,8.87500000,1778578552.640928
10269,8.87500000,1778578630.042319
10274,9.12500000,1778578705.089372
10279,9.25000000,1778578779.483688
10284,8.81250000,1778578854.787584
10289,8.81250000,1778578932.136813
10294,9.00000000,1778579006.319807
10299,9.00000000,1778579081.967516
10304,8.75000000,1778579156.350641
10309,8.87500000,1778579234.076376
10314,8.87500000,1778579308.064986
10319,9.00000000,1778579382.076355
10324,9.00000000,1778579455.766060
10329,9.06250000,1778579532.516094
10334,9.37500000,1778579607.031116
10339,9.00000000,1778579680.433342
10344,8.93750000,1778579755.034492
10349,9.12500000,1778579833.477945
10354,9.12500000,1778579908.320771
10359,9.12500000,1778579983.507871
10364,9.00000000,1778580057.744442
10369,9.25000000,1778580134.484275
10374,9.06250000,1778580209.475474
10379,8.93750000,1778580282.534269
10384,9.00000000,1778580357.442420
10389,8.87500000,1778580434.503279
10394,9.12500000,1778580509.175134
10399,8.87500000,1778580584.296406
10404,9.00000000,1778580658.599471
10409,9.00000000,1778580736.051859
10414,9.12500000,1778580811.398623
10419,9.00000000,1778580885.592402
10424,8.87500000,1778580960.472883
10429,9.12500000,1778581036.702829
10434,8.81250000,1778581113.802346
10439,8.87500000,1778581188.359821
10444,9.12500000,1778581264.363112
10449,9.06250000,1778581338.983057
10454,9.06250000,1778581416.234576
10459,9.12500000,1778581491.312122
10464,9.00000000,1778581565.518648
10469,9.12500000,1778581640.754250
10474,9.12500000,1778581719.295747
10479,9.31250000,1778581794.735972
10484,8.87500000,1778581870.663920
