pair_index,step_from,step_to,delta_seconds
1,4,9,61.237616
2,9,14,60.756710
3,14,19,82.449885
4,19,24,64.363037
5,24,29,71.331600
6,29,34,98.167577
7,34,39,79.925103
8,39,44,89.415551
9,44,49,81.750575
10,49,54,100.761751
11,54,59,93.479946
12,59,64,84.613674
13,64,69,113.462643
14,69,74,85.858634
15,74,79,86.478737
16,79,84,82.224077
17,84,89,89.142895
18,89,94,81.827291
19,94,99,79.632230
20,99,104,85.982693
21,104,109,84.443763
22,109,114,80.329012
23,114,119,101.915788
24,119,124,89.368116
25,124,129,97.608237
26,129,134,91.343866
27,134,139,80.544869
28,139,144,83.198891
29,144,149,89.981373
30,149,154,92.371834
31,154,159,98.140649
32,159,164,119.828670
33,164,169,385.631490
34,169,174,106.955057
35,174,179,81.490040
36,179,184,84.107608
37,184,189,79.209561
38,189,194,79.677362
39,194,199,80.945079
40,199,204,93.158929
41,204,209,88.354288
42,209,214,87.372055
43,214,219,81.620070
44,219,224,81.729870
45,224,229,82.214033
46,229,234,80.426320
47,234,239,81.022942
48,239,244,78.172303
49,244,249,78.952499
50,249,254,79.687328
51,254,259,85.874495
52,259,264,299.210549
53,264,269,293.462765
54,269,274,129.717408
55,274,279,78.288622
56,279,284,78.297576
57,284,289,77.899970
58,289,294,79.401502
59,294,299,81.685432
60,299,304,78.144150
61,304,309,78.199088
62,309,314,77.204272
63,314,319,76.899031
64,319,324,74.145627
65,324,329,75.487319
66,329,334,75.011594
67,334,339,73.692445
68,339,344,76.098238
69,344,349,77.822540
70,349,354,79.256505
71,354,359,76.680951
72,359,364,77.046910
73,364,369,74.602731
74,369,374,75.293673
75,374,379,74.483538
76,379,384,76.291559
77,384,389,74.962411
78,389,394,75.689286
79,394,399,74.864782
80,399,404,75.585929
81,404,409,74.111148
82,409,414,74.863934
83,414,419,74.219884
84,419,424,76.360809
85,424,429,74.885501
86,429,434,75.766264
87,434,439,74.644260
88,439,444,75.480744
89,444,449,83.795473
90,449,454,74.354666
91,454,459,74.016146
92,459,464,75.657032
93,464,469,75.382479
94,469,474,77.096882
95,474,479,75.619874
96,479,484,75.882756
97,484,489,74.860871
98,489,494,75.575767
99,494,499,75.502333
100,499,504,77.520189
101,504,509,77.665383
102,509,514,78.616089
103,514,519,79.883964
104,519,524,78.332220
105,524,529,77.218738
106,529,534,76.207866
107,534,539,75.466144
108,539,544,75.696899
109,544,549,74.922156
110,549,554,74.854808
111,554,559,76.010966
112,559,564,75.050434
113,564,569,74.541762
114,569,574,74.595948
115,574,579,73.531279
116,579,584,76.110117
117,584,589,75.336912
118,589,594,75.655627
119,594,599,74.766187
120,599,604,75.844364
121,604,609,74.728690
122,609,614,75.641500
123,614,619,74.329310
124,619,624,76.242404
125,624,629,76.391056
126,629,634,76.258360
127,634,639,75.685413
128,639,644,75.377610
129,644,649,75.290175
130,649,654,75.564688
131,654,659,74.795806
132,659,664,75.190376
133,664,669,74.981377
134,669,674,74.270051
135,674,679,76.012825
136,679,684,76.789153
137,684,689,77.540833
138,689,694,77.389810
139,694,699,77.057788
140,699,704,77.164096
141,704,709,75.734483
142,709,714,74.724587
143,714,719,77.088915
144,719,724,74.843564
145,724,729,74.913187
146,729,734,75.333565
147,734,739,74.856607
148,739,744,74.751261
149,744,749,74.625888
150,749,754,76.218991
151,754,759,75.614737
152,759,764,74.884670
153,764,769,76.002496
154,769,774,75.634476
155,774,779,75.829319
156,779,784,75.717852
157,784,789,74.511135
158,789,794,79.593412
159,794,799,77.688115
160,799,804,77.752316
161,804,809,78.912373
162,809,814,75.633054
163,814,819,75.664984
164,819,824,75.452458
165,824,829,77.239537
166,829,834,78.538650
167,834,839,78.086339
168,839,844,78.401371
169,844,849,75.787713
170,849,854,74.583851
171,854,859,75.998534
172,859,864,75.382710
173,864,869,73.253797
174,869,874,75.762138
175,874,879,74.856672
176,879,884,74.868969
177,884,889,75.412149
178,889,894,74.560149
179,894,899,73.714508
180,899,904,75.057506
181,904,909,78.985060
182,909,914,77.964905
183,914,919,77.655921
184,919,924,77.416027
185,924,929,76.876390
186,929,934,78.462106
187,934,939,78.862215
188,939,944,77.477737
189,944,949,78.318350
190,949,954,74.631817
191,954,959,74.267667
192,959,964,75.263243
193,964,969,76.230685
194,969,974,75.330060
195,974,979,75.431397
196,979,984,75.889686
197,984,989,75.039425
198,989,994,75.313317
199,994,999,75.619976
200,999,1004,75.083897
201,1004,1009,75.230112
202,1009,1014,76.691427
203,1014,1019,76.340793
204,1019,1024,76.002809
205,1024,1029,75.113636
206,1029,1034,75.050288
207,1034,1039,73.658913
208,1039,1044,75.658185
209,1044,1049,76.089137
210,1049,1054,75.701536
211,1054,1059,75.428561
212,1059,1064,75.307675
213,1064,1069,74.469786
214,1069,1074,75.170032
215,1074,1079,76.446872
216,1079,1084,73.975837
217,1084,1089,75.065952
218,1089,1094,76.226081
219,1094,1099,76.405063
220,1099,1104,75.231655
221,1104,1109,74.950283
222,1109,1114,75.496697
223,1114,1119,75.153152
224,1119,1124,74.953754
225,1124,1129,74.222491
226,1129,1134,76.065304
227,1134,1139,74.556187
228,1139,1144,75.690210
229,1144,1149,75.542325
230,1149,1154,75.369455
231,1154,1159,75.061972
232,1159,1164,73.893448
233,1164,1169,74.495175
234,1169,1174,74.406943
235,1174,1179,75.332411
236,1179,1184,75.345034
237,1184,1189,74.709881
238,1189,1194,76.407301
239,1194,1199,75.106066
240,1199,1204,74.225895
241,1204,1209,75.117574
242,1209,1214,74.808779
243,1214,1219,75.445218
244,1219,1224,76.106517
245,1224,1229,75.574060
246,1229,1234,76.320519
247,1234,1239,74.794422
248,1239,1244,75.705710
249,1244,1249,75.507319
250,1249,1254,76.468931
251,1254,1259,75.608155
252,1259,1264,74.112277
253,1264,1269,74.524015
254,1269,1274,74.794111
255,1274,1279,74.576593
256,1279,1284,75.408528
257,1284,1289,74.626038
258,1289,1294,74.574376
259,1294,1299,75.445788
260,1299,1304,74.422638
261,1304,1309,75.456121
262,1309,1314,74.604766
263,1314,1319,76.248885
264,1319,1324,74.611170
265,1324,1329,74.719838
266,1329,1334,74.514489
267,1334,1339,74.631192
268,1339,1344,75.549002
269,1344,1349,75.187820
270,1349,1354,74.787367
271,1354,1359,74.552232
272,1359,1364,75.284166
273,1364,1369,75.634993
274,1369,1374,74.425403
275,1374,1379,74.778839
276,1379,1384,74.865039
277,1384,1389,75.351890
278,1389,1394,76.023143
279,1394,1399,74.548182
280,1399,1404,76.919517
281,1404,1409,75.138503
282,1409,1414,74.574857
283,1414,1419,74.512301
284,1419,1424,76.007475
285,1424,1429,75.578106
286,1429,1434,75.222628
287,1434,1439,75.051040
288,1439,1444,74.853370
289,1444,1449,73.722066
290,1449,1454,75.686918
291,1454,1459,75.237991
292,1459,1464,75.673182
293,1464,1469,76.152024
294,1469,1474,75.703406
295,1474,1479,75.032976
296,1479,1484,74.819240
297,1484,1489,74.858047
298,1489,1494,75.661448
299,1494,1499,76.638674
300,1499,1504,76.784438
301,1504,1509,75.460179
302,1509,1514,74.742542
303,1514,1519,75.090791
304,1519,1524,75.525874
305,1524,1529,75.994945
306,1529,1534,74.514777
307,1534,1539,74.100155
308,1539,1544,77.823020
309,1544,1549,78.683504
310,1549,1554,77.663670
311,1554,1559,77.153959
312,1559,1564,77.578356
313,1564,1569,75.415104
314,1569,1574,75.812612
315,1574,1579,76.249231
316,1579,1584,75.824797
317,1584,1589,75.651025
318,1589,1594,74.296724
319,1594,1599,75.134994
320,1599,1604,75.466116
321,1604,1609,75.623347
322,1609,1614,75.259899
323,1614,1619,76.223402
324,1619,1624,76.804363
325,1624,1629,75.860389
326,1629,1634,75.115195
327,1634,1639,74.341024
328,1639,1644,74.950044
329,1644,1649,76.253325
330,1649,1654,76.315628
331,1654,1659,76.006485
332,1659,1664,75.089132
333,1664,1669,75.300605
334,1669,1674,77.247170
335,1674,1679,75.934666
336,1679,1684,74.537866
337,1684,1689,76.098980
338,1689,1694,75.239612
339,1694,1699,75.089668
340,1699,1704,77.784235
341,1704,1709,96.195908
342,1709,1714,113.657808
343,1714,1719,96.142027
344,1719,1724,84.588917
345,1724,1729,85.364132
346,1729,1734,95.478010
347,1734,1739,84.452098
348,1739,1744,81.293392
349,1744,1749,77.083422
350,1749,1754,77.777236
351,1754,1759,78.312324
352,1759,1764,76.767515
353,1764,1769,75.150168
354,1769,1774,74.691599
355,1774,1779,75.628649
356,1779,1784,73.841768
357,1784,1789,75.038461
358,1789,1794,73.890152
359,1794,1799,74.631249
360,1799,1804,74.367172
361,1804,1809,74.804905
362,1809,1814,75.871792
363,1814,1819,74.367137
364,1819,1824,74.794319
365,1824,1829,74.961067
366,1829,1834,74.974629
367,1834,1839,75.360602
368,1839,1844,74.365998
369,1844,1849,76.515878
370,1849,1854,75.709682
371,1854,1859,73.433839
372,1859,1864,75.494732
373,1864,1869,74.751222
374,1869,1874,75.534544
375,1874,1879,74.497185
376,1879,1884,74.762785
377,1884,1889,74.827279
378,1889,1894,74.273606
379,1894,1899,74.966147
380,1899,1904,74.281458
381,1904,1909,75.628743
382,1909,1914,74.319096
383,1914,1919,73.476988
384,1919,1924,74.368673
385,1924,1929,73.996114
386,1929,1934,74.070290
387,1934,1939,74.843996
388,1939,1944,74.121121
389,1944,1949,75.442387
390,1949,1954,75.549346
391,1954,1959,75.472829
392,1959,1964,75.240171
393,1964,1969,74.631316
394,1969,1974,73.744802
395,1974,1979,74.680443
396,1979,1984,75.998221
397,1984,1989,75.001055
398,1989,1994,74.732333
399,1994,1999,75.611378
400,1999,2004,74.960527
401,2004,2009,74.514029
402,2009,2014,75.008696
403,2014,2019,75.085320
404,2019,2024,74.180790
405,2024,2029,74.432214
406,2029,2034,74.434736
407,2034,2039,74.303999
408,2039,2044,75.867744
409,2044,2049,75.462945
410,2049,2054,75.031441
411,2054,2059,75.109750
412,2059,2064,75.503163
413,2064,2069,76.244787
414,2069,2074,75.488071
415,2074,2079,75.460723
416,2079,2084,75.053092
417,2084,2089,74.944438
418,2089,2094,74.391601
419,2094,2099,73.911577
420,2099,2104,74.736810
421,2104,2109,75.719591
422,2109,2114,73.753322
423,2114,2119,75.067557
424,2119,2124,73.952436
425,2124,2129,75.425150
426,2129,2134,75.873054
427,2134,2139,75.623650
428,2139,2144,75.522345
429,2144,2149,74.942960
430,2149,2154,74.367395
431,2154,2159,76.046648
432,2159,2164,74.473449
433,2164,2169,74.154882
434,2169,2174,75.022149
435,2174,2179,74.843713
436,2179,2184,75.319455
437,2184,2189,73.845093
438,2189,2194,74.532671
439,2194,2199,75.238290
440,2199,2204,75.047233
441,2204,2209,75.439730
442,2209,2214,75.147392
443,2214,2219,77.720705
444,2219,2224,78.054048
445,2224,2229,78.255440
446,2229,2234,78.139181
447,2234,2239,78.810056
448,2239,2244,75.194787
449,2244,2249,75.055834
450,2249,2254,76.050682
451,2254,2259,75.118013
452,2259,2264,74.590148
453,2264,2269,75.088525
454,2269,2274,75.235065
455,2274,2279,74.566023
456,2279,2284,79.018018
457,2284,2289,79.516454
458,2289,2294,78.367956
459,2294,2299,77.778463
460,2299,2304,74.952674
461,2304,2309,74.568065
462,2309,2314,74.382311
463,2314,2319,74.303441
464,2319,2324,74.195078
465,2324,2329,74.776049
466,2329,2334,73.427717
467,2334,2339,74.516314
468,2339,2344,75.820250
469,2344,2349,74.171164
470,2349,2354,75.353170
471,2354,2359,75.182140
472,2359,2364,75.064289
473,2364,2369,74.782973
474,2369,2374,75.536520
475,2374,2379,74.434256
476,2379,2384,75.477540
477,2384,2389,74.921703
478,2389,2394,79.755033
479,2394,2399,79.178508
480,2399,2404,77.422577
481,2404,2409,77.209198
482,2409,2414,77.845359
483,2414,2419,74.918713
484,2419,2424,75.333889
485,2424,2429,77.948954
486,2429,2434,76.637683
487,2434,2439,74.473050
488,2439,2444,76.261293
489,2444,2449,77.891660
490,2449,2454,77.842679
491,2454,2459,76.775503
492,2459,2464,76.535776
493,2464,2469,75.702385
494,2469,2474,74.597215
495,2474,2479,75.857734
496,2479,2484,76.379416
497,2484,2489,75.604173
498,2489,2494,75.706497
499,2494,2499,77.245876
500,2499,2504,78.553759
501,2504,2509,77.728654
502,2509,2514,78.746620
503,2514,2519,78.487393
504,2519,2524,77.889024
505,2524,2529,74.893153
506,2529,2534,77.153793
507,2534,2539,77.562089
508,2539,2544,76.199301
509,2544,2549,76.114695
510,2549,2554,74.969839
511,2554,2559,74.962711
512,2559,2564,75.778670
513,2564,2569,74.871354
514,2569,2574,74.195746
515,2574,2579,75.497083
516,2579,2584,76.993538
517,2584,2589,75.599119
518,2589,2594,75.292946
519,2594,2599,74.905270
520,2599,2604,77.094946
521,2604,2609,75.491904
522,2609,2614,75.071227
523,2614,2619,76.650274
524,2619,2624,75.848865
525,2624,2629,75.840415
526,2629,2634,75.579247
527,2634,2639,74.199496
528,2639,2644,75.291082
529,2644,2649,75.980220
530,2649,2654,75.487714
531,2654,2659,75.122714
532,2659,2664,74.838075
533,2664,2669,74.997140
534,2669,2674,75.290944
535,2674,2679,77.005808
536,2679,2684,75.230740
537,2684,2689,74.813999
538,2689,2694,74.750829
539,2694,2699,74.132317
540,2699,2704,76.741615
541,2704,2709,75.501662
542,2709,2714,76.557208
543,2714,2719,75.495400
544,2719,2724,74.822038
545,2724,2729,76.024080
546,2729,2734,75.425174
547,2734,2739,75.020555
548,2739,2744,75.595350
549,2744,2749,75.935459
550,2749,2754,76.181500
551,2754,2759,75.711165
552,2759,2764,76.304704
553,2764,2769,76.541759
554,2769,2774,75.398416
555,2774,2779,75.876208
556,2779,2784,75.389344
557,2784,2789,76.425621
558,2789,2794,75.223170
559,2794,2799,74.504218
560,2799,2804,76.322375
561,2804,2809,75.261372
562,2809,2814,74.318367
563,2814,2819,75.281528
564,2819,2824,75.235806
565,2824,2829,75.278962
566,2829,2834,75.357212
567,2834,2839,76.004437
568,2839,2844,75.495688
569,2844,2849,75.213184
570,2849,2854,75.304303
571,2854,2859,74.905931
572,2859,2864,73.668437
573,2864,2869,74.452564
574,2869,2874,74.008242
575,2874,2879,75.522561
576,2879,2884,77.902601
577,2884,2889,80.899334
578,2889,2894,79.248068
579,2894,2899,81.461605
580,2899,2904,74.542567
581,2904,2909,77.167052
582,2909,2914,77.077978
583,2914,2919,79.143941
584,2919,2924,77.959868
585,2924,2929,77.010633
586,2929,2934,75.882303
587,2934,2939,75.465596
588,2939,2944,74.756237
589,2944,2949,75.509366
590,2949,2954,76.648994
591,2954,2959,77.322866
592,2959,2964,75.000378
593,2964,2969,78.839971
594,2969,2974,77.082023
595,2974,2979,76.717914
596,2979,2984,76.783545
597,2984,2989,78.231002
598,2989,2994,77.904442
599,2994,2999,76.701341
600,2999,3004,76.238368
601,3004,3009,75.650699
602,3009,3014,76.397870
603,3014,3019,74.733991
604,3019,3024,75.568538
605,3024,3029,75.962072
606,3029,3034,76.178857
607,3034,3039,74.761183
608,3039,3044,75.666198
609,3044,3049,75.225132
610,3049,3054,76.062469
611,3054,3059,75.142893
612,3059,3064,74.907870
613,3064,3069,75.903800
614,3069,3074,75.553121
615,3074,3079,76.175368
616,3079,3084,76.507557
617,3084,3089,75.829663
618,3089,3094,76.647625
619,3094,3099,75.471058
620,3099,3104,76.562052
621,3104,3109,76.559945
622,3109,3114,74.559739
623,3114,3119,74.622983
624,3119,3124,74.822036
625,3124,3129,75.088020
626,3129,3134,74.898660
627,3134,3139,75.787176
628,3139,3144,75.953704
629,3144,3149,75.665004
630,3149,3154,74.696076
631,3154,3159,76.234118
632,3159,3164,74.249895
633,3164,3169,75.495227
634,3169,3174,75.504855
635,3174,3179,75.436934
636,3179,3184,76.033886
637,3184,3189,76.135476
638,3189,3194,75.199488
639,3194,3199,76.126417
640,3199,3204,76.274047
641,3204,3209,75.330932
642,3209,3214,75.605532
643,3214,3219,75.730839
644,3219,3224,76.337660
645,3224,3229,74.929939
646,3229,3234,74.585510
647,3234,3239,75.687710
648,3239,3244,75.436983
649,3244,3249,76.043862
650,3249,3254,75.124167
651,3254,3259,75.923218
652,3259,3264,76.227314
653,3264,3269,75.502625
654,3269,3274,75.074300
655,3274,3279,75.855649
656,3279,3284,75.752862
657,3284,3289,75.536276
658,3289,3294,75.013207
659,3294,3299,76.139381
660,3299,3304,75.604867
661,3304,3309,74.906477
662,3309,3314,75.798132
663,3314,3319,75.249269
664,3319,3324,74.137791
665,3324,3329,76.975561
666,3329,3334,73.981728
667,3334,3339,76.120759
668,3339,3344,74.471050
669,3344,3349,75.912048
670,3349,3354,74.786544
671,3354,3359,75.009120
672,3359,3364,75.453525
673,3364,3369,75.116944
674,3369,3374,76.663209
675,3374,3379,75.611294
676,3379,3384,75.843431
677,3384,3389,75.118551
678,3389,3394,75.518944
679,3394,3399,77.060675
680,3399,3404,75.724435
681,3404,3409,75.441452
682,3409,3414,75.457660
683,3414,3419,75.254814
684,3419,3424,74.432604
685,3424,3429,74.754802
686,3429,3434,74.467581
687,3434,3439,75.028100
688,3439,3444,74.904821
689,3444,3449,73.796426
690,3449,3454,74.762835
691,3454,3459,75.302128
692,3459,3464,74.752845
693,3464,3469,76.034837
694,3469,3474,74.945582
695,3474,3479,75.094039
696,3479,3484,74.291673
697,3484,3489,74.480045
698,3489,3494,75.460833
699,3494,3499,74.721501
700,3499,3504,76.477751
701,3504,3509,74.984053
702,3509,3514,75.830577
703,3514,3519,75.487084
704,3519,3524,75.440319
705,3524,3529,76.107868
706,3529,3534,75.401331
707,3534,3539,76.105214
708,3539,3544,74.689502
709,3544,3549,75.874303
710,3549,3554,74.618765
711,3554,3559,75.682371
712,3559,3564,74.278518
713,3564,3569,74.585663
714,3569,3574,74.947710
715,3574,3579,74.873202
716,3579,3584,76.019675
717,3584,3589,74.639485
718,3589,3594,75.517082
719,3594,3599,75.511887
720,3599,3604,75.510326
721,3604,3609,75.276655
722,3609,3614,75.889043
723,3614,3619,76.285755
724,3619,3624,75.237020
725,3624,3629,77.583709
726,3629,3634,75.997768
727,3634,3639,75.405276
728,3639,3644,75.080303
729,3644,3649,75.346369
730,3649,3654,74.396496
731,3654,3659,73.990571
732,3659,3664,75.334281
733,3664,3669,74.582440
734,3669,3674,76.084942
735,3674,3679,76.488190
736,3679,3684,75.243712
737,3684,3689,76.474513
738,3689,3694,74.671625
739,3694,3699,74.773165
740,3699,3704,74.772649
741,3704,3709,75.786542
742,3709,3714,75.277568
743,3714,3719,74.876895
744,3719,3724,75.141204
745,3724,3729,76.097176
746,3729,3734,76.225642
747,3734,3739,76.343021
748,3739,3744,75.878527
749,3744,3749,74.719803
750,3749,3754,75.963789
751,3754,3759,76.469224
752,3759,3764,74.279259
753,3764,3769,75.265514
754,3769,3774,74.947593
755,3774,3779,74.850901
756,3779,3784,75.413013
757,3784,3789,74.490482
758,3789,3794,75.694860
759,3794,3799,75.177696
760,3799,3804,74.872041
761,3804,3809,74.927611
762,3809,3814,75.664634
763,3814,3819,75.083644
764,3819,3824,76.025223
765,3824,3829,75.359786
766,3829,3834,75.382091
767,3834,3839,73.842617
768,3839,3844,74.527158
769,3844,3849,74.304693
770,3849,3854,75.626038
771,3854,3859,74.882838
772,3859,3864,74.763878
773,3864,3869,75.362243
774,3869,3874,74.617603
775,3874,3879,74.604923
776,3879,3884,75.063417
777,3884,3889,75.446371
778,3889,3894,75.129395
779,3894,3899,73.970027
780,3899,3904,74.723052
781,3904,3909,75.080654
782,3909,3914,75.279271
783,3914,3919,74.336834
784,3919,3924,75.212144
785,3924,3929,74.560610
786,3929,3934,76.308680
787,3934,3939,74.778813
788,3939,3944,76.825965
789,3944,3949,76.319891
790,3949,3954,75.626912
791,3954,3959,76.025311
792,3959,3964,76.167266
793,3964,3969,75.654562
794,3969,3974,74.930395
795,3974,3979,76.654131
796,3979,3984,77.246284
797,3984,3989,75.685383
798,3989,3994,79.413453
799,3994,3999,78.438488
800,3999,4004,78.632989
801,4004,4009,78.549735
802,4009,4014,76.486901
803,4014,4019,76.130950
804,4019,4024,75.361375
805,4024,4029,75.436450
806,4029,4034,75.721945
807,4034,4039,75.805979
808,4039,4044,75.433696
809,4044,4049,75.523023
810,4049,4054,77.399427
811,4054,4059,76.340995
812,4059,4064,75.638899
813,4064,4069,75.143799
814,4069,4074,75.544191
815,4074,4079,76.265228
816,4079,4084,76.578325
817,4084,4089,75.471113
818,4089,4094,76.398025
819,4094,4099,74.898555
820,4099,4104,76.634556
821,4104,4109,75.975033
822,4109,4114,75.935966
823,4114,4119,75.455766
824,4119,4124,76.761190
825,4124,4129,75.847358
826,4129,4134,75.580089
827,4134,4139,74.176129
828,4139,4144,77.019875
829,4144,4149,75.595495
830,4149,4154,76.479015
831,4154,4159,76.121331
832,4159,4164,76.432580
833,4164,4169,75.303234
834,4169,4174,76.094814
835,4174,4179,76.756090
836,4179,4184,76.146403
837,4184,4189,75.321430
838,4189,4194,76.013538
839,4194,4199,75.398703
840,4199,4204,75.386721
841,4204,4209,74.398807
842,4209,4214,76.009385
843,4214,4219,76.295097
844,4219,4224,75.530642
845,4224,4229,74.766372
846,4229,4234,75.611106
847,4234,4239,75.379334
848,4239,4244,75.983284
849,4244,4249,76.063403
850,4249,4254,76.541769
851,4254,4259,76.517207
852,4259,4264,75.458084
853,4264,4269,77.448407
854,4269,4274,75.824889
855,4274,4279,75.294384
856,4279,4284,75.798200
857,4284,4289,73.603792
858,4289,4294,76.150348
859,4294,4299,77.108295
860,4299,4304,75.365948
861,4304,4309,77.027620
862,4309,4314,75.513580
863,4314,4319,76.555440
864,4319,4324,75.182625
865,4324,4329,75.720900
866,4329,4334,77.032597
867,4334,4339,75.059958
868,4339,4344,76.478598
869,4344,4349,75.595142
870,4349,4354,76.089818
871,4354,4359,75.727454
872,4359,4364,75.258565
873,4364,4369,75.914473
874,4369,4374,74.859669
875,4374,4379,75.078398
876,4379,4384,75.320207
877,4384,4389,75.590192
878,4389,4394,76.828586
879,4394,4399,75.953772
880,4399,4404,76.601717
881,4404,4409,76.822496
882,4409,4414,76.082186
883,4414,4419,75.875600
884,4419,4424,75.376301
885,4424,4429,75.656589
886,4429,4434,74.995994
887,4434,4439,75.565969
888,4439,4444,74.455532
889,4444,4449,74.711765
890,4449,4454,74.500374
891,4454,4459,75.694185
892,4459,4464,76.011011
893,4464,4469,74.787331
894,4469,4474,74.692775
895,4474,4479,74.510217
896,4479,4484,75.822138
897,4484,4489,74.630700
898,4489,4494,74.193344
899,4494,4499,75.356643
900,4499,4504,75.727433
901,4504,4509,75.824543
902,4509,4514,75.094790
903,4514,4519,75.748516
904,4519,4524,75.807720
905,4524,4529,75.302162
906,4529,4534,74.487889
907,4534,4539,75.816499
908,4539,4544,75.966231
909,4544,4549,75.420476
910,4549,4554,75.173883
911,4554,4559,75.033614
912,4559,4564,75.656226
913,4564,4569,76.123412
914,4569,4574,75.350234
915,4574,4579,75.240270
916,4579,4584,74.513999
917,4584,4589,74.951585
918,4589,4594,76.028223
919,4594,4599,74.826327
920,4599,4604,75.588618
921,4604,4609,75.194896
922,4609,4614,76.714310
923,4614,4619,75.830762
924,4619,4624,75.230417
925,4624,4629,75.481476
926,4629,4634,75.605557
927,4634,4639,75.024653
928,4639,4644,74.907852
929,4644,4649,76.626057
930,4649,4654,76.058730
931,4654,4659,75.000268
932,4659,4664,76.115185
933,4664,4669,74.498290
934,4669,4674,75.477029
935,4674,4679,74.777928
936,4679,4684,75.680589
937,4684,4689,76.656381
938,4689,4694,74.078794
939,4694,4699,75.021152
940,4699,4704,74.142871
941,4704,4709,75.608170
942,4709,4714,76.483115
943,4714,4719,75.091130
944,4719,4724,77.280292
945,4724,4729,77.600330
946,4729,4734,78.170144
947,4734,4739,78.340909
948,4739,4744,77.269888
949,4744,4749,75.222274
950,4749,4754,76.203357
951,4754,4759,76.195349
952,4759,4764,74.836506
953,4764,4769,75.442919
954,4769,4774,75.488830
955,4774,4779,75.386821
956,4779,4784,75.884198
957,4784,4789,76.340727
958,4789,4794,77.492866
959,4794,4799,78.720237
960,4799,4804,78.330872
961,4804,4809,76.964675
962,4809,4814,79.269674
963,4814,4819,76.889476
964,4819,4824,77.569149
965,4824,4829,77.242936
966,4829,4834,76.345512
967,4834,4839,76.764872
968,4839,4844,78.715208
969,4844,4849,77.697255
970,4849,4854,76.186105
971,4854,4859,75.161939
972,4859,4864,73.922334
973,4864,4869,73.544953
974,4869,4874,74.404858
975,4874,4879,75.302755
976,4879,4884,75.910021
977,4884,4889,74.414519
978,4889,4894,74.818951
979,4894,4899,74.927648
980,4899,4904,74.374007
981,4904,4909,76.134291
982,4909,4914,75.164428
983,4914,4919,74.521863
984,4919,4924,75.879905
985,4924,4929,74.686592
986,4929,4934,76.145942
987,4934,4939,75.242528
988,4939,4944,75.242306
989,4944,4949,76.690449
990,4949,4954,74.491031
991,4954,4959,74.538365
992,4959,4964,76.914725
993,4964,4969,75.884914
994,4969,4974,75.845040
995,4974,4979,75.176643
996,4979,4984,75.917177
997,4984,4989,76.863501
998,4989,4994,75.294459
999,4994,4999,74.431666
1000,4999,5004,76.375582
1001,5004,5009,75.732575
1002,5009,5014,74.685115
1003,5014,5019,75.949174
1004,5019,5024,74.669957
1005,5024,5029,76.306448
1006,5029,5034,74.247312
1007,5034,5039,75.810499
1008,5039,5044,76.381698
1009,5044,5049,76.704444
1010,5049,5054,85.762429
1011,5054,5059,81.341718
1012,5059,5064,87.751768
1013,5064,5069,81.353511
1014,5069,5074,81.263139
1015,5074,5079,83.349393
1016,5079,5084,80.719810
1017,5084,5089,85.491968
1018,5089,5094,85.869895
1019,5094,5099,93.456723
1020,5099,5104,85.007906
1021,5104,5109,92.850278
1022,5109,5114,86.432970
1023,5114,5119,81.673290
1024,5119,5124,88.753023
1025,5124,5129,84.292700
1026,5129,5134,80.741810
1027,5134,5139,89.257717
1028,5139,5144,97.922003
1029,5144,5149,131.443174
1030,5149,5154,93.968832
1031,5154,5159,94.237792
1032,5159,5164,86.548583
1033,5164,5169,85.141217
1034,5169,5174,81.372841
1035,5174,5179,78.001977
1036,5179,5184,79.843645
1037,5184,5189,77.483491
1038,5189,5194,74.059791
1039,5194,5199,76.819903
1040,5199,5204,75.987700
1041,5204,5209,73.966758
1042,5209,5214,76.186731
1043,5214,5219,75.072881
1044,5219,5224,77.132474
1045,5224,5229,77.148314
1046,5229,5234,75.711503
1047,5234,5239,76.969814
1048,5239,5244,75.964388
1049,5244,5249,75.425580
1050,5249,5254,74.899190
1051,5254,5259,76.105031
1052,5259,5264,74.937299
1053,5264,5269,76.711998
1054,5269,5274,75.097512
1055,5274,5279,75.842608
1056,5279,5284,76.025773
1057,5284,5289,75.158465
1058,5289,5294,74.548068
1059,5294,5299,76.225991
1060,5299,5304,75.820386
1061,5304,5309,77.740083
1062,5309,5314,76.516071
1063,5314,5319,74.704732
1064,5319,5324,75.357810
1065,5324,5329,75.664132
1066,5329,5334,74.268689
1067,5334,5339,76.602094
1068,5339,5344,73.893739
1069,5344,5349,75.297259
1070,5349,5354,75.220465
1071,5354,5359,77.401312
1072,5359,5364,74.038200
1073,5364,5369,76.444988
1074,5369,5374,75.408891
1075,5374,5379,74.996501
1076,5379,5384,74.617306
1077,5384,5389,73.995810
1078,5389,5394,76.216286
1079,5394,5399,75.325721
1080,5399,5404,75.962995
1081,5404,5409,74.933710
1082,5409,5414,75.229036
1083,5414,5419,73.906913
1084,5419,5424,76.722187
1085,5424,5429,75.953534
1086,5429,5434,74.454168
1087,5434,5439,74.831047
1088,5439,5444,74.545076
1089,5444,5449,76.345179
1090,5449,5454,74.767691
1091,5454,5459,74.047322
1092,5459,5464,77.514269
1093,5464,5469,75.422335
1094,5469,5474,75.067719
1095,5474,5479,76.987066
1096,5479,5484,73.927276
1097,5484,5489,75.248166
1098,5489,5494,76.237941
1099,5494,5499,75.624807
1100,5499,5504,75.024733
1101,5504,5509,76.613611
1102,5509,5514,74.609154
1103,5514,5519,75.080130
1104,5519,5524,74.692769
1105,5524,5529,74.551726
1106,5529,5534,77.163146
1107,5534,5539,75.110062
1108,5539,5544,75.338036
1109,5544,5549,76.629499
1110,5549,5554,74.886886
1111,5554,5559,74.826899
1112,5559,5564,76.509535
1113,5564,5569,74.073595
1114,5569,5574,75.414533
1115,5574,5579,76.572382
1116,5579,5584,74.492620
1117,5584,5589,76.351186
1118,5589,5594,75.076215
1119,5594,5599,76.138053
1120,5599,5604,76.976465
1121,5604,5609,74.627753
1122,5609,5614,74.695725
1123,5614,5619,77.381929
1124,5619,5624,75.321280
1125,5624,5629,73.754200
1126,5629,5634,77.286286
1127,5634,5639,75.261973
1128,5639,5644,73.797581
1129,5644,5649,76.242424
1130,5649,5654,75.078486
1131,5654,5659,73.829190
1132,5659,5664,75.583843
1133,5664,5669,74.928187
1134,5669,5674,76.227802
1135,5674,5679,74.770537
1136,5679,5684,76.400862
1137,5684,5689,76.849981
1138,5689,5694,73.362261
1139,5694,5699,75.411806
1140,5699,5704,76.570753
1141,5704,5709,74.778994
1142,5709,5714,73.694812
1143,5714,5719,78.266526
1144,5719,5724,74.649397
1145,5724,5729,74.993854
1146,5729,5734,77.631754
1147,5734,5739,73.324965
1148,5739,5744,74.634930
1149,5744,5749,75.788915
1150,5749,5754,74.628906
1151,5754,5759,74.820625
1152,5759,5764,76.310769
1153,5764,5769,75.394719
1154,5769,5774,74.846388
1155,5774,5779,75.320021
1156,5779,5784,74.323610
1157,5784,5789,77.351298
1158,5789,5794,74.971282
1159,5794,5799,73.836210
1160,5799,5804,77.070582
1161,5804,5809,75.525111
1162,5809,5814,74.733069
1163,5814,5819,76.675874
1164,5819,5824,75.022464
1165,5824,5829,75.456714
1166,5829,5834,76.070632
1167,5834,5839,75.056653
1168,5839,5844,76.513141
1169,5844,5849,75.570100
1170,5849,5854,74.142177
1171,5854,5859,75.744323
1172,5859,5864,76.500134
1173,5864,5869,75.422273
1174,5869,5874,75.160141
1175,5874,5879,76.604847
1176,5879,5884,76.068849
1177,5884,5889,74.642292
1178,5889,5894,76.903267
1179,5894,5899,75.335819
1180,5899,5904,75.651344
1181,5904,5909,77.678204
1182,5909,5914,75.409709
1183,5914,5919,74.798382
1184,5919,5924,85.532052
1185,5924,5929,79.632435
1186,5929,5934,76.919798
1187,5934,5939,78.295206
1188,5939,5944,78.788407
1189,5944,5949,78.456941
1190,5949,5954,77.274145
1191,5954,5959,77.236832
1192,5959,5964,73.928749
1193,5964,5969,78.262639
1194,5969,5974,75.382021
1195,5974,5979,74.598868
1196,5979,5984,76.128569
1197,5984,5989,75.986846
1198,5989,5994,75.834528
1199,5994,5999,75.936082
1200,5999,6004,74.899587
1201,6004,6009,72.944735
1202,6009,6014,76.396837
1203,6014,6019,74.306465
1204,6019,6024,76.558569
1205,6024,6029,76.309822
1206,6029,6034,76.693044
1207,6034,6039,75.142356
1208,6039,6044,76.202517
1209,6044,6049,74.919121
1210,6049,6054,75.591332
1211,6054,6059,75.798811
1212,6059,6064,75.369694
1213,6064,6069,75.204884
1214,6069,6074,75.966006
1215,6074,6079,74.947731
1216,6079,6084,76.389990
1217,6084,6089,75.757142
1218,6089,6094,76.234332
1219,6094,6099,75.652038
1220,6099,6104,76.709582
1221,6104,6109,75.671779
1222,6109,6114,73.694363
1223,6114,6119,76.134236
1224,6119,6124,75.222700
1225,6124,6129,74.318843
1226,6129,6134,76.947980
1227,6134,6139,75.323567
1228,6139,6144,74.482193
1229,6144,6149,76.258502
1230,6149,6154,74.449838
1231,6154,6159,76.046381
1232,6159,6164,75.119574
1233,6164,6169,74.053642
1234,6169,6174,77.031059
1235,6174,6179,74.768597
1236,6179,6184,75.685818
1237,6184,6189,77.857011
1238,6189,6194,77.216199
1239,6194,6199,74.834687
1240,6199,6204,75.367378
1241,6204,6209,77.042891
1242,6209,6214,74.587297
1243,6214,6219,73.863680
1244,6219,6224,75.783801
1245,6224,6229,74.565421
1246,6229,6234,76.607584
1247,6234,6239,74.844319
1248,6239,6244,75.717645
1249,6244,6249,74.979091
1250,6249,6254,76.096794
1251,6254,6259,74.594115
1252,6259,6264,76.652102
1253,6264,6269,73.481062
1254,6269,6274,73.666588
1255,6274,6279,77.436554
1256,6279,6284,75.650383
1257,6284,6289,74.368557
1258,6289,6294,76.695472
1259,6294,6299,76.584972
1260,6299,6304,75.215495
1261,6304,6309,74.969687
1262,6309,6314,77.108503
1263,6314,6319,73.732556
1264,6319,6324,76.628774
1265,6324,6329,74.656898
1266,6329,6334,75.050516
1267,6334,6339,75.235746
1268,6339,6344,76.696290
1269,6344,6349,74.682196
1270,6349,6354,75.677783
1271,6354,6359,77.774137
1272,6359,6364,74.776110
1273,6364,6369,74.552721
1274,6369,6374,77.060663
1275,6374,6379,76.857058
1276,6379,6384,76.498335
1277,6384,6389,76.257986
1278,6389,6394,75.686146
1279,6394,6399,75.733566
1280,6399,6404,76.837757
1281,6404,6409,75.507753
1282,6409,6414,75.547109
1283,6414,6419,75.898289
1284,6419,6424,76.724486
1285,6424,6429,73.390207
1286,6429,6434,77.090309
1287,6434,6439,75.159751
1288,6439,6444,74.998398
1289,6444,6449,74.578685
1290,6449,6454,78.472152
1291,6454,6459,76.036092
1292,6459,6464,73.606837
1293,6464,6469,77.230336
1294,6469,6474,74.673712
1295,6474,6479,74.843848
1296,6479,6484,76.018679
1297,6484,6489,73.875862
1298,6489,6494,75.958704
1299,6494,6499,93.330316
1300,6499,6504,105.157149
1301,6504,6509,104.200671
1302,6509,6514,90.489234
1303,6514,6519,77.832675
1304,6519,6524,75.858088
1305,6524,6529,76.309359
1306,6529,6534,77.314441
1307,6534,6539,75.117464
1308,6539,6544,73.683461
1309,6544,6549,75.909453
1310,6549,6554,74.618324
1311,6554,6559,74.599725
1312,6559,6564,75.775579
1313,6564,6569,74.720777
1314,6569,6574,74.963227
1315,6574,6579,75.509954
1316,6579,6584,74.190201
1317,6584,6589,75.482374
1318,6589,6594,76.596566
1319,6594,6599,74.573286
1320,6599,6604,75.056929
1321,6604,6609,75.663610
1322,6609,6614,75.471772
1323,6614,6619,73.405889
1324,6619,6624,76.389515
1325,6624,6629,75.138879
1326,6629,6634,74.488985
1327,6634,6639,76.877188
1328,6639,6644,75.062157
1329,6644,6649,76.031789
1330,6649,6654,76.872756
1331,6654,6659,75.114387
1332,6659,6664,73.743593
1333,6664,6669,77.412777
1334,6669,6674,74.257899
1335,6674,6679,74.520959
1336,6679,6684,75.456625
1337,6684,6689,74.477037
1338,6689,6694,74.859534
1339,6694,6699,75.920468
1340,6699,6704,76.252420
1341,6704,6709,75.081289
1342,6709,6714,76.938366
1343,6714,6719,75.075431
1344,6719,6724,73.863913
1345,6724,6729,76.020764
1346,6729,6734,77.086823
1347,6734,6739,74.893654
1348,6739,6744,74.331836
1349,6744,6749,77.277290
1350,6749,6754,75.786441
1351,6754,6759,74.244093
1352,6759,6764,79.247894
1353,6764,6769,76.362471
1354,6769,6774,75.481449
1355,6774,6779,74.645751
1356,6779,6784,76.216833
1357,6784,6789,74.974720
1358,6789,6794,75.802113
1359,6794,6799,76.753853
1360,6799,6804,74.892452
1361,6804,6809,76.061598
1362,6809,6814,76.671936
1363,6814,6819,74.686847
1364,6819,6824,74.615789
1365,6824,6829,76.544785
1366,6829,6834,73.913112
1367,6834,6839,74.478427
1368,6839,6844,76.489443
1369,6844,6849,75.927807
1370,6849,6854,75.502062
1371,6854,6859,76.575099
1372,6859,6864,75.563360
1373,6864,6869,74.385827
1374,6869,6874,76.040170
1375,6874,6879,75.479141
1376,6879,6884,74.947462
1377,6884,6889,74.609404
1378,6889,6894,77.020986
1379,6894,6899,74.960994
1380,6899,6904,75.775291
1381,6904,6909,76.696161
1382,6909,6914,75.653589
1383,6914,6919,75.886396
1384,6919,6924,77.932490
1385,6924,6929,73.884430
1386,6929,6934,74.543529
1387,6934,6939,76.775773
1388,6939,6944,73.895878
1389,6944,6949,74.628592
1390,6949,6954,75.468016
1391,6954,6959,74.051085
1392,6959,6964,74.099171
1393,6964,6969,76.405027
1394,6969,6974,76.819617
1395,6974,6979,96.839192
1396,6979,6984,104.733577
1397,6984,6989,99.104262
1398,6989,6994,84.308337
1399,6994,6999,75.949699
1400,6999,7004,78.568855
1401,7004,7009,75.984536
1402,7009,7014,76.074095
1403,7014,7019,77.441081
1404,7019,7024,75.004792
1405,7024,7029,74.757629
1406,7029,7034,75.643950
1407,7034,7039,77.304343
1408,7039,7044,75.281901
1409,7044,7049,74.701597
1410,7049,7054,76.728388
1411,7054,7059,75.323386
1412,7059,7064,75.487503
1413,7064,7069,76.554362
1414,7069,7074,74.022578
1415,7074,7079,73.908688
1416,7079,7084,77.391659
1417,7084,7089,73.642077
1418,7089,7094,73.028898
1419,7094,7099,75.593214
1420,7099,7104,74.370764
1421,7104,7109,74.693043
1422,7109,7114,75.945786
1423,7114,7119,73.817863
1424,7119,7124,74.988431
1425,7124,7129,76.810831
1426,7129,7134,73.230786
1427,7134,7139,74.635639
1428,7139,7144,76.748830
1429,7144,7149,74.764731
1430,7149,7154,74.864080
1431,7154,7159,76.907118
1432,7159,7164,73.980799
1433,7164,7169,75.278481
1434,7169,7174,76.781081
1435,7174,7179,74.811433
1436,7179,7184,73.872856
1437,7184,7189,76.982926
1438,7189,7194,77.379969
1439,7194,7199,74.433219
1440,7199,7204,75.960268
1441,7204,7209,76.937297
1442,7209,7214,74.946599
1443,7214,7219,74.070375
1444,7219,7224,76.803387
1445,7224,7229,75.782302
1446,7229,7234,73.979275
1447,7234,7239,75.671086
1448,7239,7244,74.708416
1449,7244,7249,75.486340
1450,7249,7254,77.526910
1451,7254,7259,74.341110
1452,7259,7264,74.948501
1453,7264,7269,74.638353
1454,7269,7274,76.940482
1455,7274,7279,75.329919
1456,7279,7284,74.628345
1457,7284,7289,76.265798
1458,7289,7294,75.469191
1459,7294,7299,74.909385
1460,7299,7304,76.878030
1461,7304,7309,75.316861
1462,7309,7314,86.460637
1463,7314,7319,85.756356
1464,7319,7324,77.679692
1465,7324,7329,77.160455
1466,7329,7334,78.170453
1467,7334,7339,77.525669
1468,7339,7344,74.466978
1469,7344,7349,75.233365
1470,7349,7354,76.867157
1471,7354,7359,75.425910
1472,7359,7364,75.651440
1473,7364,7369,77.586914
1474,7369,7374,78.093485
1475,7374,7379,76.520495
1476,7379,7384,74.789005
1477,7384,7389,76.863745
1478,7389,7394,73.478801
1479,7394,7399,75.387606
1480,7399,7404,76.499580
1481,7404,7409,75.430579
1482,7409,7414,75.399831
1483,7414,7419,75.552577
1484,7419,7424,76.919495
1485,7424,7429,74.762634
1486,7429,7434,72.530826
1487,7434,7439,77.312142
1488,7439,7444,75.610677
1489,7444,7449,73.497758
1490,7449,7454,75.980153
1491,7454,7459,74.745791
1492,7459,7464,74.343991
1493,7464,7469,76.937268
1494,7469,7474,75.800557
1495,7474,7479,74.049132
1496,7479,7484,76.638195
1497,7484,7489,74.318949
1498,7489,7494,75.416233
1499,7494,7499,75.032386
1500,7499,7504,75.685965
1501,7504,7509,74.420823
1502,7509,7514,74.550131
1503,7514,7519,77.740907
1504,7519,7524,75.451047
1505,7524,7529,73.416892
1506,7529,7534,77.720710
1507,7534,7539,73.366429
1508,7539,7544,74.856476
1509,7544,7549,75.509818
1510,7549,7554,74.891616
1511,7554,7559,75.355056
1512,7559,7564,76.447678
1513,7564,7569,75.601470
1514,7569,7574,75.361639
1515,7574,7579,75.435721
1516,7579,7584,77.852667
1517,7584,7589,75.113036
1518,7589,7594,72.957668
1519,7594,7599,77.316806
1520,7599,7604,73.918259
1521,7604,7609,75.315877
1522,7609,7614,76.460480
1523,7614,7619,74.802135
1524,7619,7624,75.840906
1525,7624,7629,77.367089
1526,7629,7634,74.911197
1527,7634,7639,73.853205
1528,7639,7644,74.809768
1529,7644,7649,76.044676
1530,7649,7654,74.149559
1531,7654,7659,75.784037
1532,7659,7664,77.640101
1533,7664,7669,74.114669
1534,7669,7674,73.669779
1535,7674,7679,76.863014
1536,7679,7684,74.032872
1537,7684,7689,74.229781
1538,7689,7694,77.512414
1539,7694,7699,74.736336
1540,7699,7704,74.588415
1541,7704,7709,76.517905
1542,7709,7714,74.355659
1543,7714,7719,74.029340
1544,7719,7724,75.751687
1545,7724,7729,74.805100
1546,7729,7734,74.709773
1547,7734,7739,74.589430
1548,7739,7744,78.068640
1549,7744,7749,74.780040
1550,7749,7754,73.985126
1551,7754,7759,76.974939
1552,7759,7764,76.427832
1553,7764,7769,75.177671
1554,7769,7774,74.352788
1555,7774,7779,76.052199
1556,7779,7784,74.054163
1557,7784,7789,76.024383
1558,7789,7794,76.800434
1559,7794,7799,75.382162
1560,7799,7804,74.894172
1561,7804,7809,77.828151
1562,7809,7814,75.136507
1563,7814,7819,74.531135
1564,7819,7824,75.317538
1565,7824,7829,76.428633
1566,7829,7834,76.343614
1567,7834,7839,76.014438
1568,7839,7844,77.762135
1569,7844,7849,75.260572
1570,7849,7854,74.722295
1571,7854,7859,73.940001
1572,7859,7864,76.932397
1573,7864,7869,74.719412
1574,7869,7874,74.646929
1575,7874,7879,77.062358
1576,7879,7884,75.642957
1577,7884,7889,74.306313
1578,7889,7894,78.036654
1579,7894,7899,75.152432
1580,7899,7904,73.898384
1581,7904,7909,74.460999
1582,7909,7914,77.874901
1583,7914,7919,75.265886
1584,7919,7924,73.840179
1585,7924,7929,76.994493
1586,7929,7934,74.095866
1587,7934,7939,74.209162
1588,7939,7944,76.350305
1589,7944,7949,73.600087
1590,7949,7954,75.483746
1591,7954,7959,75.968325
1592,7959,7964,74.199642
1593,7964,7969,74.397331
1594,7969,7974,76.129833
1595,7974,7979,76.483380
1596,7979,7984,75.007731
1597,7984,7989,75.726719
1598,7989,7994,76.942099
1599,7994,7999,75.671170
1600,7999,8004,75.046093
1601,8004,8009,77.251926
1602,8009,8014,76.016280
1603,8014,8019,76.897119
1604,8019,8024,73.725401
1605,8024,8029,77.474099
1606,8029,8034,74.623892
1607,8034,8039,75.366679
1608,8039,8044,75.124402
1609,8044,8049,77.403503
1610,8049,8054,75.567825
1611,8054,8059,75.050646
1612,8059,8064,76.957067
1613,8064,8069,75.607065
1614,8069,8074,74.521406
1615,8074,8079,75.453286
1616,8079,8084,79.543401
1617,8084,8089,74.774544
1618,8089,8094,75.983542
1619,8094,8099,77.717514
1620,8099,8104,75.886736
1621,8104,8109,75.325262
1622,8109,8114,76.216255
1623,8114,8119,78.106916
1624,8119,8124,74.706163
1625,8124,8129,75.518122
1626,8129,8134,73.271788
1627,8134,8139,75.467973
1628,8139,8144,74.906392
1629,8144,8149,74.172539
1630,8149,8154,76.661465
1631,8154,8159,74.531609
1632,8159,8164,74.745379
1633,8164,8169,77.359331
1634,8169,8174,76.083598
1635,8174,8179,74.617146
1636,8179,8184,75.992316
1637,8184,8189,78.014911
1638,8189,8194,76.396472
1639,8194,8199,73.595700
1640,8199,8204,76.660792
1641,8204,8209,74.952938
1642,8209,8214,74.592540
1643,8214,8219,75.387352
1644,8219,8224,76.099514
1645,8224,8229,74.162307
1646,8229,8234,73.804801
1647,8234,8239,75.342835
1648,8239,8244,73.105456
1649,8244,8249,73.756684
1650,8249,8254,75.915257
1651,8254,8259,74.565097
1652,8259,8264,74.708880
1653,8264,8269,76.491658
1654,8269,8274,75.702988
1655,8274,8279,73.723406
1656,8279,8284,76.584510
1657,8284,8289,74.742369
1658,8289,8294,75.259655
1659,8294,8299,76.238050
1660,8299,8304,78.988042
1661,8304,8309,76.008465
1662,8309,8314,75.012636
1663,8314,8319,75.552492
1664,8319,8324,77.015412
1665,8324,8329,75.232534
1666,8329,8334,75.289011
1667,8334,8339,75.483802
1668,8339,8344,77.025622
1669,8344,8349,75.181928
1670,8349,8354,75.021218
1671,8354,8359,77.742438
1672,8359,8364,75.719599
1673,8364,8369,74.422377
1674,8369,8374,74.632890
1675,8374,8379,75.864784
1676,8379,8384,74.503829
1677,8384,8389,89.031147
1678,8389,8394,80.785530
1679,8394,8399,80.122212
1680,8399,8404,83.801173
1681,8404,8409,81.872900
1682,8409,8414,96.224431
1683,8414,8419,92.885701
1684,8419,8424,85.822868
1685,8424,8429,77.115121
1686,8429,8434,84.180434
1687,8434,8439,85.032392
1688,8439,8444,86.522268
1689,8444,8449,82.994438
1690,8449,8454,93.338121
1691,8454,8459,84.406397
1692,8459,8464,88.353021
1693,8464,8469,90.474643
1694,8469,8474,89.273469
1695,8474,8479,85.662727
1696,8479,8484,92.763483
1697,8484,8489,96.574645
1698,8489,8494,94.138621
1699,8494,8499,86.797678
1700,8499,8504,90.641511
1701,8504,8509,89.752230
1702,8509,8514,96.955569
1703,8514,8519,108.806924
1704,8519,8524,81.978712
1705,8524,8529,81.191322
1706,8529,8534,81.636479
1707,8534,8539,87.416682
1708,8539,8544,88.869650
1709,8544,8549,89.944171
1710,8549,8554,93.070748
1711,8554,8559,97.084910
1712,8559,8564,92.101372
1713,8564,8569,96.680818
1714,8569,8574,90.570317
1715,8574,8579,89.182146
1716,8579,8584,85.870635
1717,8584,8589,91.088702
1718,8589,8594,79.767853
1719,8594,8599,78.742759
1720,8599,8604,78.932352
1721,8604,8609,77.744818
1722,8609,8614,78.372666
1723,8614,8619,79.468005
1724,8619,8624,75.603407
1725,8624,8629,76.344745
1726,8629,8634,74.979761
1727,8634,8639,74.118729
1728,8639,8644,76.990221
1729,8644,8649,74.377212
1730,8649,8654,75.805068
1731,8654,8659,74.569524
1732,8659,8664,77.342494
1733,8664,8669,74.841105
1734,8669,8674,75.286207
1735,8674,8679,74.393372
1736,8679,8684,76.980535
1737,8684,8689,74.755608
1738,8689,8694,74.936688
1739,8694,8699,75.614689
1740,8699,8704,77.601974
1741,8704,8709,75.225970
1742,8709,8714,75.474196
1743,8714,8719,76.794018
1744,8719,8724,73.945377
1745,8724,8729,74.973733
1746,8729,8734,74.472524
1747,8734,8739,77.793964
1748,8739,8744,74.369664
1749,8744,8749,74.944318
1750,8749,8754,76.074454
1751,8754,8759,76.943129
1752,8759,8764,75.107121
1753,8764,8769,73.494437
1754,8769,8774,76.639541
1755,8774,8779,73.733135
1756,8779,8784,73.572482
1757,8784,8789,77.487062
1758,8789,8794,74.276284
1759,8794,8799,74.810305
1760,8799,8804,75.073301
1761,8804,8809,76.151649
1762,8809,8814,73.473484
1763,8814,8819,74.336215
1764,8819,8824,75.748079
1765,8824,8829,74.614311
1766,8829,8834,75.090634
1767,8834,8839,74.556204
1768,8839,8844,77.097584
1769,8844,8849,74.248281
1770,8849,8854,74.475498
1771,8854,8859,76.530041
1772,8859,8864,74.193596
1773,8864,8869,75.471973
1774,8869,8874,74.794459
1775,8874,8879,78.162709
1776,8879,8884,75.440048
1777,8884,8889,74.413726
1778,8889,8894,75.271513
1779,8894,8899,76.689829
1780,8899,8904,74.939133
1781,8904,8909,77.752710
1782,8909,8914,77.172692
1783,8914,8919,80.024446
1784,8919,8924,76.689830
1785,8924,8929,74.672732
1786,8929,8934,75.705364
1787,8934,8939,75.160952
1788,8939,8944,77.685390
1789,8944,8949,75.267053
1790,8949,8954,75.556527
1791,8954,8959,75.786947
1792,8959,8964,77.263408
1793,8964,8969,75.295475
1794,8969,8974,75.226730
1795,8974,8979,76.206050
1796,8979,8984,75.542704
1797,8984,8989,75.027193
1798,8989,8994,74.837947
1799,8994,8999,77.558053
1800,8999,9004,73.932457
1801,9004,9009,74.833394
1802,9009,9014,74.373559
1803,9014,9019,77.288619
1804,9019,9024,75.428192
1805,9024,9029,73.990082
1806,9029,9034,74.622362
1807,9034,9039,78.115736
1808,9039,9044,75.754944
1809,9044,9049,74.379631
1810,9049,9054,75.660699
1811,9054,9059,75.628562
1812,9059,9064,75.273669
1813,9064,9069,74.050693
1814,9069,9074,76.266479
1815,9074,9079,73.786390
1816,9079,9084,75.550837
1817,9084,9089,74.812636
1818,9089,9094,78.227619
1819,9094,9099,74.227344
1820,9099,9104,75.061107
1821,9104,9109,75.436927
1822,9109,9114,76.767346
1823,9114,9119,74.014477
1824,9119,9124,76.224852
1825,9124,9129,75.151327
1826,9129,9134,76.730896
1827,9134,9139,74.610085
1828,9139,9144,75.869068
1829,9144,9149,77.273298
1830,9149,9154,76.061981
1831,9154,9159,75.541936
1832,9159,9164,73.861234
1833,9164,9169,77.531748
1834,9169,9174,74.303155
1835,9174,9179,75.197600
1836,9179,9184,75.306469
1837,9184,9189,77.697593
1838,9189,9194,74.220373
1839,9194,9199,76.386163
1840,9199,9204,75.910987
1841,9204,9209,78.241080
1842,9209,9214,74.856771
1843,9214,9219,74.726932
1844,9219,9224,76.906904
1845,9224,9229,77.315183
1846,9229,9234,75.935375
1847,9234,9239,74.848143
1848,9239,9244,74.539066
1849,9244,9249,77.926631
1850,9249,9254,75.857778
1851,9254,9259,74.048301
1852,9259,9264,75.719857
1853,9264,9269,77.665116
1854,9269,9274,74.886767
1855,9274,9279,75.194890
1856,9279,9284,74.366259
1857,9284,9289,77.759574
1858,9289,9294,76.765230
1859,9294,9299,74.707234
1860,9299,9304,74.643866
1861,9304,9309,77.249100
1862,9309,9314,75.431971
1863,9314,9319,76.730218
1864,9319,9324,74.194813
1865,9324,9329,76.153968
1866,9329,9334,74.726893
1867,9334,9339,75.405407
1868,9339,9344,74.754171
1869,9344,9349,77.654295
1870,9349,9354,74.208735
1871,9354,9359,74.579388
1872,9359,9364,74.886440
1873,9364,9369,76.029180
1874,9369,9374,72.750471
1875,9374,9379,74.320511
1876,9379,9384,75.128898
1877,9384,9389,75.410575
1878,9389,9394,73.741718
1879,9394,9399,75.195253
1880,9399,9404,77.405218
1881,9404,9409,74.326718
1882,9409,9414,75.195315
1883,9414,9419,74.563947
1884,9419,9424,77.785772
1885,9424,9429,75.283751
1886,9429,9434,74.466801
1887,9434,9439,74.842085
1888,9439,9444,77.827801
1889,9444,9449,75.048229
1890,9449,9454,73.657249
1891,9454,9459,74.480457
1892,9459,9464,77.240482
1893,9464,9469,75.616333
1894,9469,9474,75.573005
1895,9474,9479,75.870962
1896,9479,9484,77.336534
1897,9484,9489,74.502710
1898,9489,9494,74.834276
1899,9494,9499,74.028442
1900,9499,9504,76.150645
1901,9504,9509,76.011250
1902,9509,9514,74.280000
1903,9514,9519,75.543585
1904,9519,9524,78.277195
1905,9524,9529,73.589850
1906,9529,9534,74.613297
1907,9534,9539,75.188142
1908,9539,9544,76.188596
1909,9544,9549,74.390170
1910,9549,9554,75.327316
1911,9554,9559,75.374566
1912,9559,9564,77.934168
1913,9564,9569,74.406201
1914,9569,9574,74.905602
1915,9574,9579,74.953843
1916,9579,9584,77.841000
1917,9584,9589,74.628900
1918,9589,9594,74.626011
1919,9594,9599,75.065235
1920,9599,9604,77.940118
1921,9604,9609,74.476781
1922,9609,9614,74.503261
1923,9614,9619,73.737208
1924,9619,9624,76.545770
1925,9624,9629,74.495952
1926,9629,9634,72.744231
1927,9634,9639,74.888628
1928,9639,9644,78.911251
1929,9644,9649,74.680278
1930,9649,9654,74.979541
1931,9654,9659,72.962028
1932,9659,9664,77.051879
1933,9664,9669,74.433486
1934,9669,9674,74.483376
1935,9674,9679,74.928412
1936,9679,9684,77.532937
1937,9684,9689,73.647181
1938,9689,9694,73.871278
1939,9694,9699,74.310769
1940,9699,9704,77.241184
1941,9704,9709,73.789334
1942,9709,9714,75.253733
1943,9714,9719,74.381169
1944,9719,9724,77.658677
1945,9724,9729,73.608784
1946,9729,9734,75.442150
1947,9734,9739,74.902429
1948,9739,9744,76.611229
1949,9744,9749,72.830248
1950,9749,9754,74.214324
1951,9754,9759,74.345740
1952,9759,9764,78.388068
1953,9764,9769,74.467208
1954,9769,9774,74.370375
1955,9774,9779,75.627780
1956,9779,9784,76.815390
1957,9784,9789,76.265129
1958,9789,9794,72.789222
1959,9794,9799,76.045542
1960,9799,9804,77.757858
1961,9804,9809,76.671837
1962,9809,9814,74.592364
1963,9814,9819,75.336473
1964,9819,9824,77.055971
1965,9824,9829,75.502782
1966,9829,9834,75.202328
1967,9834,9839,75.051612
1968,9839,9844,72.842760
1969,9844,9849,77.039960
1970,9849,9854,73.493550
1971,9854,9859,72.721450
1972,9859,9864,76.884414
1973,9864,9869,74.404318
1974,9869,9874,73.609108
1975,9874,9879,75.456083
1976,9879,9884,74.839730
1977,9884,9889,74.538277
1978,9889,9894,74.196048
1979,9894,9899,74.851896
1980,9899,9904,77.618982
1981,9904,9909,74.734337
1982,9909,9914,75.703311
1983,9914,9919,73.427124
1984,9919,9924,77.640659
1985,9924,9929,74.208948
1986,9929,9934,74.696288
1987,9934,9939,74.677417
1988,9939,9944,78.102856
1989,9944,9949,76.038823
1990,9949,9954,74.666149
1991,9954,9959,74.588855
1992,9959,9964,77.545711
1993,9964,9969,73.808393
1994,9969,9974,73.943275
1995,9974,9979,74.394032
1996,9979,9984,76.523889
1997,9984,9989,75.338194
1998,9989,9994,73.437329
1999,9994,9999,72.629913
2000,9999,10004,76.403132
2001,10004,10009,74.562397
2002,10009,10014,74.829516
2003,10014,10019,74.612075
2004,10019,10024,78.227768
2005,10024,10029,74.569657
2006,10029,10034,74.317262
2007,10034,10039,74.762060
2008,10039,10044,77.241582
2009,10044,10049,73.684168
2010,10049,10054,73.401638
2011,10054,10059,75.766409
2012,10059,10064,76.076076
2013,10064,10069,74.543041
2014,10069,10074,75.046920
2015,10074,10079,74.154595
2016,10079,10084,77.636779
2017,10084,10089,74.934706
2018,10089,10094,74.018546
2019,10094,10099,74.613450
2020,10099,10104,78.138079
2021,10104,10109,76.645164
2022,10109,10114,76.565881
2023,10114,10119,75.035611
2024,10119,10124,74.932388
2025,10124,10129,78.705915
2026,10129,10134,73.811056
2027,10134,10139,74.704953
2028,10139,10144,75.479266
2029,10144,10149,77.668623
2030,10149,10154,75.422245
2031,10154,10159,76.678595
2032,10159,10164,75.863372
2033,10164,10169,75.044686
2034,10169,10174,77.762991
2035,10174,10179,74.643852
2036,10179,10184,73.887884
2037,10184,10189,77.989333
2038,10189,10194,76.295345
2039,10194,10199,78.248763
2040,10199,10204,76.497751
2041,10204,10209,75.105379
2042,10209,10214,75.518140
2043,10214,10219,75.051762
2044,10219,10224,78.384752
2045,10224,10229,75.438333
2046,10229,10234,75.361690
2047,10234,10239,75.328092
2048,10239,10244,77.946608
2049,10244,10249,75.435567
2050,10249,10254,74.063327
2051,10254,10259,74.890434
2052,10259,10264,75.353952
2053,10264,10269,77.401391
2054,10269,10274,75.047053
2055,10274,10279,74.394316
2056,10279,10284,75.303896
2057,10284,10289,77.349230
2058,10289,10294,74.182994
2059,10294,10299,75.647709
2060,10299,10304,74.383124
2061,10304,10309,77.725735
2062,10309,10314,73.988611
2063,10314,10319,74.011368
2064,10319,10324,73.689705
2065,10324,10329,76.750034
2066,10329,10334,74.515022
2067,10334,10339,73.402227
2068,10339,10344,74.601150
2069,10344,10349,78.443453
2070,10349,10354,74.842826
2071,10354,10359,75.187099
2072,10359,10364,74.236571
2073,10364,10369,76.739833
2074,10369,10374,74.991199
2075,10374,10379,73.058795
2076,10379,10384,74.908152
2077,10384,10389,77.060859
2078,10389,10394,74.671855
2079,10394,10399,75.121272
2080,10399,10404,74.303065
2081,10404,10409,77.452388
2082,10409,10414,75.346765
2083,10414,10419,74.193779
2084,10419,10424,74.880480
2085,10424,10429,76.229947
2086,10429,10434,77.099517
2087,10434,10439,74.557475
2088,10439,10444,76.003291
2089,10444,10449,74.619946
2090,10449,10454,77.251518
2091,10454,10459,75.077547
2092,10459,10464,74.206525
2093,10464,10469,75.235602
2094,10469,10474,78.541497
2095,10474,10479,75.440225
2096,10479,10484,75.927948
